household_id,redcap_event_name,redcap_repeat_instrument,redcap_repeat_instance,collection_date_1a,collection_time_1a,collector,femalea_unfed,femalea_bloodfed,femalea_hg,femalea_gravid,femalea_ud,femalea_total,femalea_total_archived,male_anopheles,femalec_unfed,femalec_bloodfed,femalec_hg,femalec_gravid,femalec_ud,femalec_total,femalec_archive,male_culicine,notes_1a,form_enterer,date_entered_1a,formchecker,date_checked_1a,ento_form_1a_immediately_processed_summary_complete
K01,january_2020_arm_1,ento_form_1a_immediately_processed_summary,1,2020-01-20,,7,0,0,0,0,0,0,,0,0,0,9,4,0,13,,13,,3,2020-04-08,1,2020-04-08,2
K01,january_2020_arm_1,ento_form_1a_immediately_processed_summary,2,2020-01-27,,7,0,0,0,0,0,0,,0,3,0,5,7,0,15,,67,,3,2020-04-08,1,2020-04-08,1
K01,february_2020_arm_1,ento_form_1a_immediately_processed_summary,1,2020-02-03,,9,0,0,0,0,0,0,,0,2,2,12,4,0,20,,28,,3,2020-04-10,1,2020-04-10,1
K01,february_2020_arm_1,ento_form_1a_immediately_processed_summary,2,2020-02-17,,9,0,0,0,0,0,0,,0,3,2,5,6,2,18,,22,,3,2020-04-14,1,2020-04-14,1
K01,february_2020_arm_1,ento_form_1a_immediately_processed_summary,3,2020-02-24,,9,0,0,0,0,0,0,,0,0,3,2,2,0,7,,10,,3,2020-04-14,1,2020-04-14,1
K01,march_2020_arm_1,ento_form_1a_immediately_processed_summary,1,2020-03-02,,5,0,0,0,0,0,0,,0,1,3,13,5,0,22,,17,,3,2020-04-28,1,2020-04-28,1
K01,march_2020_arm_1,ento_form_1a_immediately_processed_summary,2,2020-03-16,,8,0,0,0,0,0,0,,0,2,3,8,6,1,20,,26,,3,2020-04-28,1,2020-04-28,1
K01,may_2020_arm_1,ento_form_1a_immediately_processed_summary,1,2020-05-29,,7,0,0,1,1,0,2,,3,15,21,22,16,0,74,,91,,3,2020-06-04,1,2020-06-04,1
K01,june_2020_arm_1,ento_form_1a_immediately_processed_summary,1,2020-06-15,,7,0,1,1,0,0,2,,0,15,41,131,42,0,229,,89,,3,2020-06-17,1,2020-06-17,1
K01,june_2020_arm_1,ento_form_1a_immediately_processed_summary,2,2020-06-22,,7,0,1,0,1,0,2,,1,16,18,26,28,0,88,,93,,3,2020-06-30,1,2020-06-30,1
K01,july_2020_arm_1,ento_form_1a_immediately_processed_summary,1,2020-07-06,,3,0,0,0,0,0,0,,0,2,4,4,2,0,12,,10,,3,2020-07-08,1,2020-07-08,1
K01,july_2020_arm_1,ento_form_1a_immediately_processed_summary,2,2020-07-20,,3,0,0,0,1,0,1,,0,1,0,5,1,0,7,,7,,3,2020-07-22,1,2020-07-22,1
K01,july_2020_arm_1,ento_form_1a_immediately_processed_summary,3,2020-07-27,,3,0,0,0,0,0,0,,0,1,0,0,1,0,2,,3,,3,2020-08-04,1,2020-08-04,1
K01,august_2020_arm_1,ento_form_1a_immediately_processed_summary,1,2020-08-17,,6,0,1,0,0,0,1,,0,5,0,5,1,0,11,,8,,3,2020-08-28,1,2020-08-28,2
K01,august_2020_arm_1,ento_form_1a_immediately_processed_summary,2,2020-08-24,,6,0,0,0,0,0,0,,2,1,0,4,0,0,5,,12,,3,2020-08-28,1,2020-08-28,2
K01,august_2020_arm_1,ento_form_1a_immediately_processed_summary,3,2020-08-31,,5,0,1,0,0,0,1,,0,0,0,0,2,0,2,,0,,3,2020-09-02,1,2020-09-02,2
K01,september_2020_arm_1,ento_form_1a_immediately_processed_summary,1,2020-09-14,,5,0,0,0,0,0,0,,0,3,2,3,2,0,10,,3,,5,2020-09-22,1,2020-09-22,2
K01,september_2020_arm_1,ento_form_1a_immediately_processed_summary,2,2020-09-21,,5,0,1,0,1,0,2,,2,19,11,9,13,0,52,,78,,5,2020-09-22,1,2020-09-22,2
K01,september_2020_arm_1,ento_form_1a_immediately_processed_summary,3,2020-09-21,,5,0,1,0,1,0,2,,2,19,11,9,13,0,52,,78,,5,2020-09-23,1,2020-09-23,2
K01,october_2020_arm_1,ento_form_1a_immediately_processed_summary,1,2020-10-05,,4,0,0,0,0,0,0,,1,7,3,12,7,0,29,,27,,3,2020-10-06,1,2020-10-06,2
K01,october_2020_arm_1,ento_form_1a_immediately_processed_summary,2,2020-10-19,,4,0,0,0,0,0,0,,2,17,25,10,14,1,67,,51,,4,2020-10-21,1,2020-10-21,2
K01,october_2020_arm_1,ento_form_1a_immediately_processed_summary,3,2020-10-26,,4,0,0,0,0,0,0,,1,87,26,32,28,2,175,,167,,5,2020-10-27,1,2020-10-27,2
K01,november_2020_arm_1,ento_form_1a_immediately_processed_summary,1,2020-11-02,,9,1,0,0,0,0,1,,2,50,20,24,26,0,120,,170,,4,2020-11-03,1,2020-11-03,2
K01,november_2020_arm_1,ento_form_1a_immediately_processed_summary,2,2020-11-16,,9,0,1,0,0,0,1,,0,26,14,12,16,0,68,,204,,3,2020-11-16,1,2020-11-16,2
K01,november_2020_arm_1,ento_form_1a_immediately_processed_summary,3,2020-11-23,,9,0,0,0,0,0,0,,0,22,10,3,16,4,55,,108,,5,2020-11-25,1,2020-11-25,2
K01,november_2020_arm_1,ento_form_1a_immediately_processed_summary,4,2020-11-30,,8,0,0,0,0,0,0,,0,11,0,14,12,0,37,,57,,3,2020-11-30,1,2020-11-30,2
K01,december_2020_arm_1,ento_form_1a_immediately_processed_summary,1,2020-12-14,,8,0,0,0,0,0,0,,0,5,2,9,2,1,19,,14,,4,2020-12-14,1,2020-12-14,2
K01,january_2021_arm_1,ento_form_1a_immediately_processed_summary,1,2021-01-04,,9,0,0,0,0,0,0,,0,0,2,10,3,0,15,,22,,3,2021-01-07,1,2021-01-07,2
K01,january_2021_arm_1,ento_form_1a_immediately_processed_summary,2,2021-01-18,,9,0,0,0,0,0,0,,3,3,2,4,10,1,20,,40,,3,2021-02-01,1,2021-02-01,2
K01,january_2021_arm_1,ento_form_1a_immediately_processed_summary,3,2021-01-25,,9,0,1,0,0,0,1,,1,1,0,2,1,0,4,,14,,3,2021-02-01,1,2021-02-01,2
K01,feburary_2021_arm_1,ento_form_1a_immediately_processed_summary,1,2021-02-15,,3,0,0,0,1,0,1,,1,4,2,1,4,1,12,,21,,4,2021-02-23,1,2021-02-23,2
K01,feburary_2021_arm_1,ento_form_1a_immediately_processed_summary,2,2021-02-22,,3,0,2,0,2,0,4,,0,2,3,1,1,0,7,,6,,4,2021-02-23,1,2021-02-23,2
K01,march_2021_arm_1,ento_form_1a_immediately_processed_summary,1,2021-03-15,,6,0,1,0,1,0,2,,0,0,0,0,1,0,1,,1,,3,2021-03-28,1,2021-03-28,2
K01,march_2021_arm_1,ento_form_1a_immediately_processed_summary,2,2021-03-22,,6,0,0,0,0,0,0,,6,1,1,0,1,0,3,,3,,3,2021-03-28,1,2021-03-28,2
K01,march_2021_arm_1,ento_form_1a_immediately_processed_summary,3,2021-03-29,,6,1,1,1,0,0,3,,1,1,0,0,0,0,1,,2,,3,2021-03-31,1,2021-03-31,2
K01,april_2021_arm_1,ento_form_1a_immediately_processed_summary,1,2021-04-19,,7,1,2,0,0,0,3,,0,0,1,1,1,0,3,,4,,3,2021-04-24,1,2021-04-24,2
K01,april_2021_arm_1,ento_form_1a_immediately_processed_summary,2,2021-04-26,,7,0,6,1,1,0,8,,2,2,10,0,3,0,15,,9,,5,2021-04-28,1,2021-04-28,2
K01,may_2021_arm_1,ento_form_1a_immediately_processed_summary,1,2021-05-17,,4,10,9,0,5,0,24,,9,11,43,104,44,0,202,,43,,5,2021-05-18,1,2021-05-18,2
K01,may_2021_arm_1,ento_form_1a_immediately_processed_summary,2,2021-05-24,,4,5,11,1,8,1,26,,9,19,95,115,116,0,345,,138,,5,2021-06-08,1,2021-06-08,2
K01,june_2021_arm_1,ento_form_1a_immediately_processed_summary,1,2021-06-14,,4,3,11,0,0,0,14,,3,26,55,63,42,3,189,,147,,4,2021-07-01,1,2021-07-01,2
K01,june_2021_arm_1,ento_form_1a_immediately_processed_summary,2,2021-06-21,,10,0,0,2,1,0,3,,3,19,92,41,38,0,190,,66,,6,2021-07-02,1,2021-07-02,2
K01,june_2021_arm_1,ento_form_1a_immediately_processed_summary,3,2021-06-28,,10,0,0,0,0,0,0,,2,14,0,4,20,0,38,,66,,6,2021-07-05,1,2021-07-05,2
K01,july_2021_arm_1,ento_form_1a_immediately_processed_summary,1,2021-07-19,,9,0,0,0,0,0,0,,0,1,1,1,2,0,5,,14,,6,2021-07-22,1,2021-07-22,2
K01,july_2021_arm_1,ento_form_1a_immediately_processed_summary,2,2021-07-26,,9,0,0,0,0,0,0,,0,0,0,0,0,0,0,,5,,6,2021-07-29,1,2021-07-29,2
K01,august_2021_arm_1,ento_form_1a_immediately_processed_summary,1,2021-08-16,,2,1,0,0,0,0,1,,2,2,0,0,2,0,4,,32,,6,2021-08-19,1,2021-08-19,2
K01,august_2021_arm_1,ento_form_1a_immediately_processed_summary,2,2021-08-23,,2,0,0,0,0,0,0,,0,0,0,0,0,0,0,,2,,6,2021-08-31,1,2021-08-31,2
K01,august_2021_arm_1,ento_form_1a_immediately_processed_summary,3,2021-08-30,,2,0,0,0,0,0,0,,0,4,0,0,0,0,4,,8,,6,2021-08-31,1,2021-08-31,2
K01,september_2021_arm_1,ento_form_1a_immediately_processed_summary,1,2021-09-20,,3,0,0,0,0,0,0,,1,8,0,2,4,0,14,,24,,3,2021-09-27,1,2021-09-27,2
K01,september_2021_arm_1,ento_form_1a_immediately_processed_summary,2,2021-09-27,,3,0,0,0,0,0,0,,1,9,1,0,4,0,14,,25,,3,2021-09-27,1,2021-09-27,2
K01,october_2021_arm_1,ento_form_1a_immediately_processed_summary,1,2021-10-18,,3,0,0,0,0,0,0,,0,21,2,0,14,0,37,,71,,3,2021-10-25,1,2021-10-25,2
K01,october_2021_arm_1,ento_form_1a_immediately_processed_summary,2,2021-10-25,,10,0,0,0,0,0,0,,0,9,1,1,10,0,21,,86,,3,2021-10-25,1,2021-10-25,2
K01,november_2021_arm_1,ento_form_1a_immediately_processed_summary,1,2021-11-22,,4,0,0,0,0,0,0,,0,28,6,3,9,0,46,,112,,3,2021-11-22,1,2021-11-22,2
K01,november_2021_arm_1,ento_form_1a_immediately_processed_summary,2,2021-11-15,,4,0,0,0,0,0,0,,0,14,0,2,5,1,22,,58,,3,2021-11-22,1,2021-11-22,2
K01,december_2021_arm_1,ento_form_1a_immediately_processed_summary,1,2021-12-20,,2,0,0,0,0,0,0,,0,10,22,7,11,0,50,,36,,3,2021-12-20,1,2021-12-20,2
K01,january_2022_arm_1,ento_form_1a_immediately_processed_summary,1,2022-01-24,,10,0,0,0,0,0,0,,0,1,0,0,0,0,1,,1,,3,2022-01-24,1,2022-01-24,2
K01,january_2022_arm_1,ento_form_1a_immediately_processed_summary,2,2022-01-17,,10,0,0,0,0,0,0,,0,4,1,0,1,0,6,,8,,3,2022-01-24,1,2022-01-24,2
K01,february_2022_arm_1,ento_form_1a_immediately_processed_summary,1,2022-02-14,,7,0,0,0,0,0,0,,0,0,0,0,0,0,0,,2,,3,2022-02-16,1,2022-02-16,2
K01,february_2022_arm_1,ento_form_1a_immediately_processed_summary,2,2022-02-21,,7,0,0,0,0,0,0,,0,0,0,0,0,0,0,,0,,3,2022-02-22,1,2022-02-22,2
K01,march_2022_arm_1,ento_form_1a_immediately_processed_summary,1,2022-03-21,,8,0,0,0,0,0,0,,0,0,0,0,0,0,0,,0,,3,2022-03-23,1,2022-03-23,2
K01,march_2022_arm_1,ento_form_1a_immediately_processed_summary,2,2022-03-14,,8,0,0,0,0,0,0,,0,0,0,0,0,0,0,,2,,3,2022-03-23,1,2022-03-23,2
K01,march_2022_arm_1,ento_form_1a_immediately_processed_summary,3,2022-03-28,,8,0,0,0,0,0,0,,0,0,0,0,0,0,0,,1,,3,2022-03-30,1,2022-03-30,2
K01,april_2022_arm_1,ento_form_1a_immediately_processed_summary,1,2022-04-26,,9,0,0,0,0,0,0,,0,0,1,0,0,0,1,,1,,3,2022-04-26,1,2022-04-26,2
K01,april_2022_arm_1,ento_form_1a_immediately_processed_summary,2,2022-04-04,,9,0,0,0,0,0,0,,1,0,0,0,0,0,0,,1,,3,2022-04-26,1,2022-04-26,2
K01,may_2022_arm_1,ento_form_1a_immediately_processed_summary,1,2022-05-23,,2,0,0,0,0,0,0,,0,11,2,3,1,2,19,,29,,3,2022-05-30,1,2022-05-30,2
K01,may_2022_arm_1,ento_form_1a_immediately_processed_summary,2,2022-05-16,,2,0,0,0,0,0,0,,0,29,0,21,12,1,63,,137,,3,2022-05-30,1,2022-05-30,2
K01,june_2022_arm_1,ento_form_1a_immediately_processed_summary,1,2022-06-20,,4,0,0,0,0,0,0,,0,11,1,1,0,0,13,,64,,3,2022-06-30,1,2022-06-30,2
K01,june_2022_arm_1,ento_form_1a_immediately_processed_summary,2,2022-06-13,,4,0,0,0,0,0,0,,0,16,0,2,5,0,23,,77,,3,2022-06-30,1,2022-06-30,2
K01,july_2022_arm_1,ento_form_1a_immediately_processed_summary,1,2022-07-18,,3,0,0,0,0,0,0,,0,1,2,0,1,0,4,,9,,3,2022-07-19,1,2022-07-19,2
K01,july_2022_arm_1,ento_form_1a_immediately_processed_summary,2,2022-07-25,,3,0,0,0,0,0,0,,0,0,0,2,3,0,5,,4,,4,2022-08-01,1,2022-08-01,2
K01,august_2022_arm_1,ento_form_1a_immediately_processed_summary,1,2022-08-01,,7,0,0,0,0,0,0,,0,1,1,0,0,0,2,,1,,4,2022-08-04,1,2022-08-04,2
K01,august_2022_arm_1,ento_form_1a_immediately_processed_summary,2,2022-08-22,,7,0,0,0,0,0,0,,0,3,1,6,5,0,15,,19,,4,2022-08-23,1,2022-08-23,2
K01,september_2022_arm_1,ento_form_1a_immediately_processed_summary,1,2022-09-19,,5,0,0,0,0,0,0,,0,3,1,2,0,0,6,,4,,3,2022-09-23,1,2022-09-23,2
K01,september_2022_arm_1,ento_form_1a_immediately_processed_summary,2,2022-09-12,,5,0,0,0,0,0,0,,0,0,0,0,0,0,0,,6,,3,2022-09-23,1,2022-09-23,2
K01,october_2022_arm_1,ento_form_1a_immediately_processed_summary,1,2022-10-17,,8,0,0,0,0,0,0,,0,1,1,1,0,0,3,,0,,4,2022-10-19,1,2022-10-19,2
K01,october_2022_arm_1,ento_form_1a_immediately_processed_summary,2,2022-10-24,,8,0,0,0,0,0,0,,0,0,1,0,4,0,5,,2,,10,2022-10-24,1,2022-11-02,2
K01,november_2022_arm_1,ento_form_1a_immediately_processed_summary,1,2022-11-14,,4,0,0,0,0,0,0,,0,11,1,1,12,0,25,,34,,10,2022-11-15,1,2022-11-15,2
K01,november_2022_arm_1,ento_form_1a_immediately_processed_summary,2,2022-11-21,,4,0,0,0,0,0,0,,0,12,1,2,11,0,26,,85,,12,2022-11-22,1,2022-11-22,2
K01,december_2022_arm_1,ento_form_1a_immediately_processed_summary,1,2022-12-19,,9,0,0,0,0,0,0,,0,2,3,1,3,0,9,,16,,10,2022-12-19,1,2022-12-19,2
K02,january_2020_arm_1,ento_form_1a_immediately_processed_summary,1,2020-01-20,,5,0,0,0,0,0,0,,0,6,0,8,4,0,18,0,109,,3,2020-03-30,1,2020-03-30,2
K02,january_2020_arm_1,ento_form_1a_immediately_processed_summary,2,2020-01-27,,5,0,0,1,0,0,1,,0,4,0,23,5,0,32,,42,,3,2020-04-08,1,2020-04-08,2
K02,february_2020_arm_1,ento_form_1a_immediately_processed_summary,1,2020-02-03,,3,0,0,1,0,0,1,,0,2,0,9,2,0,13,,5,,3,2020-04-10,1,2020-04-10,1
K02,february_2020_arm_1,ento_form_1a_immediately_processed_summary,2,2020-02-17,,3,0,0,0,0,0,0,,0,5,0,31,2,0,38,,29,,3,2020-04-14,1,2020-04-14,1
K02,february_2020_arm_1,ento_form_1a_immediately_processed_summary,3,2020-02-24,,3,0,0,0,0,0,0,,0,13,1,37,4,3,58,,94,,3,2020-04-14,1,2020-04-14,1
K02,march_2020_arm_1,ento_form_1a_immediately_processed_summary,1,2020-03-02,,7,0,0,0,0,0,0,,0,3,0,13,5,0,21,,37,,3,2020-04-28,1,2020-04-28,1
K02,march_2020_arm_1,ento_form_1a_immediately_processed_summary,2,2020-03-16,,7,0,0,0,0,0,0,,0,1,12,7,7,0,27,,48,,3,2020-04-28,1,2020-04-28,1
K02,may_2020_arm_1,ento_form_1a_immediately_processed_summary,1,2020-05-29,,5,1,0,1,1,0,3,,0,51,71,171,73,0,366,,301,,3,2020-06-04,1,2020-06-04,1
K02,june_2020_arm_1,ento_form_1a_immediately_processed_summary,1,2020-06-15,,5,0,1,0,1,0,2,,0,37,14,152,82,0,285,,179,,3,2020-06-16,1,2020-06-16,1
K02,june_2020_arm_1,ento_form_1a_immediately_processed_summary,2,2020-06-22,,5,0,0,2,2,0,4,,2,25,37,135,67,0,264,,200,,3,2020-06-30,1,2020-06-30,1
K02,july_2020_arm_1,ento_form_1a_immediately_processed_summary,1,2020-07-06,,8,0,0,1,0,0,1,,0,10,11,10,11,1,43,,67,,3,2020-07-08,1,2020-07-08,1
K02,july_2020_arm_1,ento_form_1a_immediately_processed_summary,2,2020-07-20,,8,0,0,0,1,0,1,,0,7,11,28,4,0,50,,55,,3,2020-07-22,1,2020-07-22,1
K02,july_2020_arm_1,ento_form_1a_immediately_processed_summary,3,2020-07-27,,8,0,0,0,0,0,0,,1,5,13,14,9,1,42,,33,,3,2020-08-04,1,2020-08-04,1
K02,august_2020_arm_1,ento_form_1a_immediately_processed_summary,1,2020-08-17,,9,0,0,0,0,0,0,,0,1,4,5,3,0,13,,10,,3,2020-08-28,1,2020-08-28,2
K02,august_2020_arm_1,ento_form_1a_immediately_processed_summary,2,2020-08-24,,9,0,0,0,1,0,1,,0,0,2,5,2,0,9,,12,,3,2020-08-28,1,2020-08-28,2
K02,august_2020_arm_1,ento_form_1a_immediately_processed_summary,3,2020-08-31,,2,0,1,0,0,0,1,,0,0,13,3,9,0,25,,12,,3,2020-09-02,1,2020-09-02,2
K02,september_2020_arm_1,ento_form_1a_immediately_processed_summary,1,2020-09-14,,4,0,1,0,1,0,2,,0,4,13,10,18,0,45,,17,,3,2020-09-22,1,2020-09-22,2
K02,september_2020_arm_1,ento_form_1a_immediately_processed_summary,2,2020-09-21,,8,0,0,0,0,0,0,,0,0,3,11,1,0,15,,6,,5,2020-09-23,1,2020-09-23,2
K02,october_2020_arm_1,ento_form_1a_immediately_processed_summary,1,2020-10-05,,5,0,4,0,0,0,4,,0,17,91,58,29,0,195,,127,,3,2020-10-06,1,2020-10-06,2
K02,october_2020_arm_1,ento_form_1a_immediately_processed_summary,2,2020-10-19,,3,0,1,1,0,0,2,,0,14,0,3,4,2,23,,1114,,4,2020-10-21,1,2020-10-21,2
K02,october_2020_arm_1,ento_form_1a_immediately_processed_summary,3,2020-10-26,,5,0,0,0,0,0,0,,0,89,55,117,127,0,388,,396,,5,2020-10-27,1,2020-10-27,2
K02,november_2020_arm_1,ento_form_1a_immediately_processed_summary,1,2020-11-02,,7,0,1,2,0,0,3,,0,28,47,76,57,0,208,,202,,4,2020-11-03,1,2020-11-03,2
K02,november_2020_arm_1,ento_form_1a_immediately_processed_summary,2,2020-11-16,,7,0,0,1,0,0,1,,1,13,55,78,56,0,202,,162,,3,2020-11-16,1,2020-11-16,2
K02,november_2020_arm_1,ento_form_1a_immediately_processed_summary,3,2020-11-23,,7,0,3,0,0,0,3,,0,16,25,37,38,0,116,,138,,5,2020-11-25,1,2020-11-25,2
K02,november_2020_arm_1,ento_form_1a_immediately_processed_summary,4,2020-11-30,,6,0,1,1,1,0,3,,0,9,10,39,13,0,71,,97,,3,2020-11-30,1,2020-11-30,2
K02,december_2020_arm_1,ento_form_1a_immediately_processed_summary,1,2020-12-14,,6,0,0,0,0,0,0,,0,10,27,33,30,0,100,,154,,4,2020-12-14,1,2020-12-14,2
K02,january_2021_arm_1,ento_form_1a_immediately_processed_summary,1,2021-01-04,,7,0,1,1,0,0,2,,0,1,13,5,6,0,25,,52,,3,2021-01-07,1,2021-01-07,2
K02,january_2021_arm_1,ento_form_1a_immediately_processed_summary,2,2021-01-18,,2,1,0,0,1,0,2,,0,1,4,4,10,0,19,,17,,3,2021-02-01,1,2021-02-01,2
K02,january_2021_arm_1,ento_form_1a_immediately_processed_summary,3,2021-01-25,,2,0,0,0,0,0,0,,0,0,1,0,0,0,1,,5,,3,2021-02-01,1,2021-02-01,2
K02,feburary_2021_arm_1,ento_form_1a_immediately_processed_summary,1,2021-02-15,,8,1,1,0,0,0,2,,0,1,0,0,1,0,2,,6,,4,2021-02-23,1,2021-02-23,2
K02,feburary_2021_arm_1,ento_form_1a_immediately_processed_summary,2,2021-02-22,,8,0,0,0,1,0,1,,1,0,0,1,0,0,1,,1,,4,2021-02-23,1,2021-02-23,2
K02,march_2021_arm_1,ento_form_1a_immediately_processed_summary,1,2021-03-15,,3,0,0,0,0,0,0,,2,2,0,3,2,0,7,,1,,3,2021-03-28,1,2021-03-28,2
K02,march_2021_arm_1,ento_form_1a_immediately_processed_summary,2,2021-03-22,,3,0,1,0,0,0,1,,1,0,0,0,0,0,0,,1,,3,2021-03-28,1,2021-03-28,2
K02,march_2021_arm_1,ento_form_1a_immediately_processed_summary,3,2021-03-29,,7,0,3,0,2,0,5,,1,0,0,1,0,0,1,,3,,3,2021-03-31,1,2021-03-31,2
K02,march_2021_arm_1,ento_form_1a_immediately_processed_summary,4,2021-03-29,,7,0,1,0,2,0,3,,1,2,0,0,0,0,2,,0,,3,2021-03-31,1,2021-03-31,2
K02,april_2021_arm_1,ento_form_1a_immediately_processed_summary,1,2021-04-26,,9,0,1,0,0,0,1,,0,1,1,1,1,0,4,,3,,5,2021-04-28,1,2021-04-28,2
K02,may_2021_arm_1,ento_form_1a_immediately_processed_summary,1,2021-05-17,,7,10,8,0,13,0,31,,5,6,18,32,24,0,80,,161,,3,2021-09-03,1,2021-09-03,2
K02,may_2021_arm_1,ento_form_1a_immediately_processed_summary,2,2021-05-24,,6,0,9,0,2,0,11,,2,28,66,42,44,0,180,,89,,3,2021-09-03,1,2021-09-03,2
K02,june_2021_arm_1,ento_form_1a_immediately_processed_summary,1,2021-06-14,,7,1,3,0,1,0,5,,1,9,35,42,16,0,102,,37,,4,2021-07-01,1,2021-07-01,2
K02,june_2021_arm_1,ento_form_1a_immediately_processed_summary,2,2021-06-21,,7,0,3,1,0,0,4,,0,8,33,5,21,0,67,,33,,6,2021-07-02,1,2021-07-02,2
K02,june_2021_arm_1,ento_form_1a_immediately_processed_summary,3,2021-06-28,,7,0,1,4,1,0,6,,1,7,23,72,39,0,141,,80,,6,2021-07-05,1,2021-07-05,2
K02,july_2021_arm_1,ento_form_1a_immediately_processed_summary,1,2021-07-19,,2,0,0,0,0,0,0,,0,1,5,21,6,0,33,,29,,6,2021-07-22,1,2021-07-22,2
K02,july_2021_arm_1,ento_form_1a_immediately_processed_summary,2,2021-07-26,,2,0,0,0,2,0,2,,1,0,13,4,7,0,24,,19,,6,2021-07-29,1,2021-07-29,2
K02,august_2021_arm_1,ento_form_1a_immediately_processed_summary,1,2021-08-16,,4,0,0,0,0,0,0,,0,2,1,4,2,0,9,,19,,6,2021-08-19,1,2021-08-19,2
K02,august_2021_arm_1,ento_form_1a_immediately_processed_summary,2,2021-08-23,,5,0,0,0,0,0,0,,0,0,3,1,3,0,7,,4,,6,2021-08-31,1,2021-08-31,2
K02,august_2021_arm_1,ento_form_1a_immediately_processed_summary,3,2021-08-30,,5,0,0,0,0,0,0,,0,4,6,11,2,0,23,,44,,6,2021-08-31,1,2021-08-31,2
K02,september_2021_arm_1,ento_form_1a_immediately_processed_summary,1,2021-09-20,,10,0,0,0,0,0,0,,0,24,10,43,11,0,88,,168,,3,2021-09-27,1,2021-09-27,2
K02,september_2021_arm_1,ento_form_1a_immediately_processed_summary,2,2021-09-27,,10,0,0,0,0,0,0,,0,15,5,7,6,0,33,,60,,3,2021-09-27,1,2021-09-27,2
K02,october_2021_arm_1,ento_form_1a_immediately_processed_summary,1,2021-10-18,,2,0,0,0,0,0,0,,0,56,57,17,29,0,159,,176,,3,2021-10-25,1,2021-10-25,2
K02,october_2021_arm_1,ento_form_1a_immediately_processed_summary,2,2021-10-25,,3,0,0,0,0,0,0,,0,92,60,6,29,0,187,,345,,3,2021-10-25,1,2021-10-25,2
K02,november_2021_arm_1,ento_form_1a_immediately_processed_summary,1,2021-11-22,,9,0,0,0,0,0,0,,0,6,20,3,8,0,37,,26,,3,2021-11-22,1,2021-11-22,2
K02,november_2021_arm_1,ento_form_1a_immediately_processed_summary,2,2021-11-15,,9,0,0,0,0,0,0,,0,32,0,12,10,2,56,,59,,3,2021-11-22,1,2021-11-22,2
K02,december_2021_arm_1,ento_form_1a_immediately_processed_summary,1,2021-12-20,,9,0,0,0,0,0,0,,0,3,5,2,6,0,16,,17,,3,2021-12-20,1,2021-12-20,2
K02,january_2022_arm_1,ento_form_1a_immediately_processed_summary,1,2022-01-24,,7,0,0,0,0,0,0,,0,0,0,12,4,0,16,,28,,3,2022-01-24,1,2022-01-24,2
K02,january_2022_arm_1,ento_form_1a_immediately_processed_summary,2,2022-01-17,,7,0,0,0,0,0,0,,0,6,5,11,11,1,34,,10,,3,2022-01-24,1,2022-01-24,2
K02,february_2022_arm_1,ento_form_1a_immediately_processed_summary,1,2022-02-14,,3,0,0,0,0,0,0,,0,0,0,1,1,0,2,,9,,3,2022-02-16,1,2022-02-16,2
K02,february_2022_arm_1,ento_form_1a_immediately_processed_summary,2,2022-02-21,,8,0,0,0,0,0,0,,1,0,0,4,0,0,4,,3,,3,2022-02-22,1,2022-02-22,2
K02,march_2022_arm_1,ento_form_1a_immediately_processed_summary,1,2022-03-21,,4,0,0,0,1,0,1,,0,0,0,0,0,0,0,,5,,3,2022-03-23,1,2022-03-23,2
K02,march_2022_arm_1,ento_form_1a_immediately_processed_summary,2,2022-03-14,,4,1,0,1,0,0,2,,,0,1,1,3,0,5,,9,,3,2022-03-23,1,2022-03-23,2
K02,march_2022_arm_1,ento_form_1a_immediately_processed_summary,3,2022-03-28,,4,0,0,0,0,0,0,,0,0,0,0,1,0,1,,5,,3,2022-03-30,1,2022-03-30,2
K02,april_2022_arm_1,ento_form_1a_immediately_processed_summary,1,2022-04-26,,10,0,0,0,0,0,0,,0,0,3,8,1,0,12,,1,,3,2022-04-26,1,2022-04-26,2
K02,april_2022_arm_1,ento_form_1a_immediately_processed_summary,2,2022-04-04,,10,0,0,0,0,0,0,,0,0,0,1,0,0,1,,1,,3,2022-04-26,1,2022-04-26,2
K02,may_2022_arm_1,ento_form_1a_immediately_processed_summary,1,2022-05-23,,9,0,0,0,0,0,0,,0,6,31,61,14,0,112,,42,,3,2022-05-30,1,2022-05-30,2
K02,may_2022_arm_1,ento_form_1a_immediately_processed_summary,2,2022-05-16,,9,0,0,0,0,0,0,,0,15,27,37,18,0,97,,69,,3,2022-05-30,1,2022-05-30,2
K02,june_2022_arm_1,ento_form_1a_immediately_processed_summary,1,2022-06-20,,6,0,0,0,0,0,0,,0,21,34,57,34,0,146,,117,,3,2022-06-30,1,2022-06-30,2
K02,june_2022_arm_1,ento_form_1a_immediately_processed_summary,2,2022-06-13,,6,0,2,0,2,0,4,,0,62,60,95,44,3,264,,299,,3,2022-06-30,1,2022-06-30,2
K02,july_2022_arm_1,ento_form_1a_immediately_processed_summary,1,2022-07-18,,7,0,0,0,0,0,0,,0,7,28,19,22,0,76,,45,,3,2022-07-19,2,2022-07-19,2
K02,july_2022_arm_1,ento_form_1a_immediately_processed_summary,2,2022-07-25,,7,1,0,0,0,0,1,,1,7,21,7,21,0,56,,43,,4,2022-08-01,1,2022-08-01,2
K02,august_2022_arm_1,ento_form_1a_immediately_processed_summary,1,2022-08-01,,6,0,0,0,0,0,0,,0,3,13,10,6,0,32,,13,,4,2022-08-04,1,2022-08-04,2
K02,august_2022_arm_1,ento_form_1a_immediately_processed_summary,2,2022-08-22,,2,0,0,0,0,0,0,,0,1,8,1,4,0,14,,1,,4,2022-08-23,1,2022-08-23,2
K02,september_2022_arm_1,ento_form_1a_immediately_processed_summary,1,2022-09-19,,8,0,0,0,0,0,0,,0,1,1,0,1,0,3,,5,,3,2022-09-23,1,2022-09-23,2
K02,september_2022_arm_1,ento_form_1a_immediately_processed_summary,2,2022-09-12,,8,0,0,0,0,0,0,,0,2,9,9,0,0,20,,8,,3,2022-09-23,1,2022-09-23,2
K02,october_2022_arm_1,ento_form_1a_immediately_processed_summary,1,2022-10-17,,4,0,0,1,0,0,1,,0,0,7,6,3,0,16,,2,,4,2022-10-19,1,2022-10-19,2
K02,october_2022_arm_1,ento_form_1a_immediately_processed_summary,2,2022-10-24,,4,0,0,0,0,0,0,,0,6,12,13,6,1,38,,38,,11,2022-10-24,1,2022-11-02,2
K02,november_2022_arm_1,ento_form_1a_immediately_processed_summary,1,2022-11-14,,2,0,0,0,0,0,0,,0,14,8,33,17,1,73,,25,,10,2022-11-15,1,2022-11-15,2
K02,november_2022_arm_1,ento_form_1a_immediately_processed_summary,2,2022-11-21,,2,0,0,0,0,0,0,,0,11,34,8,37,0,90,,29,,12,2022-11-22,1,2022-11-22,2
K02,december_2022_arm_1,ento_form_1a_immediately_processed_summary,1,2022-12-19,,3,0,0,0,0,0,0,,0,4,0,12,3,0,19,,18,,10,2022-12-19,1,2022-12-19,2
K03,january_2020_arm_1,ento_form_1a_immediately_processed_summary,1,2020-01-20,,9,0,0,0,0,0,0,,0,5,1,0,2,0,8,,16,,3,2020-04-08,1,2020-04-08,2
K03,january_2020_arm_1,ento_form_1a_immediately_processed_summary,2,2020-01-27,,9,0,0,0,0,0,0,,1,16,0,2,4,0,22,,66,,3,2020-04-08,1,2020-04-08,1
K03,february_2020_arm_1,ento_form_1a_immediately_processed_summary,1,2020-02-03,,8,0,0,0,0,0,0,,0,11,0,4,3,0,18,,70,,3,2020-04-10,1,2020-04-10,1
K03,february_2020_arm_1,ento_form_1a_immediately_processed_summary,2,2020-02-17,,8,0,0,0,0,0,0,,0,9,0,1,7,0,17,,45,,3,2020-04-14,1,2020-04-14,1
K03,february_2020_arm_1,ento_form_1a_immediately_processed_summary,3,2020-02-24,,8,0,0,0,0,0,0,,0,10,2,2,5,0,19,,92,,3,2020-04-14,1,2020-04-14,1
K03,march_2020_arm_1,ento_form_1a_immediately_processed_summary,1,2020-03-02,,4,0,0,0,0,0,0,,0,3,0,1,5,0,9,,50,,3,2020-04-28,1,2020-04-28,1
K03,march_2020_arm_1,ento_form_1a_immediately_processed_summary,2,2020-03-16,,4,0,0,0,0,0,0,,0,4,0,3,8,2,17,,38,,3,2020-04-28,1,2020-04-28,1
K03,may_2020_arm_1,ento_form_1a_immediately_processed_summary,1,2020-05-29,,9,0,0,0,0,0,0,,0,22,0,3,12,1,38,,128,,3,2020-06-04,1,2020-06-04,1
K03,june_2020_arm_1,ento_form_1a_immediately_processed_summary,1,2020-06-15,,9,0,0,0,0,0,0,,0,14,2,5,6,2,29,,84,,3,2020-06-17,1,2020-06-17,1
K03,june_2020_arm_1,ento_form_1a_immediately_processed_summary,2,2020-06-22,,5,0,0,0,0,0,0,,0,23,2,9,12,0,46,,97,,3,2020-06-30,1,2020-06-30,1
K03,july_2020_arm_1,ento_form_1a_immediately_processed_summary,1,2020-07-06,,2,0,0,0,0,0,0,,0,6,2,1,7,0,16,,44,,3,2020-07-08,1,2020-07-08,1
K03,july_2020_arm_1,ento_form_1a_immediately_processed_summary,2,2020-07-20,,6,1,0,0,0,0,1,,0,8,0,1,12,0,21,,79,,3,2020-07-22,1,2020-07-22,1
K03,july_2020_arm_1,ento_form_1a_immediately_processed_summary,3,2020-07-27,,2,0,0,0,0,0,0,,1,16,5,3,8,0,32,,62,,3,2020-08-04,1,2020-08-04,1
K03,august_2020_arm_1,ento_form_1a_immediately_processed_summary,1,2020-08-17,,7,0,0,0,0,0,0,,0,3,2,3,6,0,14,,11,,3,2020-08-28,1,2020-08-28,2
K03,august_2020_arm_1,ento_form_1a_immediately_processed_summary,2,2020-08-24,,9,0,0,0,0,0,0,,0,0,1,1,1,0,3,,12,,3,2020-08-28,1,2020-08-28,2
K03,august_2020_arm_1,ento_form_1a_immediately_processed_summary,3,2020-08-31,,2,0,0,0,0,0,0,,0,0,2,1,1,0,4,,3,,3,2020-09-02,1,2020-09-02,2
K03,september_2020_arm_1,ento_form_1a_immediately_processed_summary,1,2020-09-14,,8,0,0,0,0,0,0,,0,0,1,1,0,0,2,,0,,3,2020-09-15,1,2020-09-15,2
K03,september_2020_arm_1,ento_form_1a_immediately_processed_summary,2,2020-09-21,,8,0,1,0,0,0,1,,0,5,2,4,4,0,15,,10,,5,2020-09-23,1,2020-09-23,2
K03,october_2020_arm_1,ento_form_1a_immediately_processed_summary,1,2020-10-05,,5,0,0,0,0,0,0,,0,12,5,6,19,0,42,,51,,3,2020-10-06,1,2020-10-06,2
K03,october_2020_arm_1,ento_form_1a_immediately_processed_summary,2,2020-10-19,,5,0,0,0,0,0,0,,0,37,43,61,59,0,200,,207,,4,2020-10-21,1,2020-10-21,2
K03,october_2020_arm_1,ento_form_1a_immediately_processed_summary,3,2020-10-26,,5,0,0,0,0,0,0,,0,89,40,61,58,0,248,,248,,5,2020-10-27,1,2020-10-27,2
K03,november_2020_arm_1,ento_form_1a_immediately_processed_summary,1,2020-11-02,,4,0,0,1,0,0,1,,1,42,34,43,30,0,149,,284,,4,2020-11-03,1,2020-11-03,2
K03,november_2020_arm_1,ento_form_1a_immediately_processed_summary,2,2020-11-16,,4,0,0,0,0,0,0,,0,21,10,11,32,4,78,,168,,3,2020-11-16,1,2020-11-16,2
K03,november_2020_arm_1,ento_form_1a_immediately_processed_summary,3,2020-11-23,,2,0,0,0,0,0,0,,0,22,29,12,33,0,96,,117,,5,2020-11-25,1,2020-11-25,2
K03,november_2020_arm_1,ento_form_1a_immediately_processed_summary,4,2020-11-30,,6,0,0,0,0,0,0,,0,21,11,24,28,0,84,,145,,3,2020-11-30,1,2020-11-30,2
K03,december_2020_arm_1,ento_form_1a_immediately_processed_summary,1,2020-12-14,,3,0,0,0,1,0,1,,0,27,4,16,21,4,72,,241,,4,2020-12-14,1,2020-12-14,2
K03,january_2021_arm_1,ento_form_1a_immediately_processed_summary,1,2021-01-04,,7,0,0,0,0,0,0,,0,1,0,3,1,0,5,,14,,3,2021-01-07,1,2021-01-07,2
K03,january_2021_arm_1,ento_form_1a_immediately_processed_summary,2,2021-01-18,,7,0,0,0,0,0,0,,0,2,1,12,9,0,24,,22,,3,2021-02-01,1,2021-02-01,2
K03,january_2021_arm_1,ento_form_1a_immediately_processed_summary,3,2021-01-25,,7,0,0,0,0,0,0,,0,2,0,0,4,0,6,,6,,3,2021-02-01,1,2021-02-01,2
K03,feburary_2021_arm_1,ento_form_1a_immediately_processed_summary,1,2021-02-15,,6,1,0,1,0,0,2,,0,0,0,0,1,0,1,,7,,4,2021-02-23,1,2021-02-23,2
K03,feburary_2021_arm_1,ento_form_1a_immediately_processed_summary,2,2021-02-22,,6,1,0,0,0,0,1,,0,0,0,0,2,0,2,,4,,4,2021-02-23,1,2021-02-23,2
K03,march_2021_arm_1,ento_form_1a_immediately_processed_summary,1,2021-03-15,,8,0,1,0,1,0,2,,0,0,0,0,0,0,0,,1,,3,2021-03-28,1,2021-03-28,2
K03,march_2021_arm_1,ento_form_1a_immediately_processed_summary,2,2021-03-22,,8,0,0,0,0,0,0,,2,0,0,0,0,0,0,,1,,3,2021-03-28,1,2021-03-28,2
K03,march_2021_arm_1,ento_form_1a_immediately_processed_summary,3,2021-03-29,,7,0,1,0,2,0,3,,1,2,0,0,0,0,2,,0,,3,2021-04-29,1,2021-04-29,2
K03,april_2021_arm_1,ento_form_1a_immediately_processed_summary,1,2021-04-19,,3,0,0,0,0,0,0,,1,0,0,0,1,0,1,,1,,3,2021-04-25,1,2021-04-25,2
K03,april_2021_arm_1,ento_form_1a_immediately_processed_summary,2,2021-04-26,,3,0,1,0,0,0,1,,0,5,2,7,9,0,23,,16,,5,2021-04-28,1,2021-04-28,2
K03,may_2021_arm_1,ento_form_1a_immediately_processed_summary,1,2021-05-17,,7,4,1,0,2,0,7,,0,142,0,60,13,0,215,,245,,3,2021-09-03,1,2021-09-03,2
K03,may_2021_arm_1,ento_form_1a_immediately_processed_summary,2,2021-05-24,,7,4,3,3,1,0,11,,4,105,10,19,72,0,206,,344,,3,2021-09-03,1,2021-09-03,2
K03,june_2021_arm_1,ento_form_1a_immediately_processed_summary,1,2021-06-14,,7,0,1,0,0,0,1,,2,15,1,15,14,0,45,,57,,4,2021-07-01,1,2021-07-01,2
K03,june_2021_arm_1,ento_form_1a_immediately_processed_summary,2,2021-06-21,,9,0,1,0,0,0,1,,0,12,7,8,9,0,36,,26,,6,2021-07-02,1,2021-07-02,2
K03,june_2021_arm_1,ento_form_1a_immediately_processed_summary,3,2021-06-28,,9,0,0,0,0,0,0,,0,12,10,15,10,1,48,,24,,6,2021-07-05,1,2021-07-05,2
K03,july_2021_arm_1,ento_form_1a_immediately_processed_summary,1,2021-07-19,,4,0,0,1,0,0,1,,0,5,4,0,3,0,12,,34,,6,2021-07-22,1,2021-07-22,2
K03,july_2021_arm_1,ento_form_1a_immediately_processed_summary,2,2021-07-26,,4,0,0,0,0,0,0,,0,2,1,1,0,0,4,,6,,6,2021-08-02,1,2021-08-02,2
K03,august_2021_arm_1,ento_form_1a_immediately_processed_summary,1,2021-08-16,,10,0,0,0,0,0,0,,1,0,2,2,1,0,5,,9,,6,2021-08-19,1,2021-08-19,2
K03,august_2021_arm_1,ento_form_1a_immediately_processed_summary,2,2021-08-23,,10,0,0,0,0,0,0,,0,1,0,1,2,0,4,,2,,6,2021-08-31,1,2021-08-31,2
K03,august_2021_arm_1,ento_form_1a_immediately_processed_summary,3,2021-08-30,,7,0,0,0,0,0,0,,0,8,0,1,0,0,9,,7,,6,2021-08-31,1,2021-08-31,2
K03,september_2021_arm_1,ento_form_1a_immediately_processed_summary,1,2021-09-20,,6,0,0,0,0,0,0,,0,18,12,11,14,0,55,,27,,3,2021-09-27,1,2021-09-27,2
K03,september_2021_arm_1,ento_form_1a_immediately_processed_summary,2,2021-09-27,,6,0,0,0,0,0,0,,0,38,37,6,31,0,112,,112,,3,2021-09-27,1,2021-09-27,2
K03,october_2021_arm_1,ento_form_1a_immediately_processed_summary,1,2021-10-18,,2,0,0,0,0,0,0,,0,107,11,25,22,0,165,,2122,,3,2021-10-25,1,2021-10-25,2
K03,october_2021_arm_1,ento_form_1a_immediately_processed_summary,2,2021-10-25,,2,0,0,0,0,0,0,,0,62,18,12,48,0,140,,220,,3,2021-10-25,1,2021-10-25,2
K03,november_2021_arm_1,ento_form_1a_immediately_processed_summary,1,2021-11-22,,3,0,0,0,0,0,0,,0,25,7,3,11,0,46,,110,,3,2021-11-22,1,2021-11-22,2
K03,november_2021_arm_1,ento_form_1a_immediately_processed_summary,2,2021-11-15,,3,0,0,0,0,0,0,,0,18,0,4,22,0,44,,63,,3,2021-11-22,1,2021-11-22,2
K03,december_2021_arm_1,ento_form_1a_immediately_processed_summary,1,2021-12-20,,7,0,0,0,0,0,0,,0,13,10,6,11,0,40,,137,,3,2021-12-20,1,2021-12-20,2
K03,january_2022_arm_1,ento_form_1a_immediately_processed_summary,1,2022-01-24,,9,0,0,0,0,0,0,,0,2,0,2,3,0,7,,19,,3,2022-01-24,1,2022-01-24,2
K03,january_2022_arm_1,ento_form_1a_immediately_processed_summary,2,2022-01-17,,9,0,0,0,0,0,0,,0,1,1,1,0,0,3,,11,,3,2022-01-24,1,2022-01-24,2
K03,february_2022_arm_1,ento_form_1a_immediately_processed_summary,1,2022-02-14,,4,0,0,0,0,0,0,,0,0,1,1,0,0,2,,5,,2,2022-02-16,1,2022-02-16,2
K03,february_2022_arm_1,ento_form_1a_immediately_processed_summary,2,2022-02-21,,4,0,0,0,0,0,0,,0,1,0,0,1,0,2,,11,,3,2022-02-22,1,2022-02-22,2
K03,march_2022_arm_1,ento_form_1a_immediately_processed_summary,1,2022-03-21,,2,0,0,0,0,0,0,,0,0,0,0,0,0,0,,3,,3,2022-03-23,1,2022-03-23,2
K03,march_2022_arm_1,ento_form_1a_immediately_processed_summary,2,2022-03-14,,2,0,0,0,0,0,0,,0,0,1,1,2,1,5,,8,,3,2022-03-23,1,2022-03-23,2
K03,march_2022_arm_1,ento_form_1a_immediately_processed_summary,3,2022-03-28,,2,0,0,0,0,0,0,,0,0,1,0,0,0,1,,3,,3,2022-03-30,1,2022-03-30,2
K03,april_2022_arm_1,ento_form_1a_immediately_processed_summary,1,2022-04-26,,6,0,0,0,0,0,0,,0,1,1,1,1,0,4,,3,,3,2022-04-26,1,2022-04-26,2
K03,april_2022_arm_1,ento_form_1a_immediately_processed_summary,2,2022-04-04,,6,0,0,0,0,0,0,,0,1,0,0,2,0,3,,1,,3,2022-04-26,1,2022-04-26,2
K03,may_2022_arm_1,ento_form_1a_immediately_processed_summary,1,2022-05-23,,7,0,2,0,0,0,2,,0,34,0,41,36,0,111,,221,,3,2022-05-30,1,2022-05-30,2
K03,may_2022_arm_1,ento_form_1a_immediately_processed_summary,2,2022-05-16,,7,0,0,0,0,0,0,,0,48,1,107,40,0,196,,87,,3,2022-05-30,1,2022-05-30,2
K03,june_2022_arm_1,ento_form_1a_immediately_processed_summary,1,2022-06-20,,8,0,0,0,0,0,0,,1,21,13,5,7,0,46,,68,,3,2022-06-30,1,2022-06-30,2
K03,june_2022_arm_1,ento_form_1a_immediately_processed_summary,2,2022-06-13,,8,0,0,0,0,0,0,,0,60,0,31,30,0,121,,363,,3,2022-06-30,1,2022-06-30,2
K03,july_2022_arm_1,ento_form_1a_immediately_processed_summary,1,2022-07-18,,9,0,1,0,0,0,1,,0,1,1,2,5,0,9,,8,,3,2022-07-19,1,2022-07-19,2
K03,july_2022_arm_1,ento_form_1a_immediately_processed_summary,2,2022-07-25,,5,2,0,0,0,0,2,,0,15,5,1,3,0,24,,19,,4,2022-08-02,1,2022-08-02,2
K03,august_2022_arm_1,ento_form_1a_immediately_processed_summary,1,2022-08-01,,5,0,0,0,0,0,0,,0,5,2,5,4,0,16,,25,,4,2022-08-04,1,2022-08-04,2
K03,august_2022_arm_1,ento_form_1a_immediately_processed_summary,2,2022-08-22,,5,0,0,0,0,0,0,,0,2,0,2,2,0,6,,14,,4,2022-08-23,1,2022-08-23,2
K03,september_2022_arm_1,ento_form_1a_immediately_processed_summary,1,2022-09-19,,4,0,0,0,1,0,1,,1,0,0,0,2,0,2,,19,,3,2022-09-23,1,2022-09-23,2
K03,october_2022_arm_1,ento_form_1a_immediately_processed_summary,1,2022-10-17,,2,0,0,0,0,0,0,,1,0,3,1,6,0,10,,6,,4,2022-10-19,1,2022-10-19,2
K03,october_2022_arm_1,ento_form_1a_immediately_processed_summary,2,2022-10-24,,2,0,0,0,0,0,0,,0,12,4,3,10,0,29,,27,,13,2022-10-24,1,2022-11-02,2
K03,november_2022_arm_1,ento_form_1a_immediately_processed_summary,1,2022-11-14,,6,0,0,0,0,0,0,,0,20,9,8,28,0,65,,49,,10,2022-11-15,1,2022-11-15,2
K03,november_2022_arm_1,ento_form_1a_immediately_processed_summary,2,2022-11-21,,6,0,0,0,0,0,0,,0,30,8,14,27,0,79,,58,,12,2022-11-22,1,2022-11-22,2
K03,december_2022_arm_1,ento_form_1a_immediately_processed_summary,1,2022-12-19,,7,0,0,0,0,0,0,,0,3,0,6,5,0,14,,16,,10,2022-12-19,1,2022-12-19,2
K04,january_2020_arm_1,ento_form_1a_immediately_processed_summary,1,2020-01-20,,9,0,0,0,0,0,0,,0,3,1,1,1,0,6,,26,,3,2020-04-08,1,2020-04-08,2
K04,january_2020_arm_1,ento_form_1a_immediately_processed_summary,2,2020-01-27,,9,0,0,0,0,0,0,,0,5,16,18,6,0,45,,24,,3,2020-04-08,1,2020-04-08,2
K04,february_2020_arm_1,ento_form_1a_immediately_processed_summary,1,2020-02-03,,8,0,0,0,0,0,0,,0,5,7,12,5,1,30,,34,,3,2020-04-10,1,2020-04-10,1
K04,february_2020_arm_1,ento_form_1a_immediately_processed_summary,2,2020-02-17,,8,0,0,0,0,0,0,,0,10,11,32,14,0,67,,40,,3,2020-04-14,1,2020-04-14,1
K04,february_2020_arm_1,ento_form_1a_immediately_processed_summary,3,2020-02-24,,8,0,0,0,0,0,0,,0,6,10,17,2,0,35,,76,,3,2020-04-14,1,2020-04-14,1
K04,march_2020_arm_1,ento_form_1a_immediately_processed_summary,1,2020-03-02,,4,0,0,0,0,0,0,,0,6,1,8,9,1,25,,45,,3,2020-04-28,1,2020-04-28,1
K04,march_2020_arm_1,ento_form_1a_immediately_processed_summary,2,2020-03-16,,4,0,0,0,0,0,0,,0,1,4,4,1,0,10,,6,,3,2020-04-28,1,2020-04-28,1
K04,june_2020_arm_1,ento_form_1a_immediately_processed_summary,1,2020-06-15,,9,0,0,0,0,0,0,,0,4,18,2,6,0,30,,20,,3,2020-06-17,1,2020-06-17,1
K04,june_2020_arm_1,ento_form_1a_immediately_processed_summary,2,2020-06-22,,9,0,0,0,0,0,0,,0,8,14,6,14,0,42,,64,,3,2020-06-30,1,2020-06-30,1
K04,july_2020_arm_1,ento_form_1a_immediately_processed_summary,1,2020-07-06,,6,0,1,0,0,0,1,,0,5,12,23,8,0,48,,37,,3,2020-07-08,1,2020-07-08,1
K04,july_2020_arm_1,ento_form_1a_immediately_processed_summary,2,2020-07-20,,6,0,0,0,0,0,0,,0,5,3,15,5,0,28,,15,,3,2020-07-22,1,2020-07-22,1
K04,july_2020_arm_1,ento_form_1a_immediately_processed_summary,3,2020-07-27,,6,0,0,0,0,0,0,,0,5,7,8,4,0,24,,28,,3,2020-08-04,1,2020-08-04,1
K04,august_2020_arm_1,ento_form_1a_immediately_processed_summary,1,2020-08-17,,7,0,0,0,1,0,1,,0,0,6,6,4,0,16,,8,,3,2020-08-28,1,2020-08-28,2
K04,august_2020_arm_1,ento_form_1a_immediately_processed_summary,2,2020-08-24,,7,0,0,0,0,0,0,,0,3,2,4,3,0,12,,3,,3,2020-08-28,1,2020-08-28,2
K04,august_2020_arm_1,ento_form_1a_immediately_processed_summary,3,2020-08-31,,8,0,0,0,0,0,0,,1,2,0,0,0,0,2,,1,,3,2020-09-02,1,2020-09-02,2
K04,september_2020_arm_1,ento_form_1a_immediately_processed_summary,1,2020-09-14,,8,0,0,1,0,0,1,,0,4,0,5,4,0,13,,5,,3,2020-09-22,1,2020-09-22,2
K04,september_2020_arm_1,ento_form_1a_immediately_processed_summary,2,2020-09-21,,2,0,1,0,0,0,1,,0,6,11,14,7,0,38,,23,,5,2020-09-23,1,2020-09-23,2
K04,october_2020_arm_1,ento_form_1a_immediately_processed_summary,1,2020-10-05,,2,0,1,1,0,0,2,,0,7,35,9,14,0,65,,12,,3,2020-10-06,1,2020-10-06,2
K04,october_2020_arm_1,ento_form_1a_immediately_processed_summary,2,2020-10-19,,5,0,1,1,0,0,2,,0,24,66,47,32,0,169,,94,,4,2020-10-21,1,2020-10-21,2
K04,october_2020_arm_1,ento_form_1a_immediately_processed_summary,3,2020-10-26,,2,0,0,0,0,0,0,,0,29,31,10,29,0,99,,72,,5,2020-10-27,1,2020-10-27,2
K04,november_2020_arm_1,ento_form_1a_immediately_processed_summary,1,2020-11-02,,4,0,0,0,0,0,0,,0,10,1,9,9,0,29,,46,,4,2020-11-03,1,2020-11-03,2
K04,november_2020_arm_1,ento_form_1a_immediately_processed_summary,2,2020-11-16,,4,0,0,0,0,0,0,,0,6,1,3,2,0,12,,28,,3,2020-11-16,1,2020-11-16,2
K04,november_2020_arm_1,ento_form_1a_immediately_processed_summary,3,2020-11-23,,4,0,0,0,0,0,0,,0,11,5,8,12,1,37,,28,,5,2020-11-25,1,2020-11-25,2
K04,november_2020_arm_1,ento_form_1a_immediately_processed_summary,4,2020-11-30,,3,0,0,0,0,0,0,,0,2,0,1,1,0,4,,8,,3,2020-11-30,1,2020-11-30,2
K04,december_2020_arm_1,ento_form_1a_immediately_processed_summary,1,2020-12-14,,3,0,0,0,0,0,0,,1,4,2,4,3,1,14,,39,,4,2020-12-14,1,2020-12-14,2
K04,january_2021_arm_1,ento_form_1a_immediately_processed_summary,1,2021-01-04,,2,0,0,0,1,0,1,,0,0,0,0,1,0,1,,10,,3,2021-01-07,1,2021-01-07,2
K04,january_2021_arm_1,ento_form_1a_immediately_processed_summary,2,2021-01-18,,7,1,1,0,0,0,2,,1,0,7,3,10,0,20,,12,,3,2021-02-01,1,2021-02-01,2
K04,january_2021_arm_1,ento_form_1a_immediately_processed_summary,3,2021-01-25,,7,0,0,0,0,0,0,,1,0,2,0,3,0,5,,7,,3,2021-02-01,1,2021-02-01,2
K04,feburary_2021_arm_1,ento_form_1a_immediately_processed_summary,1,2021-02-15,,6,2,0,0,1,0,3,,1,2,0,1,0,0,3,,3,,4,2021-02-23,1,2021-02-23,2
K04,feburary_2021_arm_1,ento_form_1a_immediately_processed_summary,2,2021-02-22,,6,1,0,0,1,0,2,,3,0,0,2,0,0,2,,0,,4,2021-02-23,1,2021-02-23,2
K04,march_2021_arm_1,ento_form_1a_immediately_processed_summary,1,2021-03-15,,8,0,0,0,0,0,0,,1,0,0,0,0,0,0,,1,,3,2021-03-28,1,2021-03-28,2
K04,march_2021_arm_1,ento_form_1a_immediately_processed_summary,2,2021-03-22,,8,0,0,0,1,0,1,,0,0,0,0,0,0,0,,0,,3,2021-03-28,1,2021-03-28,2
K04,march_2021_arm_1,ento_form_1a_immediately_processed_summary,3,2021-03-29,,7,0,0,0,2,0,2,,0,0,0,0,0,0,0,,1,,3,2021-03-31,1,2021-03-31,2
K04,april_2021_arm_1,ento_form_1a_immediately_processed_summary,1,2021-04-19,,3,0,0,0,0,0,0,,0,0,0,0,0,0,0,,0,,3,2021-04-25,1,2021-04-25,2
K04,april_2021_arm_1,ento_form_1a_immediately_processed_summary,2,2021-04-26,,3,0,0,0,1,0,1,,0,6,4,4,6,0,20,,0,,3,2021-09-03,1,2021-09-03,2
K04,may_2021_arm_1,ento_form_1a_immediately_processed_summary,1,2021-05-17,,7,3,2,0,0,0,5,,2,62,1,5,8,0,76,,140,,5,2021-05-18,1,2021-05-18,2
K04,may_2021_arm_1,ento_form_1a_immediately_processed_summary,2,2021-05-24,,7,3,1,0,1,0,5,,15,68,16,10,17,0,111,,151,,5,2021-06-08,1,2021-06-08,2
K04,june_2021_arm_1,ento_form_1a_immediately_processed_summary,1,2021-06-14,,7,0,2,1,0,0,3,,2,9,0,11,8,0,28,,21,,4,2021-07-01,1,2021-07-01,2
K04,june_2021_arm_1,ento_form_1a_immediately_processed_summary,2,2021-06-21,,9,0,0,0,0,0,0,,0,5,10,6,15,0,36,,20,,6,2021-07-02,1,2021-07-02,2
K04,june_2021_arm_1,ento_form_1a_immediately_processed_summary,3,2021-06-28,,9,0,0,0,0,0,0,,0,4,5,8,3,0,20,,10,,6,2021-07-05,1,2021-07-05,2
K04,july_2021_arm_1,ento_form_1a_immediately_processed_summary,1,2021-07-19,,4,0,0,0,0,0,0,,0,0,0,0,0,0,0,,1,,6,2021-07-22,1,2021-07-22,2
K04,july_2021_arm_1,ento_form_1a_immediately_processed_summary,2,2021-07-26,,4,0,0,0,0,0,0,,0,1,1,0,0,0,2,,1,,6,2021-08-02,1,2021-08-02,2
K04,august_2021_arm_1,ento_form_1a_immediately_processed_summary,1,2021-08-16,,10,00,0,0,0,0,0,,0,0,0,1,1,0,2,,8,,6,2021-08-19,1,2021-08-19,2
K04,august_2021_arm_1,ento_form_1a_immediately_processed_summary,2,2021-08-23,,10,0,0,0,0,0,0,,0,0,2,0,0,0,2,,2,,6,2021-08-31,1,2021-08-31,2
K04,august_2021_arm_1,ento_form_1a_immediately_processed_summary,3,2021-08-30,,7,0,0,0,0,0,0,,0,2,0,0,2,0,4,,10,,6,2021-08-31,1,2021-08-31,2
K04,september_2021_arm_1,ento_form_1a_immediately_processed_summary,1,2021-09-20,,6,0,0,0,0,0,0,,0,7,2,3,15,0,27,,27,,3,2021-09-27,1,2021-09-27,2
K04,september_2021_arm_1,ento_form_1a_immediately_processed_summary,2,2021-09-27,,6,0,0,0,0,0,0,,0,23,0,3,9,0,35,,43,,3,2021-09-27,1,2021-09-27,2
K04,october_2021_arm_1,ento_form_1a_immediately_processed_summary,1,2021-10-18,,2,0,0,0,0,0,0,,0,30,2,0,4,0,36,,61,,3,2021-10-25,1,2021-10-25,2
K04,october_2021_arm_1,ento_form_1a_immediately_processed_summary,2,2021-10-25,,2,0,0,0,0,0,0,,0,17,1,0,12,0,30,,64,,3,2021-10-25,1,2021-10-25,2
K04,november_2021_arm_1,ento_form_1a_immediately_processed_summary,1,2021-11-22,,3,0,0,0,0,0,0,,0,3,1,0,0,0,4,,17,,3,2021-11-22,1,2021-11-22,2
K04,november_2021_arm_1,ento_form_1a_immediately_processed_summary,2,2021-11-15,,3,0,0,0,0,0,0,,0,18,0,14,20,1,53,,58,,3,2021-11-22,1,2021-11-22,2
K04,december_2021_arm_1,ento_form_1a_immediately_processed_summary,1,2021-12-20,,7,0,0,0,0,0,0,,0,5,0,0,7,0,12,,40,,3,2021-12-20,1,2021-12-20,2
K04,january_2022_arm_1,ento_form_1a_immediately_processed_summary,1,2022-01-24,,9,0,0,0,0,0,0,,0,0,0,0,0,0,0,,0,,3,2022-01-24,1,2022-01-24,2
K04,january_2022_arm_1,ento_form_1a_immediately_processed_summary,2,2022-01-17,,9,0,0,0,0,0,0,,0,0,0,0,1,0,1,,6,,3,2022-01-24,1,2022-01-24,2
K04,february_2022_arm_1,ento_form_1a_immediately_processed_summary,1,2022-02-14,,4,0,0,0,0,0,0,,0,0,0,0,2,0,2,,4,,3,2022-02-16,1,2022-02-16,2
K04,february_2022_arm_1,ento_form_1a_immediately_processed_summary,2,2022-02-21,,4,0,0,0,0,0,0,,0,1,1,0,2,0,4,,11,,3,2022-02-22,1,2022-02-22,2
K04,march_2022_arm_1,ento_form_1a_immediately_processed_summary,1,2022-03-21,,2,0,0,0,0,0,0,,0,0,0,0,0,0,0,,0,,3,2022-03-23,1,2022-03-23,2
K04,march_2022_arm_1,ento_form_1a_immediately_processed_summary,2,2022-03-21,,2,0,0,0,0,0,0,,0,0,0,1,0,0,1,,3,,3,2022-03-23,1,2022-03-23,2
K04,march_2022_arm_1,ento_form_1a_immediately_processed_summary,3,2022-03-28,,2,0,0,0,0,0,0,,0,0,0,0,0,0,0,,0,,3,2022-03-30,1,2022-03-30,2
K04,april_2022_arm_1,ento_form_1a_immediately_processed_summary,1,2022-04-26,,6,0,0,0,0,0,0,,1,0,0,1,1,0,2,,0,,3,2022-04-26,1,2022-04-26,2
K04,april_2022_arm_1,ento_form_1a_immediately_processed_summary,2,2022-04-04,,6,0,0,0,0,0,0,,0,0,0,2,0,0,2,,1,,3,2022-04-26,1,2022-04-26,2
K04,may_2022_arm_1,ento_form_1a_immediately_processed_summary,1,2022-05-23,,7,0,0,0,0,0,0,,0,14,6,0,6,0,26,,44,,3,2022-05-30,1,2022-05-30,2
K04,may_2022_arm_1,ento_form_1a_immediately_processed_summary,2,2022-05-16,,7,0,0,0,0,0,0,,0,2,0,17,13,0,32,,39,,3,2022-05-30,1,2022-05-30,2
K04,june_2022_arm_1,ento_form_1a_immediately_processed_summary,1,2022-06-20,,8,0,0,0,0,0,0,,0,13,3,4,5,0,25,,43,,3,2022-06-30,1,2022-06-30,2
K04,june_2022_arm_1,ento_form_1a_immediately_processed_summary,2,2022-06-13,,8,0,0,0,0,0,0,,1,33,2,19,20,3,77,,123,,3,2022-06-30,1,2022-06-30,2
K04,july_2022_arm_1,ento_form_1a_immediately_processed_summary,1,2022-07-18,,9,0,0,0,0,0,0,,0,0,1,2,3,0,6,,8,,3,2022-07-19,1,2022-07-19,2
K04,july_2022_arm_1,ento_form_1a_immediately_processed_summary,2,2022-07-25,,5,0,0,0,0,0,0,,0,3,7,5,8,0,23,,14,,4,2022-08-02,1,2022-08-02,2
K04,august_2022_arm_1,ento_form_1a_immediately_processed_summary,1,2022-08-01,,5,0,0,0,0,0,0,,0,2,3,15,6,0,26,,12,,4,2022-08-04,1,2022-08-04,2
K04,august_2022_arm_1,ento_form_1a_immediately_processed_summary,2,2022-08-22,,5,0,0,0,0,0,0,,0,0,1,0,2,0,3,,2,,4,2022-08-23,1,2022-08-23,2
K04,september_2022_arm_1,ento_form_1a_immediately_processed_summary,1,2022-09-19,,4,0,0,0,0,0,0,,0,1,0,1,0,0,2,,6,,3,2022-09-23,1,2022-09-23,2
K04,september_2022_arm_1,ento_form_1a_immediately_processed_summary,2,2022-09-12,,2,0,0,0,0,0,0,,0,1,1,19,10,0,31,,38,,3,2022-09-23,1,2022-09-23,2
K04,october_2022_arm_1,ento_form_1a_immediately_processed_summary,1,2022-10-17,,2,0,0,0,0,0,0,,0,1,1,1,3,0,6,,3,,4,2022-10-19,1,2022-10-19,2
K04,october_2022_arm_1,ento_form_1a_immediately_processed_summary,2,2022-10-24,,2,0,0,0,0,0,0,,0,2,0,1,2,0,5,,4,,12,2022-10-24,1,2022-11-02,2
K04,november_2022_arm_1,ento_form_1a_immediately_processed_summary,1,2022-11-14,,6,0,0,0,0,0,0,,0,8,5,38,20,0,71,,60,,10,2022-11-15,1,2022-11-15,2
K04,november_2022_arm_1,ento_form_1a_immediately_processed_summary,2,2022-11-21,,6,0,0,0,0,0,0,,0,38,3,13,37,0,91,,129,,12,2022-11-22,1,2022-11-22,2
K04,december_2022_arm_1,ento_form_1a_immediately_processed_summary,1,2022-12-19,,7,0,0,0,0,0,0,,0,1,0,2,6,0,9,,15,,10,2022-12-19,1,2022-12-19,2
K05,january_2020_arm_1,ento_form_1a_immediately_processed_summary,1,2020-01-20,,7,0,0,0,0,0,0,,1,3,0,8,3,0,14,,40,,3,2020-04-08,1,2020-04-08,2
K05,january_2020_arm_1,ento_form_1a_immediately_processed_summary,2,2020-01-27,,7,0,0,0,0,0,0,,0,2,1,7,4,0,14,,42,,3,2020-04-08,1,2020-04-08,1
K05,february_2020_arm_1,ento_form_1a_immediately_processed_summary,1,2020-02-03,,9,0,0,0,0,0,0,,0,2,7,10,4,2,25,,28,,3,2020-04-10,1,2020-04-10,1
K05,february_2020_arm_1,ento_form_1a_immediately_processed_summary,2,2020-02-17,,3,0,0,0,0,0,0,,0,3,0,7,3,0,13,,14,,3,2020-04-14,1,2020-04-14,1
K05,february_2020_arm_1,ento_form_1a_immediately_processed_summary,3,2020-02-24,,9,0,0,0,0,0,0,,0,0,2,1,1,0,4,,12,,3,2020-04-14,1,2020-04-14,1
K05,march_2020_arm_1,ento_form_1a_immediately_processed_summary,1,2020-03-02,,5,0,1,0,0,0,1,,0,2,2,19,10,0,33,,81,,3,2020-04-27,1,2020-04-27,1
K05,march_2020_arm_1,ento_form_1a_immediately_processed_summary,2,2020-03-16,,8,0,0,0,0,0,0,,0,2,3,4,5,0,14,,89,,3,2020-04-28,1,2020-04-28,1
K05,may_2020_arm_1,ento_form_1a_immediately_processed_summary,1,2020-05-29,,7,0,1,0,1,0,2,,5,53,13,21,46,0,133,,198,,3,2020-06-04,1,2020-06-04,1
K05,june_2020_arm_1,ento_form_1a_immediately_processed_summary,1,2020-06-15,,7,0,1,1,0,0,2,,0,24,15,42,8,0,89,,74,,3,2020-06-17,1,2020-06-17,1
K05,june_2020_arm_1,ento_form_1a_immediately_processed_summary,2,2020-06-22,,7,0,2,0,3,0,5,,5,17,3,27,29,0,76,,174,,3,2020-06-30,1,2020-06-30,1
K05,july_2020_arm_1,ento_form_1a_immediately_processed_summary,1,2020-07-06,,3,0,0,0,0,0,0,,0,1,2,2,1,1,7,,7,,3,2020-07-08,1,2020-07-08,1
K05,july_2020_arm_1,ento_form_1a_immediately_processed_summary,2,2020-07-20,,3,0,0,0,0,0,0,,0,2,0,5,3,0,10,,12,,3,2020-07-22,1,2020-07-22,1
K05,july_2020_arm_1,ento_form_1a_immediately_processed_summary,3,2020-07-27,,3,0,0,0,0,0,0,,0,3,0,1,2,0,6,,9,,3,2020-08-04,1,2020-08-04,1
K05,august_2020_arm_1,ento_form_1a_immediately_processed_summary,1,2020-08-17,,6,0,0,1,0,0,1,,0,0,0,1,3,0,4,,2,,3,2020-08-28,1,2020-08-28,2
K05,august_2020_arm_1,ento_form_1a_immediately_processed_summary,2,2020-08-24,,6,0,0,1,0,0,1,,0,3,0,2,3,0,8,,2,,3,2020-08-28,1,2020-08-28,2
K05,august_2020_arm_1,ento_form_1a_immediately_processed_summary,3,2020-08-31,,5,0,1,1,0,0,2,,0,1,2,12,2,0,17,,8,,3,2020-09-02,1,2020-09-02,2
K05,september_2020_arm_1,ento_form_1a_immediately_processed_summary,1,2020-09-14,,5,0,0,0,0,0,0,,0,2,2,8,1,0,13,,28,,5,2020-09-22,1,2020-09-22,2
K05,september_2020_arm_1,ento_form_1a_immediately_processed_summary,2,2020-09-21,,5,0,1,0,3,0,4,,2,12,14,14,8,0,48,,45,,5,2020-09-22,1,2020-09-22,2
K05,october_2020_arm_1,ento_form_1a_immediately_processed_summary,1,2020-10-05,,4,1,1,0,1,0,3,,5,3,17,42,22,0,84,,41,,3,2020-10-06,1,2020-10-06,2
K05,october_2020_arm_1,ento_form_1a_immediately_processed_summary,2,2020-10-19,,4,1,1,1,1,0,4,,0,16,19,39,20,1,95,,74,,4,2020-10-21,1,2020-10-21,2
K05,october_2020_arm_1,ento_form_1a_immediately_processed_summary,3,2020-10-26,,4,0,1,0,0,0,1,,3,108,65,72,20,0,265,,324,,5,2020-10-27,1,2020-10-27,2
K05,november_2020_arm_1,ento_form_1a_immediately_processed_summary,1,2020-11-02,,9,0,1,0,0,0,1,,1,20,10,32,28,2,92,,122,,4,2020-11-03,1,2020-11-03,2
K05,november_2020_arm_1,ento_form_1a_immediately_processed_summary,2,2020-11-16,,9,1,1,0,0,0,2,,1,14,30,7,18,7,76,,68,,3,2020-11-16,1,2020-11-16,2
K05,november_2020_arm_1,ento_form_1a_immediately_processed_summary,3,2020-11-23,,9,0,0,1,0,0,1,,0,32,8,26,16,2,84,,62,,5,2020-11-25,1,2020-11-25,2
K05,november_2020_arm_1,ento_form_1a_immediately_processed_summary,4,2020-11-30,,8,0,0,0,0,0,0,,0,3,10,25,9,1,48,,64,,3,2020-11-30,1,2020-11-30,2
K05,december_2020_arm_1,ento_form_1a_immediately_processed_summary,1,2020-12-14,,8,0,0,0,0,0,0,,0,0,0,2,1,0,3,,17,,4,2020-12-14,1,2020-12-14,2
K05,january_2021_arm_1,ento_form_1a_immediately_processed_summary,1,2021-01-04,,9,0,0,0,0,0,0,,0,1,8,5,7,0,21,,20,,3,2021-01-07,1,2021-01-07,2
K05,january_2021_arm_1,ento_form_1a_immediately_processed_summary,2,2021-01-18,,9,0,1,1,1,0,3,,1,0,3,2,2,1,8,,8,,3,2021-02-01,1,2021-02-01,2
K05,january_2021_arm_1,ento_form_1a_immediately_processed_summary,3,2021-01-25,,9,0,0,0,0,0,0,,0,1,2,3,1,0,7,,5,,3,2021-02-01,1,2021-02-01,2
K05,feburary_2021_arm_1,ento_form_1a_immediately_processed_summary,1,2021-02-15,,3,0,0,0,1,0,1,,1,3,8,4,3,1,19,,14,,4,2021-02-23,1,2021-02-23,2
K05,feburary_2021_arm_1,ento_form_1a_immediately_processed_summary,2,2021-02-22,,3,0,0,0,0,0,0,,1,3,0,1,1,0,5,,4,,4,2021-02-23,1,2021-02-23,2
K05,march_2021_arm_1,ento_form_1a_immediately_processed_summary,1,2021-03-15,,6,0,0,0,0,0,0,,0,0,0,0,0,0,0,,1,,3,2021-03-28,1,2021-03-28,2
K05,march_2021_arm_1,ento_form_1a_immediately_processed_summary,2,2021-03-22,,6,0,0,0,0,0,0,,0,0,0,0,0,0,0,,1,,3,2021-03-28,1,2021-03-28,2
K05,march_2021_arm_1,ento_form_1a_immediately_processed_summary,3,2021-03-29,,6,0,0,0,0,0,0,,0,0,0,0,0,0,0,,0,,3,2021-03-31,1,2021-03-31,2
K05,april_2021_arm_1,ento_form_1a_immediately_processed_summary,1,2021-04-19,,7,0,1,0,3,0,4,,1,0,0,2,0,0,2,,3,,3,2021-04-25,1,2021-04-25,2
K05,april_2021_arm_1,ento_form_1a_immediately_processed_summary,2,2021-04-26,,7,3,7,2,1,0,13,,11,3,11,5,4,0,23,,10,,5,2021-04-28,1,2021-04-28,2
K05,may_2021_arm_1,ento_form_1a_immediately_processed_summary,1,2021-05-17,,4,15,15,2,8,0,40,,22,9,14,27,21,1,72,,56,,5,2021-05-18,1,2021-05-18,2
K05,may_2021_arm_1,ento_form_1a_immediately_processed_summary,2,2021-05-24,,4,1,10,1,3,0,15,,26,26,33,57,42,3,161,,99,,5,2021-06-08,1,2021-06-08,2
K05,june_2021_arm_1,ento_form_1a_immediately_processed_summary,1,2021-06-14,,10,0,1,0,3,0,4,,5,15,30,14,15,0,74,,160,,4,2021-07-01,1,2021-07-01,2
K05,june_2021_arm_1,ento_form_1a_immediately_processed_summary,2,2021-06-21,,10,0,1,1,2,0,4,,5,15,34,17,42,0,108,,145,,6,2021-07-02,1,2021-07-02,2
K05,june_2021_arm_1,ento_form_1a_immediately_processed_summary,3,2021-06-28,,10,0,4,3,1,0,8,,1,22,30,47,44,0,143,,101,,6,2021-07-05,1,2021-07-05,2
K05,july_2021_arm_1,ento_form_1a_immediately_processed_summary,1,2021-07-19,,9,0,0,0,1,0,1,,1,2,5,3,4,0,14,,32,,6,2021-07-22,1,2021-07-22,2
K05,july_2021_arm_1,ento_form_1a_immediately_processed_summary,2,2021-07-26,,9,0,0,0,1,0,1,,2,0,10,2,5,0,17,,32,,6,2021-07-29,1,2021-07-29,2
K05,august_2021_arm_1,ento_form_1a_immediately_processed_summary,1,2021-08-16,,2,0,2,0,0,0,2,,3,1,0,4,2,0,7,,16,,6,2021-08-19,1,2021-08-19,2
K05,august_2021_arm_1,ento_form_1a_immediately_processed_summary,2,2021-08-23,,2,0,0,0,0,0,0,,0,2,1,0,2,0,5,,5,,6,2021-08-31,1,2021-08-31,2
K05,august_2021_arm_1,ento_form_1a_immediately_processed_summary,3,2021-08-30,,2,0,0,0,0,0,0,,0,2,3,9,1,0,15,,25,,6,2021-08-31,1,2021-08-31,2
K05,september_2021_arm_1,ento_form_1a_immediately_processed_summary,1,2021-09-20,,3,0,0,0,0,0,0,,1,9,12,10,13,0,44,,18,,3,2021-09-27,1,2021-09-27,2
K05,september_2021_arm_1,ento_form_1a_immediately_processed_summary,2,2021-09-27,,3,0,0,0,0,0,0,,0,16,10,22,16,0,64,,91,,3,2021-09-27,1,2021-09-27,2
K05,october_2021_arm_1,ento_form_1a_immediately_processed_summary,1,2021-10-18,,3,0,0,0,0,0,0,,1,19,14,20,13,1,67,,95,,3,2021-10-25,1,2021-10-25,2
K05,october_2021_arm_1,ento_form_1a_immediately_processed_summary,2,2021-10-25,,10,0,1,0,1,0,2,,0,23,26,6,20,0,75,,103,,3,2021-10-25,1,2021-10-25,2
K05,november_2021_arm_1,ento_form_1a_immediately_processed_summary,1,2021-11-22,,4,0,0,0,2,0,2,,0,40,61,37,37,0,175,,136,,3,2021-11-22,1,2021-11-22,2
K05,november_2021_arm_1,ento_form_1a_immediately_processed_summary,2,2021-11-15,,4,0,0,0,0,0,0,,2,30,48,44,35,2,159,,132,,3,2021-11-22,1,2021-11-22,2
K05,december_2021_arm_1,ento_form_1a_immediately_processed_summary,1,2021-12-20,,2,0,0,0,0,0,0,,0,17,11,20,24,0,72,,124,,3,2021-12-20,1,2021-12-20,2
K05,january_2022_arm_1,ento_form_1a_immediately_processed_summary,1,2022-01-24,,10,0,0,0,0,0,0,,0,0,4,4,8,0,16,,35,,3,2022-01-24,1,2022-01-24,2
K05,january_2022_arm_1,ento_form_1a_immediately_processed_summary,2,2022-01-17,,10,0,0,0,0,0,0,,0,2,1,13,5,0,21,,12,,3,2022-01-24,1,2022-01-24,2
K05,february_2022_arm_1,ento_form_1a_immediately_processed_summary,1,2022-02-14,,7,0,1,0,0,0,1,,0,2,0,0,2,0,4,,13,,3,2022-02-16,1,2022-02-16,2
K05,february_2022_arm_1,ento_form_1a_immediately_processed_summary,2,2022-02-21,,7,0,0,0,0,0,0,,1,0,6,0,3,0,9,,17,,3,2022-02-22,1,2022-02-22,2
K05,march_2022_arm_1,ento_form_1a_immediately_processed_summary,1,2022-03-21,,8,0,0,0,0,0,0,,0,0,0,0,0,0,0,,0,,3,2022-03-23,1,2022-03-23,2
K05,march_2022_arm_1,ento_form_1a_immediately_processed_summary,2,2022-03-14,,8,0,0,0,1,0,1,,0,0,0,0,0,0,0,,2,,3,2022-03-23,1,2022-03-23,2
K05,march_2022_arm_1,ento_form_1a_immediately_processed_summary,3,2022-03-28,,8,0,0,0,0,0,0,,0,0,0,0,0,0,0,,1,,3,2022-03-30,1,2022-03-30,2
K05,april_2022_arm_1,ento_form_1a_immediately_processed_summary,1,2022-04-26,,9,0,0,0,0,0,0,,0,1,1,2,3,0,7,,5,,3,2022-04-26,1,2022-04-26,2
K05,april_2022_arm_1,ento_form_1a_immediately_processed_summary,2,2022-04-04,,9,0,0,0,0,0,0,,0,0,0,0,0,0,0,,1,,3,2022-04-26,1,2022-04-26,2
K05,may_2022_arm_1,ento_form_1a_immediately_processed_summary,1,2022-05-23,,2,0,0,0,0,0,0,,0,33,73,29,33,0,168,,102,,3,2022-05-30,1,2022-05-30,2
K05,may_2022_arm_1,ento_form_1a_immediately_processed_summary,2,2022-05-16,,2,0,0,0,0,0,0,,0,23,20,39,23,4,109,,71,,3,2022-05-30,1,2022-05-30,2
K05,june_2022_arm_1,ento_form_1a_immediately_processed_summary,1,2022-06-20,,4,0,0,0,0,0,0,,4,42,62,17,41,0,162,,260,,3,2022-06-30,1,2022-06-30,2
K05,june_2022_arm_1,ento_form_1a_immediately_processed_summary,2,2022-06-13,,4,0,0,0,1,0,1,,0,179,59,86,51,9,384,,596,,3,2022-06-30,1,2022-06-30,2
K05,july_2022_arm_1,ento_form_1a_immediately_processed_summary,1,2022-07-18,,3,0,0,0,0,0,0,,0,12,9,9,18,0,48,,111,,3,2022-07-19,1,2022-07-19,2
K05,july_2022_arm_1,ento_form_1a_immediately_processed_summary,2,2022-07-25,,3,0,0,0,0,0,0,,0,11,4,10,2,0,27,,75,,4,2022-08-02,1,2022-08-02,2
K05,august_2022_arm_1,ento_form_1a_immediately_processed_summary,1,2022-08-01,,7,0,0,0,0,0,0,,0,13,17,14,14,0,58,,79,,4,2022-08-04,1,2022-08-04,2
K05,august_2022_arm_1,ento_form_1a_immediately_processed_summary,2,2022-08-22,,7,0,0,0,0,0,0,,0,6,3,9,3,0,21,,41,,4,2022-08-23,1,2022-08-23,2
K05,september_2022_arm_1,ento_form_1a_immediately_processed_summary,1,2022-09-19,,5,0,0,0,0,0,0,,0,16,0,0,1,0,17,,26,,3,2022-09-23,1,2022-09-23,2
K05,september_2022_arm_1,ento_form_1a_immediately_processed_summary,2,2022-09-12,,5,0,0,0,0,0,0,,0,0,0,1,0,0,1,,2,,3,2022-09-23,1,2022-09-23,2
K05,october_2022_arm_1,ento_form_1a_immediately_processed_summary,1,2022-10-17,,8,0,0,0,0,0,0,,2,4,4,7,6,0,21,,38,,4,2022-10-19,1,2022-10-19,2
K05,october_2022_arm_1,ento_form_1a_immediately_processed_summary,2,2022-10-24,,8,0,0,0,0,0,0,0,0,7,5,6,8,0,26,,33,,9,2022-10-24,1,2022-11-02,2
K05,november_2022_arm_1,ento_form_1a_immediately_processed_summary,1,2022-11-14,,4,0,0,0,0,0,0,,1,26,43,60,34,0,163,,69,,10,2022-11-15,1,2022-11-15,2
K05,november_2022_arm_1,ento_form_1a_immediately_processed_summary,2,2022-11-21,,4,0,0,0,0,0,0,,0,41,55,65,47,0,208,,168,,12,2022-11-22,1,2022-11-22,2
K05,december_2022_arm_1,ento_form_1a_immediately_processed_summary,1,2022-12-19,,9,0,0,0,0,0,0,,0,10,4,10,16,0,40,,92,,10,2022-12-19,1,2022-12-19,2
K07,january_2020_arm_1,ento_form_1a_immediately_processed_summary,1,2020-01-20,,5,0,0,0,0,0,0,0,0,12,0,13,4,0,29,0,51,,3,2020-03-30,1,2020-03-30,2
K07,january_2020_arm_1,ento_form_1a_immediately_processed_summary,2,2020-01-27,,5,0,0,0,0,0,0,,0,4,0,11,11,0,26,,41,,3,2020-04-08,1,2020-04-08,1
K07,february_2020_arm_1,ento_form_1a_immediately_processed_summary,1,2020-02-03,,3,0,0,0,0,0,0,,0,3,0,27,6,0,36,,16,,3,2020-04-10,1,2020-04-10,1
K07,february_2020_arm_1,ento_form_1a_immediately_processed_summary,2,2020-02-17,,3,0,0,0,0,0,0,,0,2,0,2,1,0,5,,2,,3,2020-04-14,1,2020-04-14,1
K07,february_2020_arm_1,ento_form_1a_immediately_processed_summary,3,2020-02-24,,3,0,0,0,0,0,0,,0,4,0,4,4,0,12,,10,,3,2020-04-14,1,2020-04-14,1
K07,march_2020_arm_1,ento_form_1a_immediately_processed_summary,1,2020-03-02,,7,1,0,0,0,0,1,,0,4,0,3,9,0,16,,26,,3,2020-04-28,1,2020-04-28,1
K07,march_2020_arm_1,ento_form_1a_immediately_processed_summary,2,2020-03-16,,7,0,0,0,0,0,0,,0,1,3,2,6,0,12,,25,,3,2020-04-28,1,2020-04-28,1
K07,may_2020_arm_1,ento_form_1a_immediately_processed_summary,1,2020-05-29,,5,0,0,0,0,0,0,,0,51,6,64,35,0,156,,128,,3,2020-06-04,1,2020-06-04,1
K07,june_2020_arm_1,ento_form_1a_immediately_processed_summary,1,2020-06-15,,5,2,0,0,0,0,2,,5,30,4,94,32,0,160,,119,,3,2020-06-16,1,2020-06-16,1
K07,june_2020_arm_1,ento_form_1a_immediately_processed_summary,2,2020-06-22,,2,0,0,0,0,0,0,,1,10,34,24,27,0,95,,96,,3,2020-06-30,1,2020-06-30,1
K07,july_2020_arm_1,ento_form_1a_immediately_processed_summary,1,2020-07-06,,8,0,0,0,0,0,0,,0,5,3,6,7,0,21,,44,,3,2020-07-08,1,2020-07-08,1
K07,july_2020_arm_1,ento_form_1a_immediately_processed_summary,2,2020-07-20,,8,0,1,1,0,0,2,,2,3,0,8,6,0,17,,54,,3,2020-07-22,1,2020-07-22,1
K07,july_2020_arm_1,ento_form_1a_immediately_processed_summary,3,2020-07-27,,8,0,0,0,0,0,0,,0,5,0,5,2,0,12,,21,,3,2020-08-04,1,2020-08-04,1
K07,august_2020_arm_1,ento_form_1a_immediately_processed_summary,1,2020-08-17,,9,0,1,0,0,0,1,,0,0,3,2,3,0,8,,5,,3,2020-08-28,1,2020-08-28,2
K07,august_2020_arm_1,ento_form_1a_immediately_processed_summary,2,2020-08-24,,2,0,0,0,0,0,0,,0,1,4,4,1,0,10,,7,,3,2020-08-28,1,2020-08-28,2
K07,august_2020_arm_1,ento_form_1a_immediately_processed_summary,3,2020-08-31,,4,0,0,0,0,0,0,,0,0,0,1,5,0,6,,11,,3,2020-09-02,1,2020-09-02,2
K07,september_2020_arm_1,ento_form_1a_immediately_processed_summary,1,2020-09-14,,4,0,0,0,1,0,1,,0,1,0,5,5,2,13,,9,,3,2020-09-22,1,2020-09-22,2
K07,september_2020_arm_1,ento_form_1a_immediately_processed_summary,2,2020-09-21,,4,0,0,0,0,0,0,,0,3,4,4,6,0,17,,8,,3,2020-09-22,1,2020-09-22,2
K07,september_2020_arm_1,ento_form_1a_immediately_processed_summary,3,2020-09-21,,2,0,0,0,0,0,0,,0,2,0,2,1,0,5,,5,,5,2020-09-23,1,2020-09-23,2
K07,october_2020_arm_1,ento_form_1a_immediately_processed_summary,1,2020-10-05,,3,0,1,0,0,0,1,,0,7,0,13,14,2,36,,18,,3,2020-10-06,1,2020-10-06,2
K07,october_2020_arm_1,ento_form_1a_immediately_processed_summary,2,2020-10-19,,3,0,0,1,0,0,1,,0,3,4,10,11,1,29,,28,,4,2020-10-21,1,2020-10-21,2
K07,october_2020_arm_1,ento_form_1a_immediately_processed_summary,3,2020-10-26,,3,0,0,0,0,0,0,,0,24,2,22,4,2,54,,38,,5,2020-10-27,1,2020-10-27,2
K07,november_2020_arm_1,ento_form_1a_immediately_processed_summary,1,2020-11-02,,7,0,0,0,0,0,0,,2,16,2,24,9,0,51,,93,,4,2020-11-03,1,2020-11-03,2
K07,november_2020_arm_1,ento_form_1a_immediately_processed_summary,2,2020-11-16,,7,0,0,0,0,0,0,,1,21,24,27,54,0,126,,229,,3,2020-11-16,1,2020-11-16,2
K07,november_2020_arm_1,ento_form_1a_immediately_processed_summary,3,2020-11-23,,7,0,0,0,0,0,0,,2,24,17,24,20,0,85,,89,,5,2020-11-25,1,2020-11-25,2
K07,november_2020_arm_1,ento_form_1a_immediately_processed_summary,4,2020-11-30,,2,0,0,0,0,0,0,,0,3,10,7,13,0,33,,30,,3,2020-11-30,1,2020-11-30,2
K07,december_2020_arm_1,ento_form_1a_immediately_processed_summary,1,2020-12-14,,6,0,0,0,0,0,0,,0,2,0,2,8,0,12,,26,,4,2020-12-14,1,2020-12-14,2
K07,january_2021_arm_1,ento_form_1a_immediately_processed_summary,1,2021-01-04,,5,0,0,0,0,0,0,,1,3,2,1,5,0,11,,32,,3,2021-01-07,1,2021-01-07,2
K07,january_2021_arm_1,ento_form_1a_immediately_processed_summary,2,2021-01-18,,2,0,0,0,0,0,0,,0,0,6,0,2,0,8,,26,,3,2021-02-01,1,2021-02-01,2
K07,january_2021_arm_1,ento_form_1a_immediately_processed_summary,3,2021-01-25,,2,0,0,0,0,0,0,,1,0,0,0,1,0,1,,6,,3,2021-02-01,1,2021-02-01,2
K07,feburary_2021_arm_1,ento_form_1a_immediately_processed_summary,1,2021-02-15,,8,1,0,0,0,0,1,,2,0,0,0,0,0,0,,5,,4,2021-02-23,1,2021-02-23,2
K07,feburary_2021_arm_1,ento_form_1a_immediately_processed_summary,2,2021-02-22,,8,0,0,0,0,0,0,,0,0,0,0,1,0,1,,7,,4,2021-02-23,1,2021-02-23,2
K07,march_2021_arm_1,ento_form_1a_immediately_processed_summary,1,2021-03-15,,3,0,0,0,0,0,0,,2,1,0,1,0,0,2,,3,,3,2021-03-28,1,2021-03-28,2
K07,march_2021_arm_1,ento_form_1a_immediately_processed_summary,2,2021-03-22,,4,0,0,0,0,0,0,,0,1,0,0,3,0,4,,6,,3,2021-03-28,1,2021-03-28,2
K07,march_2021_arm_1,ento_form_1a_immediately_processed_summary,3,2021-03-29,,6,1,0,0,0,0,1,,1,0,0,1,0,0,1,,1,,3,2021-09-03,1,2021-09-03,2
K07,march_2021_arm_1,ento_form_1a_immediately_processed_summary,4,2021-03-29,,6,1,0,0,0,0,1,,1,0,0,1,0,0,1,,1,,5,2021-04-28,1,2021-04-28,2
K07,april_2021_arm_1,ento_form_1a_immediately_processed_summary,1,2021-04-26,,9,0,0,0,0,0,0,,0,1,0,2,1,0,4,,1,,5,2021-04-28,1,2021-04-28,2
K07,may_2021_arm_1,ento_form_1a_immediately_processed_summary,1,2021-05-17,,6,5,1,0,0,0,6,,5,10,0,11,6,1,28,,41,,5,2021-05-18,1,2021-05-18,2
K07,may_2021_arm_1,ento_form_1a_immediately_processed_summary,2,2021-05-24,,6,6,4,1,1,0,12,,8,25,25,30,36,0,116,,60,,5,2021-06-08,1,2021-06-08,2
K07,june_2021_arm_1,ento_form_1a_immediately_processed_summary,1,2021-06-14,,10,1,1,1,2,0,5,,3,11,21,18,28,0,78,,135,,4,2021-07-01,1,2021-07-01,2
K07,june_2021_arm_1,ento_form_1a_immediately_processed_summary,2,2021-06-21,,7,0,0,0,1,0,1,,1,6,11,15,18,0,50,,42,,6,2021-07-02,1,2021-07-02,2
K07,june_2021_arm_1,ento_form_1a_immediately_processed_summary,3,2021-06-28,,7,0,0,1,1,0,2,,1,1,7,18,8,0,34,,61,,6,2021-07-05,1,2021-07-05,2
K07,july_2021_arm_1,ento_form_1a_immediately_processed_summary,1,2021-07-19,,2,0,0,0,0,0,0,,1,0,11,8,2,0,21,,5,,6,2021-07-22,1,2021-07-22,2
K07,july_2021_arm_1,ento_form_1a_immediately_processed_summary,2,2021-07-26,,2,0,0,0,1,0,1,,2,2,9,4,10,0,25,,38,,6,2021-07-29,1,2021-07-29,2
K07,august_2021_arm_1,ento_form_1a_immediately_processed_summary,1,2021-08-16,,4,0,0,0,0,0,0,,0,0,0,3,2,2,7,,12,,6,2021-08-19,1,2021-08-19,2
K07,august_2021_arm_1,ento_form_1a_immediately_processed_summary,2,2021-08-23,,5,0,0,0,0,0,0,,0,0,0,0,1,0,1,,3,,6,2021-08-31,1,2021-08-31,2
K07,august_2021_arm_1,ento_form_1a_immediately_processed_summary,3,2021-08-30,,5,0,0,0,0,0,0,,0,2,1,2,0,0,5,,8,,6,2021-08-31,1,2021-08-31,2
K07,september_2021_arm_1,ento_form_1a_immediately_processed_summary,1,2021-09-20,,10,0,0,0,0,0,0,,0,4,9,11,8,0,32,,8,,3,2021-09-27,1,2021-09-27,2
K07,september_2021_arm_1,ento_form_1a_immediately_processed_summary,2,2021-09-27,,10,0,0,0,0,0,0,,0,6,0,7,7,0,20,,18,,3,2021-09-27,1,2021-09-27,2
K07,october_2021_arm_1,ento_form_1a_immediately_processed_summary,1,2021-10-18,,3,0,0,0,0,0,0,,1,16,9,10,20,0,55,,63,,3,2021-10-25,1,2021-10-25,2
K07,october_2021_arm_1,ento_form_1a_immediately_processed_summary,2,2021-10-25,,3,0,0,0,0,0,0,,0,19,13,0,3,0,35,,28,,3,2021-10-25,1,2021-10-25,2
K07,november_2021_arm_1,ento_form_1a_immediately_processed_summary,1,2021-11-22,,9,0,0,0,0,0,0,,0,1,11,1,1,0,14,,9,,3,2021-11-22,1,2021-11-22,2
K07,november_2021_arm_1,ento_form_1a_immediately_processed_summary,2,2021-11-15,,9,0,0,0,0,0,0,,0,14,0,2,7,0,23,,22,,3,2021-11-22,1,2021-11-22,2
K07,december_2021_arm_1,ento_form_1a_immediately_processed_summary,1,2021-12-20,,9,0,0,0,0,0,0,,0,1,0,2,1,0,4,,7,,3,2021-12-20,1,2021-12-20,2
K07,january_2022_arm_1,ento_form_1a_immediately_processed_summary,1,2022-01-24,,7,0,0,0,0,0,0,,0,4,0,6,3,0,13,,16,,3,2022-01-24,1,2022-01-24,2
K07,january_2022_arm_1,ento_form_1a_immediately_processed_summary,2,2022-01-17,,9,0,0,0,0,0,0,,1,7,5,5,16,0,33,,19,,3,2022-01-24,1,2022-01-24,2
K07,february_2022_arm_1,ento_form_1a_immediately_processed_summary,1,2022-02-14,,8,0,0,0,0,0,0,,0,0,1,0,0,0,1,,13,,3,2022-02-16,1,2022-02-16,2
K07,february_2022_arm_1,ento_form_1a_immediately_processed_summary,2,2022-02-21,,8,0,0,0,0,0,0,,1,1,0,3,0,0,4,,13,,3,2022-02-22,1,2022-02-22,2
K07,march_2022_arm_1,ento_form_1a_immediately_processed_summary,1,2022-03-21,,4,0,0,0,0,0,0,,0,0,0,0,0,0,0,,16,,3,2022-03-23,1,2022-03-23,2
K07,march_2022_arm_1,ento_form_1a_immediately_processed_summary,2,2022-03-14,,4,0,0,0,0,0,0,,0,0,1,0,2,1,4,,22,,3,2022-03-23,1,2022-03-23,2
K07,march_2022_arm_1,ento_form_1a_immediately_processed_summary,3,2022-03-28,,4,0,0,2,0,0,2,,0,0,0,1,1,0,2,,7,,3,2022-03-30,1,2022-03-30,2
K07,april_2022_arm_1,ento_form_1a_immediately_processed_summary,1,2022-04-26,,10,0,0,0,0,0,0,,0,5,0,0,3,0,8,,16,,3,2022-04-26,1,2022-04-26,2
K07,april_2022_arm_1,ento_form_1a_immediately_processed_summary,2,2022-04-04,,10,0,0,0,0,0,0,,1,1,0,0,1,0,2,,2,,3,2022-04-26,1,2022-04-26,2
K07,may_2022_arm_1,ento_form_1a_immediately_processed_summary,1,2022-05-23,,9,0,0,0,0,0,0,,0,14,24,12,7,0,57,,82,,3,2022-05-30,1,2022-05-30,2
K07,may_2022_arm_1,ento_form_1a_immediately_processed_summary,2,2022-05-16,,9,0,0,0,0,0,0,,1,31,19,33,10,0,93,,146,,3,2022-05-30,1,2022-05-30,2
K07,june_2022_arm_1,ento_form_1a_immediately_processed_summary,1,2022-06-20,,6,0,0,0,1,0,1,,0,10,7,14,15,1,47,,106,,3,2022-06-30,1,2022-06-30,2
K07,june_2022_arm_1,ento_form_1a_immediately_processed_summary,2,2022-06-13,,6,1,0,0,0,0,1,,1,65,43,57,44,9,218,,288,,3,2022-06-30,1,2022-06-30,2
K07,july_2022_arm_1,ento_form_1a_immediately_processed_summary,1,2022-07-18,,7,0,2,0,0,0,2,,1,7,8,2,12,0,29,,38,,3,2022-07-19,1,2022-07-19,2
K07,july_2022_arm_1,ento_form_1a_immediately_processed_summary,2,2022-07-25,,7,0,1,1,0,0,2,,0,9,3,3,17,0,32,,74,,4,2022-08-02,1,2022-08-02,2
K07,august_2022_arm_1,ento_form_1a_immediately_processed_summary,1,2022-08-01,,6,0,0,0,0,0,0,,0,9,5,8,11,0,33,,76,,4,2022-08-04,1,2022-08-04,2
K07,august_2022_arm_1,ento_form_1a_immediately_processed_summary,2,2022-08-22,,2,0,0,0,0,0,0,,0,2,0,0,1,0,3,,2,,4,2022-08-23,1,2022-08-23,2
K07,september_2022_arm_1,ento_form_1a_immediately_processed_summary,1,2022-09-19,,8,0,0,0,0,0,0,,0,2,4,2,3,0,11,,11,,3,2022-09-23,1,2022-09-23,2
K07,september_2022_arm_1,ento_form_1a_immediately_processed_summary,2,2022-09-12,,8,1,0,0,0,0,1,,0,2,0,3,4,0,9,,15,,3,2022-09-23,1,2022-09-23,2
K07,october_2022_arm_1,ento_form_1a_immediately_processed_summary,1,2022-10-17,,4,0,0,1,0,0,1,,0,3,4,5,3,0,15,,30,,4,2022-10-19,1,2022-10-19,2
K07,october_2022_arm_1,ento_form_1a_immediately_processed_summary,2,2022-10-24,,4,0,0,0,0,0,0,,0,11,16,8,7,0,42,,27,,3,2022-11-02,1,2022-11-02,2
K07,november_2022_arm_1,ento_form_1a_immediately_processed_summary,1,2022-11-14,,9,0,0,0,0,0,0,,0,14,34,20,12,2,82,,44,,10,2022-11-15,1,2022-11-15,2
K07,november_2022_arm_1,ento_form_1a_immediately_processed_summary,2,2022-11-21,,2,0,1,0,0,0,1,,0,29,21,10,36,0,96,,104,,12,2022-11-22,1,2022-11-22,2
K07,december_2022_arm_1,ento_form_1a_immediately_processed_summary,1,2022-12-19,,3,0,0,0,0,0,0,,0,18,0,4,2,0,24,,32,,10,2022-12-19,1,2022-12-19,2
K09,march_2020_arm_1,ento_form_1a_immediately_processed_summary,1,2020-03-16,,9,0,0,0,0,0,0,,0,6,4,2,7,0,19,,30,,3,2020-03-24,1,2020-03-24,1
K09,march_2020_arm_1,ento_form_1a_immediately_processed_summary,2,2020-03-02,,9,0,0,0,0,0,0,,0,8,2,10,6,0,26,,28,,3,2020-04-28,1,2020-04-28,1
K09,january_2020_arm_1,ento_form_1a_immediately_processed_summary,1,2020-01-20,,4,0,1,0,0,0,1,,1,9,2,2,5,1,19,,24,,3,2020-04-08,1,2020-04-08,2
K09,january_2020_arm_1,ento_form_1a_immediately_processed_summary,2,2020-01-27,,4,0,1,0,0,0,1,,0,10,5,20,9,1,45,,50,,3,2020-04-08,1,2020-04-08,1
K09,february_2020_arm_1,ento_form_1a_immediately_processed_summary,1,2020-02-03,,7,0,0,0,0,0,0,,0,7,1,8,3,0,19,,30,,3,2020-04-10,1,2020-04-10,1
K09,february_2020_arm_1,ento_form_1a_immediately_processed_summary,2,2020-02-17,,9,0,0,0,0,0,0,,0,4,1,6,2,0,13,,12,,3,2020-04-14,1,2020-04-14,1
K09,february_2020_arm_1,ento_form_1a_immediately_processed_summary,3,2020-02-24,,7,0,0,0,0,0,0,,0,5,0,10,5,0,20,,35,,3,2020-04-14,1,2020-04-14,1
K09,may_2020_arm_1,ento_form_1a_immediately_processed_summary,1,2020-05-29,,4,0,0,0,0,0,0,,0,70,16,45,66,2,199,,280,,3,2020-06-04,1,2020-06-04,1
K09,june_2020_arm_1,ento_form_1a_immediately_processed_summary,1,2020-06-15,,4,0,1,0,0,0,1,,0,41,19,32,32,1,125,,272,,3,2020-06-17,1,2020-06-17,1
K09,june_2020_arm_1,ento_form_1a_immediately_processed_summary,2,2020-06-22,,4,0,0,0,0,0,0,,1,35,16,24,44,6,125,,264,,3,2020-06-30,1,2020-06-30,1
K09,july_2020_arm_1,ento_form_1a_immediately_processed_summary,1,2020-07-06,,9,0,0,0,0,0,0,,0,4,3,8,1,0,16,,14,,3,2020-07-08,1,2020-07-08,1
K09,july_2020_arm_1,ento_form_1a_immediately_processed_summary,2,2020-07-20,,9,0,0,0,0,0,0,,0,2,4,5,7,0,18,,52,,3,2020-07-22,1,2020-07-22,1
K09,july_2020_arm_1,ento_form_1a_immediately_processed_summary,3,2020-07-27,,9,0,1,0,0,0,1,,0,2,2,1,1,0,6,,18,,3,2020-08-04,1,2020-08-04,1
K09,august_2020_arm_1,ento_form_1a_immediately_processed_summary,1,2020-08-17,,5,0,0,0,0,0,0,,0,2,0,1,3,0,6,,19,,3,2020-08-28,1,2020-08-28,2
K09,august_2020_arm_1,ento_form_1a_immediately_processed_summary,2,2020-08-24,,5,0,0,0,0,0,0,,0,3,0,0,3,0,6,,10,,3,2020-08-28,1,2020-08-28,2
K09,august_2020_arm_1,ento_form_1a_immediately_processed_summary,3,2020-08-31,,3,0,0,0,0,0,0,,0,2,0,2,3,0,7,,6,,3,2020-09-02,1,2020-09-02,2
K09,september_2020_arm_1,ento_form_1a_immediately_processed_summary,1,2020-09-14,,3,0,0,0,0,0,0,,0,1,0,0,0,0,1,,5,,3,2020-09-22,1,2020-09-22,2
K09,september_2020_arm_1,ento_form_1a_immediately_processed_summary,2,2020-09-21,,3,0,0,0,0,0,0,,0,3,1,8,11,1,24,,24,,3,2020-09-22,1,2020-09-22,2
K09,october_2020_arm_1,ento_form_1a_immediately_processed_summary,1,2020-10-05,,6,0,1,0,0,0,1,,0,9,1,10,16,0,36,,116,,3,2020-10-06,1,2020-10-06,2
K09,october_2020_arm_1,ento_form_1a_immediately_processed_summary,2,2020-10-19,,6,0,0,0,0,0,0,,1,49,8,40,25,0,122,,109,,4,2020-10-21,1,2020-10-21,2
K09,october_2020_arm_1,ento_form_1a_immediately_processed_summary,3,2020-10-26,,6,0,0,0,0,0,0,0,0,42,6,20,21,0,89,,101,,5,2020-10-27,1,2020-10-27,2
K09,november_2020_arm_1,ento_form_1a_immediately_processed_summary,1,2020-11-02,,8,0,0,0,0,0,0,,0,45,3,26,28,1,103,,233,,4,2020-11-03,1,2020-11-03,2
K09,november_2020_arm_1,ento_form_1a_immediately_processed_summary,2,2020-11-16,,8,0,0,0,0,0,0,,0,12,3,32,19,2,68,,132,,3,2020-11-16,1,2020-11-16,2
K09,november_2020_arm_1,ento_form_1a_immediately_processed_summary,3,2020-11-23,,8,0,0,1,0,0,1,,1,29,2,57,16,0,104,,154,,5,2020-11-25,1,2020-11-25,2
K09,november_2020_arm_1,ento_form_1a_immediately_processed_summary,4,2020-11-30,,7,0,0,0,0,0,0,,0,24,12,37,30,0,103,,94,,3,2020-11-30,1,2020-11-30,2
K09,december_2020_arm_1,ento_form_1a_immediately_processed_summary,1,2020-12-14,,7,0,1,0,0,0,1,,0,13,24,16,20,0,73,,161,,4,2020-12-14,1,2020-12-14,2
K09,january_2021_arm_1,ento_form_1a_immediately_processed_summary,1,2021-01-04,,3,0,0,0,0,0,0,,0,1,0,1,1,0,3,,3,,3,2021-01-07,1,2021-01-07,2
K09,january_2021_arm_1,ento_form_1a_immediately_processed_summary,2,2021-01-18,,3,0,0,0,0,0,0,,0,3,0,4,4,1,12,,7,,3,2021-02-01,1,2021-02-01,2
K09,january_2021_arm_1,ento_form_1a_immediately_processed_summary,3,2021-01-25,,3,0,0,0,0,0,0,,0,1,0,2,1,0,4,,2,,3,2021-02-01,1,2021-02-01,2
K09,feburary_2021_arm_1,ento_form_1a_immediately_processed_summary,1,2021-02-15,,4,0,0,2,0,0,2,,0,0,0,0,2,0,2,,11,,4,2021-02-23,1,2021-02-23,2
K09,feburary_2021_arm_1,ento_form_1a_immediately_processed_summary,2,2021-02-22,,4,1,0,0,1,0,2,,2,1,0,0,1,0,2,,1,,4,2021-02-23,1,2021-02-23,2
K09,march_2021_arm_1,ento_form_1a_immediately_processed_summary,1,2021-03-15,,2,0,0,2,0,0,2,,1,0,0,1,0,0,1,,0,,3,2021-03-28,1,2021-03-28,2
K09,march_2021_arm_1,ento_form_1a_immediately_processed_summary,2,2021-03-22,,2,0,0,1,0,0,1,,1,0,0,0,0,0,0,,2,,3,2021-03-28,1,2021-03-28,2
K09,march_2021_arm_1,ento_form_1a_immediately_processed_summary,3,2021-03-29,,2,0,1,0,0,0,1,,0,0,0,0,0,0,0,,0,,3,2021-03-31,1,2021-03-31,2
K09,april_2021_arm_1,ento_form_1a_immediately_processed_summary,1,2021-04-19,,6,1,0,0,0,0,1,,0,1,2,3,1,0,7,,0,,3,2021-04-25,1,2021-04-25,2
K09,april_2021_arm_1,ento_form_1a_immediately_processed_summary,2,2021-04-26,,2,0,1,0,0,0,1,,0,4,2,0,1,0,7,,1,,5,2021-04-28,1,2021-04-28,2
K09,may_2021_arm_1,ento_form_1a_immediately_processed_summary,1,2021-05-17,,3,1,3,0,0,0,4,,2,15,3,8,4,0,30,,27,,5,2021-05-18,1,2021-05-18,2
K09,may_2021_arm_1,ento_form_1a_immediately_processed_summary,2,2021-05-24,,3,2,1,0,0,0,3,,2,12,0,10,27,4,53,,41,,5,2021-06-08,1,2021-06-08,2
K09,june_2021_arm_1,ento_form_1a_immediately_processed_summary,1,2021-06-14,,6,1,0,0,1,0,2,,2,21,16,17,9,0,63,,72,,4,2021-07-01,1,2021-07-01,2
K09,june_2021_arm_1,ento_form_1a_immediately_processed_summary,2,2021-06-21,,2,0,0,0,0,0,0,,0,33,19,8,36,0,96,,166,,6,2021-07-02,1,2021-07-02,2
K09,june_2021_arm_1,ento_form_1a_immediately_processed_summary,3,2021-06-28,,6,0,0,0,0,0,0,,1,12,3,7,24,0,46,,154,,6,2021-07-05,1,2021-07-05,2
K09,july_2021_arm_1,ento_form_1a_immediately_processed_summary,1,2021-07-19,,7,0,0,0,0,0,0,,2,4,5,9,5,0,23,,88,,6,2021-07-22,1,2021-07-22,2
K09,july_2021_arm_1,ento_form_1a_immediately_processed_summary,2,2021-07-26,,3,0,0,0,0,0,0,,0,3,0,2,1,0,6,,14,,6,2021-08-02,1,2021-08-02,2
K09,august_2021_arm_1,ento_form_1a_immediately_processed_summary,1,2021-08-16,,9,0,0,0,0,0,0,,0,1,2,1,3,0,7,,8,,6,2021-08-19,1,2021-08-19,2
K09,august_2021_arm_1,ento_form_1a_immediately_processed_summary,2,2021-08-23,,9,0,0,0,0,0,0,,0,0,0,2,2,0,4,,5,,6,2021-08-31,1,2021-08-31,2
K09,august_2021_arm_1,ento_form_1a_immediately_processed_summary,3,2021-08-30,,9,0,0,0,0,0,0,,0,0,1,0,1,0,2,,2,,6,2021-08-31,1,2021-08-31,2
K09,september_2021_arm_1,ento_form_1a_immediately_processed_summary,1,2021-09-20,,4,0,0,0,0,0,0,,0,23,1,2,6,0,32,,59,,3,2021-09-27,1,2021-09-27,2
K09,september_2021_arm_1,ento_form_1a_immediately_processed_summary,2,2021-09-27,,4,0,0,0,0,0,0,,0,34,23,15,22,1,95,,128,,3,2021-09-27,1,2021-09-27,2
K09,october_2021_arm_1,ento_form_1a_immediately_processed_summary,1,2021-10-18,,10,0,0,0,0,0,0,,0,70,48,38,69,0,225,,429,,3,2021-10-25,1,2021-10-25,2
K09,october_2021_arm_1,ento_form_1a_immediately_processed_summary,2,2021-10-25,,10,0,0,0,0,0,0,,0,88,32,16,25,2,163,,216,,3,2021-10-25,1,2021-10-25,2
K09,november_2021_arm_1,ento_form_1a_immediately_processed_summary,1,2021-11-22,,7,0,0,0,0,0,0,,0,342,28,98,72,0,540,,1122,,3,2021-11-22,1,2021-11-22,2
K09,november_2021_arm_1,ento_form_1a_immediately_processed_summary,2,2021-11-15,,7,0,0,0,0,0,0,,0,201,54,51,81,0,387,,624,,3,2021-11-22,1,2021-11-22,2
K09,december_2021_arm_1,ento_form_1a_immediately_processed_summary,1,2021-12-20,,3,0,0,0,0,0,0,,0,80,6,13,39,0,138,,546,,3,2021-12-20,1,2021-12-20,2
K09,january_2022_arm_1,ento_form_1a_immediately_processed_summary,1,2022-01-24,,6,0,0,0,0,0,0,,0,6,3,2,7,0,18,,42,,3,2022-01-24,1,2022-01-24,2
K09,january_2022_arm_1,ento_form_1a_immediately_processed_summary,2,2022-01-17,,6,0,0,0,0,0,0,,0,1,10,10,10,0,31,,26,,3,2022-01-25,1,2022-01-25,2
K09,february_2022_arm_1,ento_form_1a_immediately_processed_summary,1,2022-02-14,,9,0,0,0,0,0,0,,0,0,2,0,0,0,2,,0,,3,2022-02-16,1,2022-02-16,2
K09,february_2022_arm_1,ento_form_1a_immediately_processed_summary,2,2022-02-21,,9,0,0,0,0,0,0,,0,0,2,0,0,0,2,,3,,3,2022-02-22,1,2022-02-22,2
K09,march_2022_arm_1,ento_form_1a_immediately_processed_summary,1,2022-03-21,,10,0,1,0,0,0,1,,0,0,0,0,1,0,1,,4,,3,2022-03-23,1,2022-03-23,2
K09,march_2022_arm_1,ento_form_1a_immediately_processed_summary,2,2022-03-14,,10,0,0,0,0,0,0,,0,1,0,0,0,0,1,,4,,3,2022-03-23,1,2022-03-23,2
K09,march_2022_arm_1,ento_form_1a_immediately_processed_summary,3,2022-03-28,,10,0,1,0,0,0,1,,0,0,0,0,1,0,1,,4,,3,2022-03-30,1,2022-03-30,2
K09,april_2022_arm_1,ento_form_1a_immediately_processed_summary,1,2022-04-26,,2,0,0,0,0,0,0,,0,2,3,8,1,0,14,,2,,3,2022-04-26,1,2022-04-26,2
K09,april_2022_arm_1,ento_form_1a_immediately_processed_summary,2,2022-04-04,,2,0,0,0,0,0,0,,0,2,1,0,1,0,4,,1,,3,2022-04-26,1,2022-04-26,2
K09,may_2022_arm_1,ento_form_1a_immediately_processed_summary,1,2022-05-23,,4,0,0,0,0,0,0,,1,115,75,31,64,3,288,,475,,3,2022-05-30,1,2022-05-30,2
K09,may_2022_arm_1,ento_form_1a_immediately_processed_summary,2,2022-05-16,,4,1,0,0,0,0,1,,1,43,49,27,22,2,143,,140,,3,2022-05-30,1,2022-05-30,2
K09,june_2022_arm_1,ento_form_1a_immediately_processed_summary,1,2022-06-20,,7,0,0,0,0,0,0,,0,121,5,38,24,0,188,,251,,3,2022-06-30,1,2022-06-30,2
K09,june_2022_arm_1,ento_form_1a_immediately_processed_summary,2,2022-06-13,,7,0,0,0,1,0,1,,0,234,101,32,37,5,409,,745,,3,2022-06-30,1,2022-06-30,2
K09,july_2022_arm_1,ento_form_1a_immediately_processed_summary,1,2022-07-18,,6,0,0,0,0,0,0,,0,15,6,12,21,0,54,,49,,3,2022-07-19,1,2022-07-19,2
K09,july_2022_arm_1,ento_form_1a_immediately_processed_summary,2,2022-07-25,,6,0,0,0,0,0,0,,0,6,2,10,6,0,24,,35,,4,2022-08-02,1,2022-08-02,2
K09,august_2022_arm_1,ento_form_1a_immediately_processed_summary,1,2022-08-01,,7,0,0,0,0,0,0,,0,7,3,23,4,0,37,,24,,4,2022-08-04,1,2022-08-04,2
K09,august_2022_arm_1,ento_form_1a_immediately_processed_summary,2,2022-08-22,,9,0,0,0,0,0,0,,0,4,2,1,2,0,9,,19,,4,2022-08-23,1,2022-08-23,2
K09,september_2022_arm_1,ento_form_1a_immediately_processed_summary,1,2022-09-19,,3,0,0,0,0,0,0,,1,8,3,8,7,0,26,,19,,3,2022-09-23,1,2022-09-23,2
K09,september_2022_arm_1,ento_form_1a_immediately_processed_summary,2,2022-09-12,,3,0,0,0,0,0,0,,0,29,6,32,13,0,80,,57,,3,2022-09-23,1,2022-09-23,2
K09,october_2022_arm_1,ento_form_1a_immediately_processed_summary,1,2022-10-17,,5,0,0,0,0,0,0,,0,1,13,3,4,0,21,,24,,4,2022-10-19,1,2022-10-19,2
K09,october_2022_arm_1,ento_form_1a_immediately_processed_summary,2,2022-10-24,,5,0,0,0,0,0,0,,0,23,9,13,16,0,61,,91,,3,2022-11-02,1,2022-11-02,2
K09,november_2022_arm_1,ento_form_1a_immediately_processed_summary,1,2022-11-14,,8,0,0,0,0,0,0,,0,76,19,47,34,0,176,,426,,10,2022-11-15,1,2022-11-15,2
K09,november_2022_arm_1,ento_form_1a_immediately_processed_summary,2,2022-11-21,,8,0,0,0,0,0,0,,0,49,0,37,61,1,148,,532,,12,2022-11-22,1,2022-11-22,2
K09,december_2022_arm_1,ento_form_1a_immediately_processed_summary,1,2022-12-19,,4,0,0,0,0,0,0,,0,18,22,21,19,0,80,,123,,10,2022-12-19,1,2022-12-19,2
K10,january_2020_arm_1,ento_form_1a_immediately_processed_summary,1,2020-01-20,,4,0,0,0,0,0,0,,1,0,4,21,8,1,34,,71,,3,2020-04-08,1,2020-04-08,2
K10,january_2020_arm_1,ento_form_1a_immediately_processed_summary,2,2020-01-27,,4,0,0,1,0,0,1,,0,6,5,6,20,2,39,,64,,3,2020-04-08,1,2020-04-08,1
K10,february_2020_arm_1,ento_form_1a_immediately_processed_summary,1,2020-02-03,,7,0,0,0,0,0,0,,1,2,0,4,2,0,8,,21,,3,2020-04-10,1,2020-04-10,1
K10,february_2020_arm_1,ento_form_1a_immediately_processed_summary,2,2020-02-17,,9,0,0,0,0,0,0,,0,1,2,4,2,0,9,,1,,3,2020-04-14,1,2020-04-14,1
K10,february_2020_arm_1,ento_form_1a_immediately_processed_summary,3,2020-02-24,,7,0,1,0,0,0,1,,0,2,1,20,9,0,32,,21,,3,2020-04-14,1,2020-04-14,1
K10,march_2020_arm_1,ento_form_1a_immediately_processed_summary,1,2020-03-02,,9,0,0,0,0,0,0,,0,1,1,2,1,0,5,,6,,3,2020-04-28,1,2020-04-28,1
K10,march_2020_arm_1,ento_form_1a_immediately_processed_summary,2,2020-03-16,,9,0,0,0,0,0,0,,0,0,4,2,3,0,9,,28,,3,2020-04-28,1,2020-04-28,1
K10,may_2020_arm_1,ento_form_1a_immediately_processed_summary,1,2020-05-29,,4,0,0,0,0,0,0,,0,24,6,21,17,2,70,,177,,3,2020-06-04,1,2020-06-04,1
K10,june_2020_arm_1,ento_form_1a_immediately_processed_summary,1,2020-06-15,,4,0,0,0,0,0,0,,0,15,8,9,7,0,39,,102,,3,2020-06-17,1,2020-06-17,1
K10,june_2020_arm_1,ento_form_1a_immediately_processed_summary,2,2020-06-22,,4,0,0,0,0,0,0,,0,18,5,10,27,1,61,,90,,3,2020-06-30,1,2020-06-30,1
K10,july_2020_arm_1,ento_form_1a_immediately_processed_summary,1,2020-07-06,,9,0,0,0,0,0,0,,0,2,4,1,0,0,7,,12,,3,2020-07-08,1,2020-07-08,1
K10,july_2020_arm_1,ento_form_1a_immediately_processed_summary,2,2020-07-20,,9,0,0,0,0,0,0,,0,1,3,2,1,0,7,,12,,3,2020-07-22,1,2020-07-22,1
K10,july_2020_arm_1,ento_form_1a_immediately_processed_summary,3,2020-07-27,,9,0,0,0,0,0,0,,0,2,3,2,1,0,8,,4,,3,2020-08-04,1,2020-08-04,1
K10,august_2020_arm_1,ento_form_1a_immediately_processed_summary,1,2020-08-17,,5,0,0,1,0,0,1,,0,0,0,2,2,0,4,,3,,3,2020-08-28,1,2020-08-28,2
K10,august_2020_arm_1,ento_form_1a_immediately_processed_summary,2,2020-08-24,,5,0,1,0,0,0,1,,0,0,2,5,2,0,9,,6,,3,2020-08-28,1,2020-08-28,2
K10,august_2020_arm_1,ento_form_1a_immediately_processed_summary,3,2020-08-31,,3,0,0,0,0,0,0,,0,1,0,1,1,0,3,,2,,3,2020-09-02,1,2020-09-02,2
K10,september_2020_arm_1,ento_form_1a_immediately_processed_summary,1,2020-09-14,,3,0,0,0,0,0,0,,0,2,1,5,2,0,10,,20,,3,2020-09-22,1,2020-09-22,2
K10,september_2020_arm_1,ento_form_1a_immediately_processed_summary,2,2020-09-21,,3,0,0,0,0,0,0,,0,4,0,1,4,2,11,,14,,3,2020-09-22,1,2020-09-22,2
K10,october_2020_arm_1,ento_form_1a_immediately_processed_summary,1,2020-10-05,,6,0,0,0,1,0,1,,0,6,10,47,31,0,94,,122,,3,2020-10-06,1,2020-10-06,2
K10,october_2020_arm_1,ento_form_1a_immediately_processed_summary,2,2020-10-19,,6,0,0,1,0,0,1,,0,9,18,45,26,0,98,,61,,4,2020-10-21,1,2020-10-21,2
K10,october_2020_arm_1,ento_form_1a_immediately_processed_summary,3,2020-10-26,,6,0,0,1,0,0,1,,0,21,12,25,19,0,77,,143,,5,2020-10-27,1,2020-10-27,2
K10,november_2020_arm_1,ento_form_1a_immediately_processed_summary,1,2020-11-02,,8,0,0,0,0,0,0,,0,18,1,38,29,0,86,,104,,4,2020-11-03,1,2020-11-03,2
K10,november_2020_arm_1,ento_form_1a_immediately_processed_summary,2,2020-11-16,,8,0,0,0,0,0,0,,0,6,0,8,3,0,17,,26,,3,2020-11-16,1,2020-11-16,2
K10,november_2020_arm_1,ento_form_1a_immediately_processed_summary,3,2020-11-23,,8,0,0,0,0,0,0,,0,19,0,33,19,0,71,,46,,5,2020-11-25,1,2020-11-25,2
K10,november_2020_arm_1,ento_form_1a_immediately_processed_summary,4,2020-11-30,,7,0,0,0,0,0,0,,0,3,5,12,15,0,35,,50,,3,2020-11-30,1,2020-11-30,2
K10,december_2020_arm_1,ento_form_1a_immediately_processed_summary,1,2020-12-14,,7,0,0,0,0,0,0,,1,0,9,24,9,0,42,,36,,4,2020-12-14,1,2020-12-14,2
K10,january_2021_arm_1,ento_form_1a_immediately_processed_summary,1,2021-01-04,,3,0,0,0,0,0,0,,0,2,0,9,2,0,13,,11,,3,2021-01-07,1,2021-01-07,2
K10,january_2021_arm_1,ento_form_1a_immediately_processed_summary,2,2021-01-18,,3,0,1,0,2,0,3,,1,3,2,46,6,2,59,,32,,3,2021-02-01,1,2021-02-01,2
K10,january_2021_arm_1,ento_form_1a_immediately_processed_summary,3,2021-01-25,,3,0,0,1,1,0,2,,0,2,0,4,4,0,10,,7,,3,2021-02-01,1,2021-02-01,2
K10,feburary_2021_arm_1,ento_form_1a_immediately_processed_summary,1,2021-02-15,,4,0,0,0,0,0,0,,0,1,0,2,6,0,9,,2,,4,2021-02-23,1,2021-02-23,2
K10,feburary_2021_arm_1,ento_form_1a_immediately_processed_summary,2,2021-02-22,,4,0,1,1,1,0,3,,0,0,2,2,2,0,6,,3,,4,2021-02-23,1,2021-02-23,2
K10,march_2021_arm_1,ento_form_1a_immediately_processed_summary,1,2021-03-15,,2,0,1,0,1,0,2,,0,0,0,2,0,0,2,,0,,3,2021-03-28,1,2021-03-28,2
K10,march_2021_arm_1,ento_form_1a_immediately_processed_summary,2,2021-03-22,,2,0,2,0,0,0,2,,1,1,0,2,0,0,3,,2,,3,2021-03-28,1,2021-03-28,2
K10,march_2021_arm_1,ento_form_1a_immediately_processed_summary,3,2021-03-29,,2,0,0,0,1,0,1,,1,0,1,0,0,0,1,,0,,3,2021-03-31,1,2021-03-31,2
K10,april_2021_arm_1,ento_form_1a_immediately_processed_summary,1,2021-04-19,,6,2,0,0,0,0,2,,0,0,1,1,0,0,2,,1,,3,2021-04-25,1,2021-04-25,2
K10,april_2021_arm_1,ento_form_1a_immediately_processed_summary,2,2021-04-26,,2,0,2,0,2,0,4,,1,2,14,0,4,0,20,,6,,5,2021-04-28,1,2021-04-28,2
K10,may_2021_arm_1,ento_form_1a_immediately_processed_summary,1,2021-05-17,,3,3,2,0,4,0,9,,2,9,12,14,16,0,51,,21,,5,2021-05-18,1,2021-05-18,2
K10,may_2021_arm_1,ento_form_1a_immediately_processed_summary,2,2021-05-24,,3,2,16,0,1,0,19,,2,14,37,53,23,0,127,,118,,5,2021-06-08,1,2021-06-08,2
K10,june_2021_arm_1,ento_form_1a_immediately_processed_summary,1,2021-06-14,,6,0,0,0,1,0,1,,2,2,22,21,14,0,59,,34,,4,2021-07-01,1,2021-07-01,2
K10,june_2021_arm_1,ento_form_1a_immediately_processed_summary,2,2021-06-21,,2,0,0,0,1,0,1,,4,4,19,16,61,0,100,,128,,6,2021-07-02,1,2021-07-02,2
K10,june_2021_arm_1,ento_form_1a_immediately_processed_summary,3,2021-06-28,,6,0,0,0,1,0,1,,0,7,8,43,41,0,99,,60,,6,2021-07-05,1,2021-07-05,2
K10,july_2021_arm_1,ento_form_1a_immediately_processed_summary,1,2021-07-19,,7,0,0,0,1,0,1,,0,0,10,6,1,0,17,,13,,6,2021-07-22,1,2021-07-22,2
K10,july_2021_arm_1,ento_form_1a_immediately_processed_summary,2,2021-07-26,,3,0,0,0,0,0,0,,0,2,0,4,2,0,8,,7,,6,2021-08-02,1,2021-08-02,2
K10,august_2021_arm_1,ento_form_1a_immediately_processed_summary,1,2021-08-16,,9,0,0,0,0,0,0,,0,0,0,2,4,0,6,,9,,6,2021-08-19,1,2021-08-19,2
K10,august_2021_arm_1,ento_form_1a_immediately_processed_summary,2,2021-08-23,,9,0,0,0,0,0,0,,0,1,1,0,1,0,3,,1,,6,2021-08-31,1,2021-08-31,2
K10,august_2021_arm_1,ento_form_1a_immediately_processed_summary,3,2021-08-30,,9,0,0,0,0,0,0,,0,0,0,0,0,0,0,,0,,6,2021-08-31,1,2021-08-31,2
K10,september_2021_arm_1,ento_form_1a_immediately_processed_summary,1,2021-09-20,,4,0,0,0,0,0,0,,0,5,5,7,3,0,20,,8,,3,2021-09-27,1,2021-09-27,2
K10,september_2021_arm_1,ento_form_1a_immediately_processed_summary,2,2021-09-27,,4,0,0,0,0,0,0,,0,18,14,21,13,1,67,,44,,3,2021-09-27,1,2021-09-27,2
K10,october_2021_arm_1,ento_form_1a_immediately_processed_summary,1,2021-10-18,,10,0,0,0,0,0,0,,0,42,66,15,30,0,153,,167,,3,2021-10-25,1,2021-10-25,2
K10,october_2021_arm_1,ento_form_1a_immediately_processed_summary,2,2021-10-25,,9,0,0,0,0,0,0,,0,13,37,26,18,1,95,,76,,3,2021-10-25,1,2021-10-25,2
K10,november_2021_arm_1,ento_form_1a_immediately_processed_summary,1,2021-11-22,,7,0,0,0,0,0,0,,0,102,81,58,28,0,269,,346,,3,2021-11-22,1,2021-11-22,2
K10,november_2021_arm_1,ento_form_1a_immediately_processed_summary,2,2021-11-15,,7,0,1,0,0,0,1,,0,64,142,40,20,0,266,,260,,3,2021-11-22,1,2021-11-22,2
K10,december_2021_arm_1,ento_form_1a_immediately_processed_summary,1,2021-12-20,,3,0,0,0,0,0,0,,0,20,7,26,10,0,63,,127,,3,2021-12-20,1,2021-12-20,2
K10,january_2022_arm_1,ento_form_1a_immediately_processed_summary,1,2022-01-24,,6,0,0,0,0,0,0,,0,2,6,3,2,0,13,,26,,3,2022-01-24,1,2022-01-24,2
K10,january_2022_arm_1,ento_form_1a_immediately_processed_summary,2,2022-01-17,,6,0,0,0,0,0,0,,0,1,2,7,5,0,15,,11,,3,2022-01-25,1,2022-01-25,2
K10,february_2022_arm_1,ento_form_1a_immediately_processed_summary,1,2022-02-14,,9,0,0,0,0,0,0,,0,0,2,0,0,0,2,,1,,3,2022-02-16,1,2022-02-16,2
K10,february_2022_arm_1,ento_form_1a_immediately_processed_summary,2,2022-02-21,,9,0,1,0,0,0,1,,0,0,0,1,0,0,1,,4,,3,2022-02-22,1,2022-02-22,2
K10,march_2022_arm_1,ento_form_1a_immediately_processed_summary,1,2022-03-21,,10,0,0,0,0,0,0,,0,0,0,1,0,0,1,,0,,3,2022-03-23,1,2022-03-23,2
K10,march_2022_arm_1,ento_form_1a_immediately_processed_summary,2,2022-03-14,,10,0,0,0,0,0,0,,0,0,0,0,0,0,0,,0,,3,2022-03-23,1,2022-03-23,2
K10,march_2022_arm_1,ento_form_1a_immediately_processed_summary,3,2022-03-28,,10,0,0,0,0,0,0,,0,0,0,0,2,0,2,,3,,3,2022-03-30,1,2022-03-30,2
K10,april_2022_arm_1,ento_form_1a_immediately_processed_summary,1,2022-04-26,,2,0,0,0,0,0,0,,0,1,4,4,0,0,9,,1,,3,2022-04-26,1,2022-04-26,2
K10,april_2022_arm_1,ento_form_1a_immediately_processed_summary,2,2022-04-04,,2,0,0,0,0,0,0,,0,0,0,0,0,0,0,,3,,3,2022-04-26,1,2022-04-26,2
K10,may_2022_arm_1,ento_form_1a_immediately_processed_summary,1,2022-05-23,,4,0,0,0,0,0,0,,0,31,44,49,44,0,168,,207,,3,2022-05-30,1,2022-05-30,2
K10,may_2022_arm_1,ento_form_1a_immediately_processed_summary,2,2022-05-16,,4,0,0,0,1,0,1,,0,31,28,1,18,0,78,,178,,3,2022-05-30,1,2022-05-30,2
K10,june_2022_arm_1,ento_form_1a_immediately_processed_summary,1,2022-06-20,,7,1,0,0,0,0,1,,0,17,6,42,10,0,75,,70,,3,2022-06-30,1,2022-06-30,2
K10,june_2022_arm_1,ento_form_1a_immediately_processed_summary,2,2022-06-13,,7,0,0,0,0,0,0,,0,56,16,84,24,0,180,,243,,3,2022-06-30,1,2022-06-30,2
K10,july_2022_arm_1,ento_form_1a_immediately_processed_summary,1,2022-07-18,,6,0,0,0,0,0,0,,0,9,19,7,17,0,52,,38,,3,2022-07-19,1,2022-07-19,2
K10,july_2022_arm_1,ento_form_1a_immediately_processed_summary,2,2022-07-25,,6,0,0,0,0,0,0,,1,2,0,4,3,0,9,,20,,4,2022-08-02,1,2022-08-02,2
K10,august_2022_arm_1,ento_form_1a_immediately_processed_summary,1,2022-08-01,,9,0,0,0,0,0,0,,0,3,3,8,1,1,16,,16,,4,2022-08-04,1,2022-08-04,2
K10,august_2022_arm_1,ento_form_1a_immediately_processed_summary,2,2022-08-22,,9,0,0,0,0,0,0,,0,4,16,20,11,0,51,,5,,4,2022-08-23,1,2022-08-23,2
K10,september_2022_arm_1,ento_form_1a_immediately_processed_summary,1,2022-09-19,,3,0,0,0,0,0,0,,0,5,0,12,2,0,19,,26,,3,2022-09-23,1,2022-09-23,2
K10,september_2022_arm_1,ento_form_1a_immediately_processed_summary,2,2022-09-12,,3,0,0,0,0,0,0,,0,11,0,7,3,1,22,,45,,3,2022-09-23,1,2022-09-23,2
K10,october_2022_arm_1,ento_form_1a_immediately_processed_summary,1,2022-10-17,,5,0,0,0,0,0,0,,0,8,15,7,12,1,43,,54,,4,2022-10-19,1,2022-10-19,2
K10,october_2022_arm_1,ento_form_1a_immediately_processed_summary,2,2022-10-24,,5,0,0,0,0,0,0,,0,10,7,4,6,0,27,,48,,3,2022-11-02,1,2022-11-02,2
K10,november_2022_arm_1,ento_form_1a_immediately_processed_summary,1,2022-11-14,,8,0,0,0,0,0,0,,0,11,0,18,6,0,35,,58,,10,2022-11-15,1,2022-11-15,2
K10,november_2022_arm_1,ento_form_1a_immediately_processed_summary,2,2022-11-21,,8,0,0,0,0,0,0,,0,15,0,18,6,0,39,,54,,12,2022-11-22,1,2022-11-22,2
K10,december_2022_arm_1,ento_form_1a_immediately_processed_summary,1,2022-12-19,,4,0,0,0,0,0,0,,0,5,5,8,2,0,20,,19,,10,2022-12-19,1,2022-12-19,2
K11,january_2020_arm_1,ento_form_1a_immediately_processed_summary,1,2020-01-20,,3,0,0,0,0,0,0,,0,2,0,0,0,1,3,,2,,3,2020-04-08,1,2020-04-08,2
K11,january_2020_arm_1,ento_form_1a_immediately_processed_summary,2,2020-01-27,,3,0,0,0,0,0,0,,0,2,0,1,1,1,5,,3,,3,2020-04-08,1,2020-04-08,1
K11,february_2020_arm_1,ento_form_1a_immediately_processed_summary,1,2020-02-03,,5,0,0,0,0,0,0,,0,6,0,0,2,0,8,,8,,3,2020-04-10,1,2020-04-10,1
K11,february_2020_arm_1,ento_form_1a_immediately_processed_summary,2,2020-02-17,,7,0,0,0,0,0,0,,0,4,0,2,5,0,11,,9,,3,2020-04-10,1,2020-04-10,1
K11,february_2020_arm_1,ento_form_1a_immediately_processed_summary,3,2020-02-24,,5,0,0,0,0,0,0,,0,2,2,13,11,0,28,,34,,3,2020-04-14,1,2020-04-14,1
K11,march_2020_arm_1,ento_form_1a_immediately_processed_summary,1,2020-03-02,,3,0,0,0,0,0,0,,0,3,0,1,0,0,4,,11,,3,2020-04-27,1,2020-04-27,1
K11,march_2020_arm_1,ento_form_1a_immediately_processed_summary,2,2020-03-16,,6,0,0,0,0,0,0,,0,0,1,5,2,0,8,,12,,3,2020-04-28,1,2020-04-28,1
K11,may_2020_arm_1,ento_form_1a_immediately_processed_summary,1,2020-05-29,,3,1,0,0,1,0,2,,0,50,0,18,18,3,89,,280,,3,2020-06-04,1,2020-06-04,1
K11,june_2020_arm_1,ento_form_1a_immediately_processed_summary,1,2020-06-15,,3,0,0,0,0,0,0,,0,15,0,7,24,0,46,,124,,3,2020-06-17,1,2020-06-17,1
K11,june_2020_arm_1,ento_form_1a_immediately_processed_summary,2,2020-06-22,,3,0,0,0,0,0,0,,0,7,4,4,3,4,22,,17,,3,2020-06-30,1,2020-06-30,1
K11,july_2020_arm_1,ento_form_1a_immediately_processed_summary,1,2020-07-06,,4,0,0,0,0,0,0,,0,6,4,2,4,0,16,,50,,3,2020-07-08,1,2020-07-08,1
K11,july_2020_arm_1,ento_form_1a_immediately_processed_summary,2,2020-07-20,,4,0,0,0,0,0,0,,0,3,1,3,1,2,10,,24,,3,2020-07-22,1,2020-07-22,1
K11,july_2020_arm_1,ento_form_1a_immediately_processed_summary,3,2020-07-27,,4,0,0,0,0,0,0,,0,6,0,1,2,0,9,,5,,3,2020-08-04,1,2020-08-04,1
K11,august_2020_arm_1,ento_form_1a_immediately_processed_summary,1,2020-08-17,,8,0,1,0,0,0,1,,0,0,0,2,0,0,2,,8,,3,2020-08-28,1,2020-08-28,2
K11,august_2020_arm_1,ento_form_1a_immediately_processed_summary,2,2020-08-24,,8,0,0,0,0,0,0,,0,1,0,2,3,1,7,,5,,3,2020-08-28,1,2020-08-28,2
K11,august_2020_arm_1,ento_form_1a_immediately_processed_summary,3,2020-08-31,,7,0,0,0,0,0,0,,0,1,1,4,1,0,7,,7,,3,2020-09-02,1,2020-09-02,2
K11,september_2020_arm_1,ento_form_1a_immediately_processed_summary,1,2020-09-14,,7,0,1,1,0,0,2,,1,15,3,13,15,0,46,,112,,3,2020-09-15,1,2020-09-15,2
K11,september_2020_arm_1,ento_form_1a_immediately_processed_summary,2,2020-09-21,,7,0,0,0,0,0,0,,1,15,8,10,13,0,46,,167,,3,2020-09-22,1,2020-09-22,2
K11,october_2020_arm_1,ento_form_1a_immediately_processed_summary,1,2020-10-05,,9,0,0,0,0,0,0,,0,6,6,8,4,0,24,,42,,3,2020-10-06,1,2020-10-06,2
K11,october_2020_arm_1,ento_form_1a_immediately_processed_summary,2,2020-10-19,,9,0,0,0,0,0,0,,0,40,34,32,16,2,124,,98,,4,2020-10-21,1,2020-10-21,2
K11,october_2020_arm_1,ento_form_1a_immediately_processed_summary,3,2020-10-26,,9,0,0,0,0,0,0,,0,8,8,3,16,0,35,,128,,5,2020-10-27,1,2020-10-27,2
K11,november_2020_arm_1,ento_form_1a_immediately_processed_summary,1,2020-11-02,,5,0,1,0,0,0,1,,0,35,24,33,47,0,139,,338,,4,2020-11-03,1,2020-11-03,2
K11,november_2020_arm_1,ento_form_1a_immediately_processed_summary,2,2020-11-16,,5,1,1,2,1,0,5,,0,36,19,20,51,3,129,,187,,3,2020-11-16,1,2020-11-16,2
K11,november_2020_arm_1,ento_form_1a_immediately_processed_summary,3,2020-11-23,,5,0,1,0,0,0,1,,0,30,5,24,34,1,94,,0,,5,2020-11-25,1,2020-11-25,2
K11,november_2020_arm_1,ento_form_1a_immediately_processed_summary,4,2020-11-30,,4,0,0,0,0,0,0,,0,19,5,10,17,1,52,,59,,3,2020-11-30,1,2020-11-30,2
K11,december_2020_arm_1,ento_form_1a_immediately_processed_summary,1,2020-12-14,,4,0,0,0,0,0,0,,0,7,1,8,6,3,25,,55,,4,2020-12-14,1,2020-12-14,2
K11,january_2021_arm_1,ento_form_1a_immediately_processed_summary,1,2021-01-04,,6,0,0,0,0,0,0,,0,4,0,0,1,0,5,,17,,3,2021-01-07,1,2021-01-07,2
K11,january_2021_arm_1,ento_form_1a_immediately_processed_summary,2,2021-01-18,,6,0,0,0,0,0,0,,0,2,3,3,6,0,14,,6,,3,2021-02-01,1,2021-02-01,2
K11,january_2021_arm_1,ento_form_1a_immediately_processed_summary,3,2021-01-25,,6,0,0,0,0,0,0,,0,0,0,1,0,0,1,,3,,3,2021-02-01,1,2021-02-01,2
K11,feburary_2021_arm_1,ento_form_1a_immediately_processed_summary,1,2021-02-15,,7,1,0,0,0,0,1,,0,2,0,4,3,0,9,,22,,4,2021-02-23,1,2021-02-23,2
K11,feburary_2021_arm_1,ento_form_1a_immediately_processed_summary,2,2021-02-22,,7,0,0,0,0,0,0,,1,0,0,1,6,0,7,,6,,4,2021-02-23,1,2021-02-23,2
K11,march_2021_arm_1,ento_form_1a_immediately_processed_summary,1,2021-03-15,,9,0,1,0,1,0,2,,0,0,0,0,0,0,0,,0,,3,2021-03-28,1,2021-03-28,2
K11,march_2021_arm_1,ento_form_1a_immediately_processed_summary,2,2021-03-22,,9,0,0,0,0,0,0,,0,0,0,0,0,0,0,,0,,3,2021-03-28,1,2021-03-28,2
K11,april_2021_arm_1,ento_form_1a_immediately_processed_summary,1,2021-04-19,,4,6,1,0,0,0,7,,1,2,0,1,3,0,6,,5,,3,2021-04-25,1,2021-04-25,2
K11,april_2021_arm_1,ento_form_1a_immediately_processed_summary,2,2021-04-26,,6,0,0,0,0,0,0,,2,4,6,0,5,0,15,,5,,5,2021-04-28,1,2021-04-28,2
K11,may_2021_arm_1,ento_form_1a_immediately_processed_summary,1,2021-05-17,,2,2,2,1,1,0,6,,4,29,13,16,10,0,68,,52,,5,2021-05-18,1,2021-05-18,2
K11,may_2021_arm_1,ento_form_1a_immediately_processed_summary,2,2021-05-24,,2,1,7,0,0,0,8,,6,18,61,27,50,0,156,,84,,5,2021-06-08,1,2021-06-08,2
K11,june_2021_arm_1,ento_form_1a_immediately_processed_summary,1,2021-06-14,,3,0,0,0,3,0,3,,3,14,5,28,10,2,59,,110,,4,2021-07-01,1,2021-07-01,2
K11,june_2021_arm_1,ento_form_1a_immediately_processed_summary,2,2021-06-21,,3,0,1,0,0,0,1,,2,17,11,5,21,0,54,,81,,6,2021-07-02,1,2021-07-02,2
K11,june_2021_arm_1,ento_form_1a_immediately_processed_summary,3,2021-06-28,,4,1,3,2,1,0,7,,4,10,23,8,21,2,64,,113,,6,2021-07-05,1,2021-07-05,2
K11,july_2021_arm_1,ento_form_1a_immediately_processed_summary,1,2021-07-19,,10,0,1,0,0,0,1,,0,2,2,3,5,0,12,,41,,6,2021-07-22,1,2021-07-22,2
K11,july_2021_arm_1,ento_form_1a_immediately_processed_summary,2,2021-07-26,,10,0,0,0,0,0,0,,2,4,1,1,0,0,6,,32,,6,2021-08-02,1,2021-08-02,2
K11,august_2021_arm_1,ento_form_1a_immediately_processed_summary,1,2021-08-16,,6,0,0,0,0,0,0,,0,0,2,0,2,0,4,,10,,6,2021-08-19,1,2021-08-19,2
K11,august_2021_arm_1,ento_form_1a_immediately_processed_summary,2,2021-08-23,,6,0,0,0,0,0,0,,0,0,1,1,1,0,3,,0,,6,2021-08-31,1,2021-08-31,2
K11,august_2021_arm_1,ento_form_1a_immediately_processed_summary,3,2021-08-30,,6,0,0,0,0,0,0,,1,0,3,0,2,0,5,,8,,6,2021-08-31,1,2021-08-31,2
K11,september_2021_arm_1,ento_form_1a_immediately_processed_summary,1,2021-09-20,,7,0,0,0,0,0,0,,0,5,8,12,6,0,31,,7,,3,2021-09-27,1,2021-09-27,2
K11,september_2021_arm_1,ento_form_1a_immediately_processed_summary,2,2021-09-27,,7,0,0,0,0,0,0,,0,6,16,0,5,0,27,,7,,3,2021-09-27,1,2021-09-27,2
K11,october_2021_arm_1,ento_form_1a_immediately_processed_summary,1,2021-10-18,,4,0,0,0,0,0,0,,0,36,27,12,29,0,104,,141,,3,2021-10-25,1,2021-10-25,2
K11,october_2021_arm_1,ento_form_1a_immediately_processed_summary,2,2021-10-25,,9,0,0,0,0,0,0,,0,9,5,3,9,3,29,,26,,3,2021-10-25,1,2021-10-25,2
K11,november_2021_arm_1,ento_form_1a_immediately_processed_summary,1,2021-11-22,,10,0,0,0,0,0,0,,0,150,24,32,29,0,235,,541,,3,2021-11-22,1,2021-11-22,2
K11,november_2021_arm_1,ento_form_1a_immediately_processed_summary,2,2021-11-15,,10,0,0,0,0,0,0,,0,46,14,2,29,0,91,,244,,3,2021-11-22,1,2021-11-22,2
K11,december_2021_arm_1,ento_form_1a_immediately_processed_summary,1,2021-12-20,,4,0,0,0,0,0,0,,0,45,4,17,35,0,101,,305,,3,2021-12-20,1,2021-12-20,2
K11,january_2022_arm_1,ento_form_1a_immediately_processed_summary,1,2022-01-24,,8,0,0,0,0,0,0,,0,2,2,0,1,0,5,,9,,3,2022-01-24,1,2022-01-24,2
K11,january_2022_arm_1,ento_form_1a_immediately_processed_summary,2,2022-01-17,,8,0,0,0,0,0,0,,0,1,1,1,0,0,3,,4,,3,2022-01-25,1,2022-01-25,2
K11,february_2022_arm_1,ento_form_1a_immediately_processed_summary,1,2022-02-14,,5,0,0,0,0,0,0,,0,1,2,0,0,0,3,,2,,3,2022-02-16,1,2022-02-16,2
K11,february_2022_arm_1,ento_form_1a_immediately_processed_summary,2,2022-02-21,,2,0,0,0,0,0,0,,0,0,0,2,1,0,3,,1,,3,2022-02-22,1,2022-02-22,2
K11,march_2022_arm_1,ento_form_1a_immediately_processed_summary,1,2022-03-21,,6,0,0,0,0,0,0,,0,1,0,0,0,0,1,,1,,3,2022-03-23,1,2022-03-23,2
K11,march_2022_arm_1,ento_form_1a_immediately_processed_summary,2,2022-03-14,,6,0,0,0,0,0,0,,0,1,0,0,2,0,3,,3,,3,2022-03-23,1,2022-03-23,2
K11,march_2022_arm_1,ento_form_1a_immediately_processed_summary,3,2022-03-28,,6,0,0,0,0,0,0,,0,0,0,0,0,0,0,,3,,3,2022-03-30,1,2022-03-30,2
K11,april_2022_arm_1,ento_form_1a_immediately_processed_summary,1,2022-04-26,,7,0,1,0,0,0,1,,0,3,0,2,3,0,8,,8,,3,2022-04-26,1,2022-04-26,2
K11,april_2022_arm_1,ento_form_1a_immediately_processed_summary,2,2022-04-04,,7,0,0,0,0,0,0,,0,1,0,2,0,0,3,,1,,3,2022-04-26,1,2022-04-26,2
K11,may_2022_arm_1,ento_form_1a_immediately_processed_summary,1,2022-05-23,,8,0,0,0,0,0,0,,0,10,7,21,25,0,63,,75,,3,2022-05-30,1,2022-05-30,2
K11,may_2022_arm_1,ento_form_1a_immediately_processed_summary,2,2022-05-16,,8,0,1,0,0,0,1,,0,15,16,19,3,0,53,,46,,3,2022-05-30,1,2022-05-30,2
K11,june_2022_arm_1,ento_form_1a_immediately_processed_summary,1,2022-06-20,,9,0,0,0,0,0,0,,0,18,15,16,15,0,64,,144,,3,2022-06-30,1,2022-06-30,2
K11,june_2022_arm_1,ento_form_1a_immediately_processed_summary,2,2022-06-13,,9,0,0,0,0,0,0,,0,53,31,11,10,0,105,,267,,3,2022-06-30,1,2022-06-30,2
K11,july_2022_arm_1,ento_form_1a_immediately_processed_summary,1,2022-07-18,,2,0,0,0,0,0,0,,0,8,11,1,17,0,37,,44,,3,2022-07-19,1,2022-07-19,2
K11,july_2022_arm_1,ento_form_1a_immediately_processed_summary,2,2022-07-25,,4,0,0,0,0,0,0,,0,16,10,6,17,3,52,,53,,4,2022-08-02,1,2022-08-02,2
K11,august_2022_arm_1,ento_form_1a_immediately_processed_summary,1,2022-08-01,,9,0,0,0,0,0,0,,0,6,5,5,2,0,18,,43,,4,2022-08-04,1,2022-08-04,2
K11,august_2022_arm_1,ento_form_1a_immediately_processed_summary,2,2022-08-22,,4,0,0,0,0,0,0,,0,7,0,5,0,0,12,,28,,4,2022-08-23,1,2022-08-23,2
K11,september_2022_arm_1,ento_form_1a_immediately_processed_summary,1,2022-09-19,,6,0,0,0,0,0,0,,0,4,1,3,4,0,12,,51,,3,2022-09-23,1,2022-09-23,2
K11,september_2022_arm_1,ento_form_1a_immediately_processed_summary,2,2022-09-12,,6,0,0,0,0,0,0,,0,7,5,3,13,0,28,,71,,3,2022-09-23,1,2022-09-23,2
K11,october_2022_arm_1,ento_form_1a_immediately_processed_summary,1,2022-10-17,,7,0,0,0,0,0,0,,0,1,9,13,4,0,27,,32,,4,2022-10-19,1,2022-10-19,2
K11,october_2022_arm_1,ento_form_1a_immediately_processed_summary,2,2022-10-24,,7,0,1,0,0,0,1,,0,9,6,29,14,0,58,,111,,3,2022-11-02,1,2022-11-02,2
K11,november_2022_arm_1,ento_form_1a_immediately_processed_summary,1,2022-11-14,,3,0,0,0,0,0,0,,0,31,10,92,32,2,167,,141,,10,2022-11-15,1,2022-11-15,2
K11,november_2022_arm_1,ento_form_1a_immediately_processed_summary,2,2022-11-21,,3,0,0,0,0,0,0,,1,48,1,104,30,5,188,,198,,12,2022-11-22,1,2022-11-22,1
K11,november_2022_arm_1,ento_form_1a_immediately_processed_summary,3,2022-11-25,,6,0,0,0,0,0,0,,0,7,15,19,15,0,56,,79,,13,2022-11-29,1,2022-11-29,2
K11,december_2022_arm_1,ento_form_1a_immediately_processed_summary,1,2022-12-19,,8,0,0,0,0,0,0,,0,8,5,7,6,0,26,,29,,10,2022-12-19,1,2022-12-19,2
K12,january_2020_arm_1,ento_form_1a_immediately_processed_summary,1,2020-01-20,,6,0,2,0,1,0,3,,3,5,0,7,0,0,12,,43,,3,2020-04-08,1,2020-04-08,2
K12,january_2020_arm_1,ento_form_1a_immediately_processed_summary,2,2020-01-27,,6,0,0,0,0,0,0,,1,1,0,6,2,0,9,,14,,3,2020-04-08,1,2020-04-08,1
K12,february_2020_arm_1,ento_form_1a_immediately_processed_summary,1,2020-02-03,,2,0,0,0,0,0,0,,0,3,7,4,1,0,15,,20,,3,2020-04-10,1,2020-04-10,1
K12,february_2020_arm_1,ento_form_1a_immediately_processed_summary,2,2020-02-17,,2,0,0,0,0,0,0,,0,5,6,0,6,0,17,,17,,3,2020-04-14,1,2020-04-14,1
K12,february_2020_arm_1,ento_form_1a_immediately_processed_summary,3,2020-02-24,,2,0,0,0,0,0,0,,0,5,3,4,9,0,21,,22,,3,2020-04-14,1,2020-04-14,1
K12,march_2020_arm_1,ento_form_1a_immediately_processed_summary,1,2020-03-02,,3,0,1,0,0,0,1,,1,3,0,0,1,0,4,,6,,3,2020-04-27,1,2020-04-27,1
K12,march_2020_arm_1,ento_form_1a_immediately_processed_summary,2,2020-03-16,,3,0,0,0,0,0,0,,0,4,0,3,8,2,17,,13,,3,2020-04-28,1,2020-04-28,1
K12,may_2020_arm_1,ento_form_1a_immediately_processed_summary,1,2020-05-29,,6,0,0,0,2,0,2,,0,110,13,56,28,0,207,,254,,3,2020-06-04,1,2020-06-04,1
K12,june_2020_arm_1,ento_form_1a_immediately_processed_summary,1,2020-06-15,,6,2,1,0,0,0,3,,4,38,24,65,30,0,157,,148,,3,2020-06-16,1,2020-06-16,1
K12,june_2020_arm_1,ento_form_1a_immediately_processed_summary,2,2020-06-22,,6,0,1,1,0,0,2,,3,18,22,39,31,0,110,,75,,3,2020-06-30,1,2020-06-30,1
K12,july_2020_arm_1,ento_form_1a_immediately_processed_summary,1,2020-07-06,,5,0,0,0,0,0,0,,3,0,9,13,8,0,30,,41,,3,2020-07-08,1,2020-07-08,1
K12,july_2020_arm_1,ento_form_1a_immediately_processed_summary,2,2020-07-20,,5,0,0,0,0,0,0,,0,2,2,10,3,0,17,,10,,3,2020-07-22,1,2020-07-22,1
K12,july_2020_arm_1,ento_form_1a_immediately_processed_summary,3,2020-07-27,,5,0,0,0,0,0,0,,0,1,0,5,2,0,8,,8,,3,2020-08-04,1,2020-08-04,1
K12,august_2020_arm_1,ento_form_1a_immediately_processed_summary,1,2020-08-17,,4,0,0,0,1,0,1,,0,1,1,4,3,1,10,,18,,3,2020-08-28,1,2020-08-28,2
K12,august_2020_arm_1,ento_form_1a_immediately_processed_summary,2,2020-08-24,,4,0,1,0,0,0,1,,0,0,0,1,4,0,5,,5,,3,2020-08-28,1,2020-08-28,2
K12,august_2020_arm_1,ento_form_1a_immediately_processed_summary,3,2020-08-31,,6,0,0,1,0,0,1,,0,2,1,9,4,0,16,,9,,3,2020-09-02,1,2020-09-02,2
K12,september_2020_arm_1,ento_form_1a_immediately_processed_summary,1,2020-09-14,,6,0,0,1,0,0,1,,0,4,5,26,20,0,55,,42,,3,2020-09-15,1,2020-09-15,2
K12,september_2020_arm_1,ento_form_1a_immediately_processed_summary,2,2020-09-21,,6,0,1,1,1,0,3,,0,2,4,29,22,0,57,,36,,5,2020-09-22,1,2020-09-22,2
K12,october_2020_arm_1,ento_form_1a_immediately_processed_summary,1,2020-10-05,,8,0,0,0,0,0,0,,0,1,8,25,12,2,48,,15,,3,2020-10-06,1,2020-10-06,2
K12,october_2020_arm_1,ento_form_1a_immediately_processed_summary,2,2020-10-19,,8,0,1,0,0,0,1,,0,19,26,80,27,0,152,,73,,4,2020-10-21,1,2020-10-21,2
K12,october_2020_arm_1,ento_form_1a_immediately_processed_summary,3,2020-10-26,,8,0,1,0,0,0,1,,0,25,13,59,26,1,124,,68,,5,2020-10-27,1,2020-10-27,2
K12,november_2020_arm_1,ento_form_1a_immediately_processed_summary,1,2020-11-02,,2,0,1,0,1,0,2,,0,37,57,55,51,0,200,,128,,4,2020-11-03,1,2020-11-03,2
K12,november_2020_arm_1,ento_form_1a_immediately_processed_summary,2,2020-11-16,,3,0,0,0,0,0,0,,0,10,1,26,10,4,51,,56,,3,2020-11-16,1,2020-11-16,2
K12,november_2020_arm_1,ento_form_1a_immediately_processed_summary,3,2020-11-23,,3,0,1,0,0,0,1,,0,8,2,13,18,4,45,,42,,5,2020-11-25,1,2020-11-25,2
K12,november_2020_arm_1,ento_form_1a_immediately_processed_summary,4,2020-11-30,,9,0,0,0,0,0,0,,1,10,8,9,12,1,40,,30,,3,2020-11-30,1,2020-11-30,2
K12,december_2020_arm_1,ento_form_1a_immediately_processed_summary,1,2020-12-14,,9,0,0,0,0,0,0,,0,4,6,7,4,0,21,,12,,4,2020-12-14,1,2020-12-14,2
K12,january_2021_arm_1,ento_form_1a_immediately_processed_summary,1,2021-01-04,,4,0,0,0,0,0,0,,0,4,7,4,10,2,27,,69,,3,2021-01-07,1,2021-01-07,2
K12,january_2021_arm_1,ento_form_1a_immediately_processed_summary,2,2021-01-18,,4,0,0,0,0,0,0,,0,6,10,14,13,0,43,,78,,3,2021-02-01,1,2021-02-01,2
K12,january_2021_arm_1,ento_form_1a_immediately_processed_summary,3,2021-01-25,,4,0,0,1,0,0,1,,1,0,0,7,4,0,11,,25,,3,2021-02-01,1,2021-02-01,2
K12,feburary_2021_arm_1,ento_form_1a_immediately_processed_summary,1,2021-02-15,,2,0,1,1,4,0,6,,0,0,4,5,4,0,13,,11,,4,2021-02-23,1,2021-02-23,2
K12,feburary_2021_arm_1,ento_form_1a_immediately_processed_summary,2,2021-02-22,,2,0,1,0,3,0,4,,2,1,2,1,3,0,7,,9,,4,2021-02-23,1,2021-02-23,2
K12,march_2021_arm_1,ento_form_1a_immediately_processed_summary,1,2021-03-15,,7,0,1,1,0,0,2,,3,0,0,0,4,0,4,,12,,3,2021-03-28,1,2021-03-28,2
K12,march_2021_arm_1,ento_form_1a_immediately_processed_summary,2,2021-03-22,,7,0,0,0,0,0,0,,0,0,0,0,0,0,0,,3,,3,2021-03-28,1,2021-03-28,2
K12,march_2021_arm_1,ento_form_1a_immediately_processed_summary,3,2021-03-29,,4,0,0,0,0,0,0,,0,0,1,2,0,0,3,,1,,3,2021-03-31,1,2021-03-31,2
K12,april_2021_arm_1,ento_form_1a_immediately_processed_summary,1,2021-04-19,,2,0,2,0,0,0,2,,0,0,8,4,5,0,17,,6,,3,2021-04-25,1,2021-04-25,2
K12,april_2021_arm_1,ento_form_1a_immediately_processed_summary,2,2021-04-26,,5,1,3,0,2,0,6,,19,21,28,4,35,0,88,,101,,5,2021-04-28,1,2021-04-28,2
K12,may_2021_arm_1,ento_form_1a_immediately_processed_summary,1,2021-05-17,,9,2,8,0,0,0,10,,30,7,3,3,4,0,17,,100,,5,2021-09-03,1,2021-09-03,2
K12,may_2021_arm_1,ento_form_1a_immediately_processed_summary,2,2021-05-24,,9,2,5,0,1,0,8,,19,19,26,10,39,0,94,,106,,3,2021-09-03,1,2021-09-03,2
K12,june_2021_arm_1,ento_form_1a_immediately_processed_summary,1,2021-06-14,,4,1,0,0,5,0,6,,16,24,4,9,14,0,51,,60,,4,2021-07-01,1,2021-07-01,2
K12,june_2021_arm_1,ento_form_1a_immediately_processed_summary,2,2021-06-21,,4,1,0,1,2,0,4,,12,14,7,7,19,1,48,,105,,6,2021-07-02,1,2021-07-02,2
K12,june_2021_arm_1,ento_form_1a_immediately_processed_summary,3,2021-06-28,,2,1,0,0,0,0,1,,3,4,4,5,10,0,23,,30,,6,2021-07-05,1,2021-07-05,2
K12,july_2021_arm_1,ento_form_1a_immediately_processed_summary,1,2021-07-19,,3,0,0,0,0,0,0,,0,3,0,5,3,1,12,,10,,6,2021-07-22,1,2021-07-22,2
K12,july_2021_arm_1,ento_form_1a_immediately_processed_summary,2,2021-07-26,,6,0,0,0,0,0,0,,1,2,1,0,5,0,8,,18,,6,2021-07-29,1,2021-07-29,2
K12,august_2021_arm_1,ento_form_1a_immediately_processed_summary,1,2021-08-16,,7,0,0,0,0,0,0,,0,0,0,1,1,0,2,,11,,6,2021-08-19,1,2021-08-19,2
K12,august_2021_arm_1,ento_form_1a_immediately_processed_summary,2,2021-08-23,,7,0,0,0,0,0,0,,0,0,3,0,0,0,3,,3,,6,2021-08-31,1,2021-08-31,2
K12,august_2021_arm_1,ento_form_1a_immediately_processed_summary,3,2021-08-30,,3,0,2,0,0,0,2,,0,1,0,0,5,0,6,,8,,6,2021-08-31,1,2021-08-31,2
K12,september_2021_arm_1,ento_form_1a_immediately_processed_summary,1,2021-09-20,,2,0,0,0,0,0,0,,0,2,6,8,2,0,18,,6,,3,2021-09-27,1,2021-09-27,2
K12,september_2021_arm_1,ento_form_1a_immediately_processed_summary,2,2021-09-27,,2,0,0,0,0,0,0,,0,3,10,2,13,0,28,,16,,3,2021-09-27,1,2021-09-27,2
K12,october_2021_arm_1,ento_form_1a_immediately_processed_summary,1,2021-10-18,,7,0,0,0,0,0,0,,2,30,29,13,17,0,89,,106,,3,2021-10-25,1,2021-10-25,2
K12,october_2021_arm_1,ento_form_1a_immediately_processed_summary,2,2021-10-25,,4,0,0,0,0,0,0,,1,30,12,5,26,0,73,,86,,3,2021-10-25,1,2021-10-25,2
K12,november_2021_arm_1,ento_form_1a_immediately_processed_summary,1,2021-11-22,,6,0,0,0,0,0,0,,0,27,7,2,13,0,49,,66,,3,2021-11-22,1,2021-11-22,2
K12,november_2021_arm_1,ento_form_1a_immediately_processed_summary,2,2021-11-15,,6,0,0,0,0,0,0,,0,9,0,2,6,0,17,,123,,3,2021-11-22,1,2021-11-22,2
K12,december_2021_arm_1,ento_form_1a_immediately_processed_summary,1,2021-12-20,,10,0,0,0,0,0,0,,0,19,4,2,12,0,37,,124,,3,2021-12-20,1,2021-12-20,2
K12,january_2022_arm_1,ento_form_1a_immediately_processed_summary,1,2022-01-24,,4,0,0,0,0,0,0,,0,7,5,3,6,1,22,,57,,3,2022-01-24,1,2022-01-24,2
K12,january_2022_arm_1,ento_form_1a_immediately_processed_summary,2,2022-01-17,,4,0,0,0,0,0,0,,0,4,3,5,8,0,20,,32,,3,2022-01-25,1,2022-01-25,2
K12,february_2022_arm_1,ento_form_1a_immediately_processed_summary,1,2022-02-14,,10,0,0,0,0,0,0,,0,5,2,3,4,0,14,,30,,3,2022-02-16,1,2022-02-16,2
K12,february_2022_arm_1,ento_form_1a_immediately_processed_summary,2,2022-02-21,,10,0,0,0,0,0,0,,0,0,2,2,3,0,7,,25,,3,2022-02-22,1,2022-02-22,2
K12,march_2022_arm_1,ento_form_1a_immediately_processed_summary,1,2022-03-21,,7,0,1,0,0,0,1,,0,0,0,2,0,0,2,,1,,3,2022-03-23,1,2022-03-23,2
K12,march_2022_arm_1,ento_form_1a_immediately_processed_summary,2,2022-03-14,,7,0,0,0,0,0,0,,0,0,0,0,0,0,0,,3,,3,2022-03-23,1,2022-03-23,2
K12,march_2022_arm_1,ento_form_1a_immediately_processed_summary,3,2022-03-28,,7,0,0,0,0,0,0,,0,0,1,0,0,0,1,,2,,3,2022-03-30,1,2022-03-30,2
K12,april_2022_arm_1,ento_form_1a_immediately_processed_summary,1,2022-04-26,,8,0,0,0,0,0,0,,0,0,2,1,1,0,4,,3,,3,2022-04-26,1,2022-04-26,2
K12,april_2022_arm_1,ento_form_1a_immediately_processed_summary,2,2022-04-04,,8,0,0,0,0,0,0,,0,0,0,0,1,0,1,,0,,3,2022-04-26,1,2022-04-26,2
K12,may_2022_arm_1,ento_form_1a_immediately_processed_summary,1,2022-05-23,,8,3,0,0,2,0,5,,4,58,15,10,39,0,122,,235,,3,2022-05-30,1,2022-05-30,2
K12,may_2022_arm_1,ento_form_1a_immediately_processed_summary,2,2022-05-16,,6,0,1,0,0,0,1,,2,50,5,24,30,0,109,,318,,3,2022-05-30,1,2022-05-30,2
K12,june_2022_arm_1,ento_form_1a_immediately_processed_summary,1,2022-06-20,,2,0,0,0,0,0,0,,1,60,13,17,32,1,123,,368,,3,2022-06-30,1,2022-06-30,2
K12,june_2022_arm_1,ento_form_1a_immediately_processed_summary,2,2022-06-13,,2,0,0,0,0,0,0,,1,22,43,11,8,2,86,,325,,3,2022-06-30,1,2022-06-30,2
K12,july_2022_arm_1,ento_form_1a_immediately_processed_summary,1,2022-07-18,,4,0,0,0,0,0,0,,0,9,4,2,5,0,20,,39,,3,2022-07-19,1,2022-07-19,2
K12,july_2022_arm_1,ento_form_1a_immediately_processed_summary,2,2022-07-25,,8,0,0,0,0,0,0,,0,4,2,0,11,1,18,,30,,4,2022-08-02,1,2022-08-02,2
K12,august_2022_arm_1,ento_form_1a_immediately_processed_summary,1,2022-08-01,,4,0,0,0,0,0,0,,1,3,5,6,3,1,18,,37,,4,2022-08-04,1,2022-08-04,2
K12,august_2022_arm_1,ento_form_1a_immediately_processed_summary,2,2022-08-22,,6,0,0,0,0,0,0,,0,6,3,11,18,0,38,,96,,4,2022-08-23,1,2022-08-23,2
K12,september_2022_arm_1,ento_form_1a_immediately_processed_summary,1,2022-09-19,,2,0,0,0,0,0,0,,0,4,3,1,16,0,24,,91,,3,2022-09-23,1,2022-09-23,2
K12,september_2022_arm_1,ento_form_1a_immediately_processed_summary,2,2022-09-12,,7,0,1,0,0,0,1,,0,18,0,19,29,0,66,,207,,3,2022-09-23,1,2022-09-23,2
K12,october_2022_arm_1,ento_form_1a_immediately_processed_summary,1,2022-10-17,,9,0,0,0,0,0,0,,0,24,8,4,9,0,45,,36,,4,2022-10-19,1,2022-10-19,2
K12,october_2022_arm_1,ento_form_1a_immediately_processed_summary,2,2022-10-24,,9,0,0,0,0,0,0,,0,20,10,12,22,0,64,,86,,3,2022-11-02,1,2022-11-02,2
K12,november_2022_arm_1,ento_form_1a_immediately_processed_summary,1,2022-11-14,,5,0,0,0,0,0,0,,0,95,15,22,42,0,174,,511,,10,2022-11-15,1,2022-11-15,2
K12,november_2022_arm_1,ento_form_1a_immediately_processed_summary,2,2022-11-21,,5,0,1,0,0,0,1,,0,83,12,31,52,0,178,,367,,12,2022-11-22,1,2022-11-22,2
K12,december_2022_arm_1,ento_form_1a_immediately_processed_summary,1,2022-12-19,,6,0,0,0,0,0,0,,0,22,2,8,21,0,53,,169,,10,2022-12-19,1,2022-12-19,2
K13,january_2020_arm_1,ento_form_1a_immediately_processed_summary,1,2020-01-20,,8,0,1,1,0,0,2,,1,1,3,9,5,0,18,,16,,3,2020-04-08,1,2020-04-08,2
K13,january_2020_arm_1,ento_form_1a_immediately_processed_summary,2,2020-01-27,,8,0,0,0,0,0,0,,0,0,0,1,1,0,2,,4,,3,2020-04-08,1,2020-04-08,1
K13,february_2020_arm_1,ento_form_1a_immediately_processed_summary,1,2020-02-03,,4,0,0,1,0,0,1,,0,6,0,7,2,0,15,,17,,3,2020-04-10,1,2020-04-10,1
K13,february_2020_arm_1,ento_form_1a_immediately_processed_summary,2,2020-02-17,,2,0,0,0,0,0,0,,1,0,0,5,2,0,7,,3,,3,2020-04-14,1,2020-04-14,1
K13,february_2020_arm_1,ento_form_1a_immediately_processed_summary,3,2020-02-24,,4,0,0,0,0,0,0,,0,1,0,5,10,0,16,,14,,3,2020-04-14,1,2020-04-14,1
K13,march_2020_arm_1,ento_form_1a_immediately_processed_summary,1,2020-03-02,,2,0,0,0,0,0,0,,0,0,0,0,3,0,3,,13,,3,2020-04-28,1,2020-04-28,1
K13,march_2020_arm_1,ento_form_1a_immediately_processed_summary,2,2020-03-16,,3,0,0,0,0,0,0,,0,2,0,6,1,0,9,,5,,3,2020-04-28,1,2020-04-28,1
K13,may_2020_arm_1,ento_form_1a_immediately_processed_summary,1,2020-05-29,,8,0,0,0,0,0,0,,1,34,37,35,15,0,121,,73,,3,2020-06-04,1,2020-06-04,1
K13,june_2020_arm_1,ento_form_1a_immediately_processed_summary,1,2020-06-15,,8,0,0,0,0,0,0,,0,13,8,30,13,0,64,,21,,3,2020-06-17,1,2020-06-17,1
K13,june_2020_arm_1,ento_form_1a_immediately_processed_summary,2,2020-06-22,,8,0,0,0,0,0,0,,0,6,7,24,8,0,45,,17,,3,2020-06-30,1,2020-06-30,1
K13,july_2020_arm_1,ento_form_1a_immediately_processed_summary,1,2020-07-06,,7,0,0,0,0,0,0,,0,0,1,14,2,0,17,,8,,3,2020-07-08,1,2020-07-08,1
K13,july_2020_arm_1,ento_form_1a_immediately_processed_summary,2,2020-07-20,,7,0,0,0,0,0,0,,0,1,0,2,2,0,5,,0,,3,2020-07-22,1,2020-07-22,1
K13,july_2020_arm_1,ento_form_1a_immediately_processed_summary,3,2020-07-27,,7,0,0,0,0,0,0,,0,1,0,5,3,0,9,,5,,3,2020-08-04,1,2020-08-04,1
K13,august_2020_arm_1,ento_form_1a_immediately_processed_summary,1,2020-08-17,,3,0,0,0,0,0,0,,0,1,0,1,1,1,4,,3,,3,2020-08-28,1,2020-08-28,2
K13,august_2020_arm_1,ento_form_1a_immediately_processed_summary,2,2020-08-24,,3,0,1,0,0,0,1,,0,3,0,2,2,1,8,,3,,3,2020-08-28,1,2020-08-28,2
K13,august_2020_arm_1,ento_form_1a_immediately_processed_summary,3,2020-08-31,,9,0,0,0,0,0,0,,0,0,1,0,1,0,2,,2,,3,2020-09-02,1,2020-09-02,2
K13,september_2020_arm_1,ento_form_1a_immediately_processed_summary,1,2020-09-14,,9,0,0,0,0,0,0,,1,8,6,4,10,0,28,,36,,5,2020-09-22,1,2020-09-22,2
K13,september_2020_arm_1,ento_form_1a_immediately_processed_summary,2,2020-09-21,,9,0,0,0,0,0,0,,0,2,10,8,8,0,28,,46,,3,2020-09-22,1,2020-09-22,2
K13,october_2020_arm_1,ento_form_1a_immediately_processed_summary,1,2020-10-05,,7,0,0,0,0,0,0,,1,2,4,7,7,0,20,,16,,3,2020-10-06,1,2020-10-06,2
K13,october_2020_arm_1,ento_form_1a_immediately_processed_summary,2,2020-10-19,,7,0,0,0,0,0,0,,0,5,12,18,11,0,46,,39,,4,2020-10-21,1,2020-10-21,2
K13,october_2020_arm_1,ento_form_1a_immediately_processed_summary,3,2020-10-26,,7,1,1,0,0,0,2,,0,6,25,15,13,0,59,,52,,5,2020-10-27,1,2020-10-27,2
K13,november_2020_arm_1,ento_form_1a_immediately_processed_summary,1,2020-11-02,,6,0,0,0,0,0,0,,0,25,11,24,25,0,85,,86,,4,2020-11-03,1,2020-11-03,2
K13,november_2020_arm_1,ento_form_1a_immediately_processed_summary,2,2020-11-16,,6,1,0,0,0,0,1,,0,9,5,18,14,0,46,,46,,3,2020-11-16,1,2020-11-16,2
K13,november_2020_arm_1,ento_form_1a_immediately_processed_summary,3,2020-11-23,,6,0,0,1,0,0,1,,0,7,1,13,11,0,32,,42,,5,2020-11-25,1,2020-11-25,2
K13,november_2020_arm_1,ento_form_1a_immediately_processed_summary,4,2020-11-30,,5,0,1,0,0,0,1,,2,7,17,5,5,0,34,,10,,3,2020-11-30,1,2020-11-30,2
K13,december_2020_arm_1,ento_form_1a_immediately_processed_summary,1,2020-12-14,,5,0,1,1,0,0,2,,0,2,1,4,3,1,11,,21,,4,2020-12-14,1,2020-12-14,2
K13,january_2021_arm_1,ento_form_1a_immediately_processed_summary,1,2021-01-04,,8,0,0,0,1,0,1,,0,2,1,8,3,0,14,,9,,3,2021-01-07,1,2021-01-07,2
K13,january_2021_arm_1,ento_form_1a_immediately_processed_summary,2,2021-01-18,,8,0,0,0,0,0,0,,0,1,1,14,6,0,22,,10,,3,2021-02-01,1,2021-02-01,2
K13,january_2021_arm_1,ento_form_1a_immediately_processed_summary,3,2021-01-25,,8,0,0,0,0,0,0,,0,0,3,0,1,0,4,,3,,3,2021-02-01,1,2021-02-01,2
K13,feburary_2021_arm_1,ento_form_1a_immediately_processed_summary,1,2021-02-15,,9,0,1,2,0,0,3,,0,1,5,7,6,0,19,,8,,4,2021-02-23,1,2021-02-23,2
K13,feburary_2021_arm_1,ento_form_1a_immediately_processed_summary,2,2021-02-22,,9,0,0,0,0,0,0,,1,3,3,4,2,0,12,,10,,4,2021-02-23,1,2021-02-23,2
K13,march_2021_arm_1,ento_form_1a_immediately_processed_summary,1,2021-03-15,,4,0,0,0,0,0,0,,0,0,0,0,0,0,0,,3,,3,2021-03-28,1,2021-03-28,2
K13,march_2021_arm_1,ento_form_1a_immediately_processed_summary,2,2021-03-22,,4,0,0,0,0,0,0,,1,0,0,0,1,0,1,,2,,3,2021-03-28,1,2021-03-28,2
K13,march_2021_arm_1,ento_form_1a_immediately_processed_summary,3,2021-03-29,,4,0,0,0,0,0,0,,0,0,0,0,1,0,1,,4,,3,2021-03-31,1,2021-03-31,2
K13,april_2021_arm_1,ento_form_1a_immediately_processed_summary,1,2021-04-19,,2,0,3,0,4,0,7,,2,0,18,4,6,0,28,,12,,3,2021-04-24,1,2021-04-24,2
K13,april_2021_arm_1,ento_form_1a_immediately_processed_summary,2,2021-04-26,,5,0,6,2,5,0,13,,2,3,49,14,20,0,86,,17,,5,2021-04-28,1,2021-04-28,2
K13,may_2021_arm_1,ento_form_1a_immediately_processed_summary,1,2021-05-17,,10,9,23,0,6,0,38,,28,24,114,63,89,0,290,,178,,5,2021-05-18,1,2021-05-18,2
K13,may_2021_arm_1,ento_form_1a_immediately_processed_summary,2,2021-05-24,,10,6,44,0,4,0,54,,9,20,279,53,34,0,386,,57,,5,2021-06-08,1,2021-06-08,2
K13,june_2021_arm_1,ento_form_1a_immediately_processed_summary,1,2021-06-21,,4,0,0,0,2,0,2,,3,6,4,16,20,0,46,,32,,6,2021-07-02,1,2021-07-02,2
K13,june_2021_arm_1,ento_form_1a_immediately_processed_summary,2,2021-06-28,,2,0,2,0,2,0,4,,2,6,34,26,49,0,115,,32,,6,2021-07-05,1,2021-07-05,2
K13,june_2021_arm_1,ento_form_1a_immediately_processed_summary,3,2021-06-14,,2,1,4,0,3,0,8,,11,0,0,0,0,0,0,,0,,3,2021-07-12,1,2021-07-12,2
K13,july_2021_arm_1,ento_form_1a_immediately_processed_summary,1,2021-07-19,,6,0,0,0,2,0,2,,1,1,0,0,1,0,2,,4,,6,2021-07-22,1,2021-07-22,2
K13,july_2021_arm_1,ento_form_1a_immediately_processed_summary,2,2021-07-26,,6,0,0,0,0,0,0,,0,0,5,2,1,0,8,,8,,6,2021-07-29,1,2021-07-29,2
K13,august_2021_arm_1,ento_form_1a_immediately_processed_summary,1,2021-08-16,,3,0,0,0,0,0,0,,0,1,2,3,6,0,12,,5,,6,2021-08-19,1,2021-08-19,2
K13,august_2021_arm_1,ento_form_1a_immediately_processed_summary,2,2021-08-23,,3,0,0,0,0,0,0,,0,0,0,4,0,0,4,,1,,6,2021-08-31,1,2021-08-31,2
K13,august_2021_arm_1,ento_form_1a_immediately_processed_summary,3,2021-08-30,,3,0,0,0,0,0,0,,0,1,0,0,1,0,2,,12,,6,2021-08-31,1,2021-08-31,2
K13,september_2021_arm_1,ento_form_1a_immediately_processed_summary,1,2021-09-20,,9,0,0,0,0,0,0,,0,3,0,2,1,0,6,,5,,3,2021-09-27,1,2021-09-27,2
K13,september_2021_arm_1,ento_form_1a_immediately_processed_summary,2,2021-09-27,,2,0,0,0,0,0,0,,0,4,5,3,6,0,18,,2,,3,2021-09-27,1,2021-09-27,2
K13,october_2021_arm_1,ento_form_1a_immediately_processed_summary,1,2021-10-18,,7,0,0,0,0,0,0,,0,8,2,9,6,0,25,,26,,3,2021-10-25,1,2021-10-25,2
K13,october_2021_arm_1,ento_form_1a_immediately_processed_summary,2,2021-10-25,,4,0,0,0,0,0,0,,1,18,7,8,17,2,52,,65,,3,2021-10-25,1,2021-10-25,2
K13,november_2021_arm_1,ento_form_1a_immediately_processed_summary,1,2021-11-22,,2,0,0,0,0,0,0,,0,9,10,6,7,0,32,,30,,3,2021-11-22,1,2021-11-22,2
K13,november_2021_arm_1,ento_form_1a_immediately_processed_summary,2,2021-11-15,,2,0,0,0,0,0,0,,0,24,1,31,4,3,63,,,,3,2021-11-22,1,2021-11-22,1
K13,november_2021_arm_1,ento_form_1a_immediately_processed_summary,3,2022-11-14,,7,0,0,0,0,0,0,,0,9,2,2,12,0,25,,63,,13,2022-11-15,,2022-11-15,0
K13,december_2021_arm_1,ento_form_1a_immediately_processed_summary,1,2021-12-20,,10,0,0,0,0,0,0,,0,8,2,4,5,0,19,,25,,3,2021-12-20,1,2021-12-20,2
K13,january_2022_arm_1,ento_form_1a_immediately_processed_summary,1,2022-01-24,,2,0,1,0,0,0,1,,0,9,3,9,2,2,25,,21,,3,2022-01-24,1,2022-01-24,2
K13,january_2022_arm_1,ento_form_1a_immediately_processed_summary,2,2022-01-17,,2,0,0,0,0,0,0,,0,1,15,11,8,1,36,,22,,3,2022-01-25,1,2022-01-25,2
K13,february_2022_arm_1,ento_form_1a_immediately_processed_summary,1,2022-02-14,,6,0,0,0,0,0,0,,0,2,2,1,3,0,8,,6,,3,2022-02-16,1,2022-02-16,2
K13,february_2022_arm_1,ento_form_1a_immediately_processed_summary,2,2022-02-21,,6,0,0,0,0,0,0,,0,0,0,1,1,0,2,,6,,3,2022-02-22,1,2022-02-22,2
K13,march_2022_arm_1,ento_form_1a_immediately_processed_summary,1,2022-03-21,,9,0,0,0,0,0,0,,0,0,0,0,0,0,0,,0,,3,2022-03-23,1,2022-03-23,2
K13,march_2022_arm_1,ento_form_1a_immediately_processed_summary,2,2022-03-14,,9,0,0,0,0,0,0,,0,0,0,0,0,0,0,,1,,3,2022-03-23,1,2022-03-23,2
K13,march_2022_arm_1,ento_form_1a_immediately_processed_summary,3,2022-03-28,,9,0,0,0,0,0,0,,0,0,0,0,0,0,0,,1,,3,2022-03-30,1,2022-03-30,2
K13,april_2022_arm_1,ento_form_1a_immediately_processed_summary,1,2022-04-26,,5,0,1,0,0,0,1,,1,1,5,1,1,0,8,,4,,3,2022-04-26,1,2022-04-26,2
K13,april_2022_arm_1,ento_form_1a_immediately_processed_summary,2,2022-04-04,,4,0,0,0,0,0,0,,0,0,2,0,0,0,2,,4,,3,2022-04-26,1,2022-04-26,2
K13,may_2022_arm_1,ento_form_1a_immediately_processed_summary,1,2022-05-23,,10,0,0,0,0,0,0,,0,19,38,35,39,0,131,,137,,3,2022-05-30,1,2022-05-30,2
K13,may_2022_arm_1,ento_form_1a_immediately_processed_summary,2,2022-05-16,,10,1,0,0,0,0,1,,0,15,9,30,23,0,77,,133,,3,2022-05-30,1,2022-05-30,2
K13,june_2022_arm_1,ento_form_1a_immediately_processed_summary,1,2022-06-20,,3,0,0,0,0,0,0,,0,31,2,43,26,0,102,,135,,3,2022-06-30,1,2022-06-30,2
K13,june_2022_arm_1,ento_form_1a_immediately_processed_summary,2,2022-06-13,,3,0,1,0,0,0,1,,0,85,11,112,11,0,219,,187,,3,2022-06-30,1,2022-06-30,2
K13,july_2022_arm_1,ento_form_1a_immediately_processed_summary,1,2022-07-18,,8,0,0,0,0,0,0,,0,4,4,19,16,0,43,,66,,3,2022-07-19,1,2022-07-19,2
K13,july_2022_arm_1,ento_form_1a_immediately_processed_summary,2,2022-07-25,,8,0,0,0,0,0,0,,0,6,9,3,1,0,19,,11,,4,2022-08-02,1,2022-08-02,2
K13,august_2022_arm_1,ento_form_1a_immediately_processed_summary,1,2022-08-01,,4,0,0,0,0,0,0,,0,4,0,4,0,0,8,,13,,4,2022-08-04,1,2022-08-04,2
K13,august_2022_arm_1,ento_form_1a_immediately_processed_summary,2,2022-08-22,,6,0,0,0,0,0,0,,0,6,12,5,6,0,29,,22,,4,2022-08-23,1,2022-08-23,2
K13,september_2022_arm_1,ento_form_1a_immediately_processed_summary,1,2022-09-19,,2,0,0,0,0,0,0,,0,1,7,8,10,0,26,,15,,3,2022-09-23,1,2022-09-23,2
K13,september_2022_arm_1,ento_form_1a_immediately_processed_summary,2,2022-09-12,,9,0,1,0,0,0,1,,0,5,22,26,34,0,87,,40,,3,2022-09-23,1,2022-09-23,2
K13,october_2022_arm_1,ento_form_1a_immediately_processed_summary,1,2022-10-17,,3,0,0,0,0,0,0,,0,8,3,49,9,1,70,,36,,4,2022-10-19,1,2022-10-19,2
K13,october_2022_arm_1,ento_form_1a_immediately_processed_summary,2,2022-10-24,,3,0,0,0,0,0,0,,0,44,2,135,59,3,243,,171,,3,2022-11-02,1,2022-11-02,2
K13,november_2022_arm_1,ento_form_1a_immediately_processed_summary,1,2022-11-14,,7,0,0,0,0,0,0,,0,58,13,46,28,1,146,,184,,13,2022-11-15,1,2022-11-15,2
K13,november_2022_arm_1,ento_form_1a_immediately_processed_summary,2,2022-11-21,,5,0,0,0,0,0,0,,0,36,17,16,15,0,84,,76,,12,2022-11-22,1,2022-11-22,2
K13,december_2022_arm_1,ento_form_1a_immediately_processed_summary,1,2022-12-19,,2,0,0,0,0,0,0,,0,22,35,18,15,0,90,,42,,10,2022-12-19,1,2022-12-19,2
K14,january_2020_arm_1,ento_form_1a_immediately_processed_summary,1,2020-01-20,,8,0,0,0,0,0,0,,0,0,0,0,0,0,0,,0,,3,2020-04-08,1,2020-04-08,2
K14,january_2020_arm_1,ento_form_1a_immediately_processed_summary,2,2020-01-27,,8,0,0,2,0,0,2,,1,1,0,4,3,0,8,,7,,3,2020-04-08,1,2020-04-08,1
K14,february_2020_arm_1,ento_form_1a_immediately_processed_summary,1,2020-02-03,,4,0,0,0,0,0,0,,2,2,1,4,1,0,8,,4,,3,2020-04-10,1,2020-04-10,1
K14,february_2020_arm_1,ento_form_1a_immediately_processed_summary,2,2020-02-17,,2,0,1,0,0,0,1,,0,0,2,3,2,0,7,,10,,3,2020-04-14,1,2020-04-14,1
K14,february_2020_arm_1,ento_form_1a_immediately_processed_summary,3,2020-02-24,,4,0,0,0,0,0,0,,0,0,3,8,11,2,24,,19,,3,2020-04-14,1,2020-04-14,1
K14,march_2020_arm_1,ento_form_1a_immediately_processed_summary,1,2020-03-02,,2,0,0,0,0,0,0,,0,0,1,1,5,0,7,,24,,3,2020-04-28,1,2020-04-28,1
K14,march_2020_arm_1,ento_form_1a_immediately_processed_summary,2,2020-03-16,,3,0,0,0,0,0,0,,0,0,0,1,0,0,1,,3,,3,2020-04-28,1,2020-04-28,1
K14,may_2020_arm_1,ento_form_1a_immediately_processed_summary,1,2020-05-29,,8,0,0,0,0,0,0,,0,8,3,5,3,0,19,,14,,3,2020-06-04,1,2020-06-04,1
K14,june_2020_arm_1,ento_form_1a_immediately_processed_summary,1,2020-06-15,,8,0,0,0,0,0,0,,0,10,0,4,8,0,22,,23,,3,2020-06-17,1,2020-06-17,1
K14,june_2020_arm_1,ento_form_1a_immediately_processed_summary,2,2020-06-22,,8,0,0,0,0,0,0,,0,5,1,1,3,1,11,,22,,3,2020-06-30,1,2020-06-30,1
K14,july_2020_arm_1,ento_form_1a_immediately_processed_summary,1,2020-07-06,,7,0,0,0,0,0,0,,0,0,0,0,3,0,3,,5,,3,2020-07-08,1,2020-07-08,1
K14,july_2020_arm_1,ento_form_1a_immediately_processed_summary,2,2020-07-20,,7,0,0,0,0,0,0,,0,1,0,0,2,0,3,,4,,3,2020-07-22,1,2020-07-22,1
K14,july_2020_arm_1,ento_form_1a_immediately_processed_summary,3,2020-07-27,,7,0,0,0,0,0,0,,0,0,0,1,1,0,2,,5,,3,2020-08-04,1,2020-08-04,1
K14,august_2020_arm_1,ento_form_1a_immediately_processed_summary,1,2020-08-17,,3,0,0,1,0,0,1,,0,1,0,0,0,0,1,,0,,3,2020-08-28,1,2020-08-28,2
K14,august_2020_arm_1,ento_form_1a_immediately_processed_summary,2,2020-08-24,,3,0,0,0,0,0,0,,0,0,0,0,0,0,0,,0,,3,2020-08-28,1,2020-08-28,2
K14,august_2020_arm_1,ento_form_1a_immediately_processed_summary,3,2020-08-31,,9,0,0,0,0,0,0,,0,0,0,0,0,0,0,,0,,3,2020-09-02,1,2020-09-02,2
K14,september_2020_arm_1,ento_form_1a_immediately_processed_summary,1,2020-09-14,,9,0,0,0,0,0,0,,0,1,0,2,0,0,3,,10,,5,2020-09-22,1,2020-09-22,2
K14,september_2020_arm_1,ento_form_1a_immediately_processed_summary,2,2020-09-21,,9,0,0,0,0,0,0,,0,2,4,5,4,0,15,,12,,3,2020-09-22,1,2020-09-22,2
K14,october_2020_arm_1,ento_form_1a_immediately_processed_summary,1,2020-10-05,,7,0,0,0,0,0,0,,0,0,5,0,1,0,6,,1,,3,2020-10-06,1,2020-10-06,2
K14,october_2020_arm_1,ento_form_1a_immediately_processed_summary,2,2020-10-19,,7,0,0,0,0,0,0,,0,2,0,3,1,0,6,,20,,4,2020-10-21,1,2020-10-21,2
K14,october_2020_arm_1,ento_form_1a_immediately_processed_summary,3,2020-10-26,,7,0,0,0,0,0,0,,0,0,3,0,1,0,4,,4,,5,2020-10-27,1,2020-10-27,2
K14,november_2020_arm_1,ento_form_1a_immediately_processed_summary,1,2020-11-02,,6,0,0,0,0,0,0,,0,3,0,1,0,0,4,,5,,4,2020-11-03,1,2020-11-03,2
K14,november_2020_arm_1,ento_form_1a_immediately_processed_summary,2,2020-11-16,,6,0,0,0,0,0,0,,0,2,0,2,0,0,4,,6,,3,2020-11-16,1,2020-11-16,2
K14,november_2020_arm_1,ento_form_1a_immediately_processed_summary,3,2020-11-23,,6,0,0,0,0,0,0,,0,4,0,1,2,0,7,,13,,5,2020-11-25,1,2020-11-25,2
K14,november_2020_arm_1,ento_form_1a_immediately_processed_summary,4,2020-11-30,,5,0,0,0,0,0,0,,0,2,0,1,2,0,5,,10,,3,2020-11-30,1,2020-11-30,2
K14,december_2020_arm_1,ento_form_1a_immediately_processed_summary,1,2020-12-14,,5,0,0,0,0,0,0,,0,0,0,0,0,0,0,,1,,4,2020-12-14,1,2020-12-14,2
K14,january_2021_arm_1,ento_form_1a_immediately_processed_summary,1,2021-01-04,,8,0,0,0,0,0,0,,0,0,0,4,1,0,5,,7,,3,2021-01-07,1,2021-01-07,2
K14,january_2021_arm_1,ento_form_1a_immediately_processed_summary,2,2021-01-18,,8,0,0,0,0,0,0,,0,0,1,5,2,0,8,,0,,3,2021-02-01,1,2021-02-01,2
K14,january_2021_arm_1,ento_form_1a_immediately_processed_summary,3,2021-01-25,,8,0,0,0,0,0,0,,0,0,0,0,0,0,0,,0,,3,2021-02-01,1,2021-02-01,2
K14,feburary_2021_arm_1,ento_form_1a_immediately_processed_summary,1,2021-02-15,,9,0,0,0,0,0,0,,0,2,3,4,2,0,11,,10,,4,2021-02-23,1,2021-02-23,2
K14,feburary_2021_arm_1,ento_form_1a_immediately_processed_summary,2,2021-02-22,,9,0,0,0,0,0,0,,0,5,3,3,4,0,15,,15,,4,2021-02-23,1,2021-02-23,2
K14,march_2021_arm_1,ento_form_1a_immediately_processed_summary,1,2021-03-15,,4,0,0,0,0,0,0,,0,0,0,0,0,0,0,,0,,3,2021-03-28,1,2021-03-28,2
K14,march_2021_arm_1,ento_form_1a_immediately_processed_summary,2,2021-03-22,,4,0,0,0,0,0,0,,0,0,0,0,0,0,0,,0,,3,2021-03-28,1,2021-03-28,2
K14,march_2021_arm_1,ento_form_1a_immediately_processed_summary,3,2021-03-29,,4,0,0,0,0,0,0,,0,0,0,0,0,0,0,,0,,3,2021-03-31,1,2021-03-31,2
K14,april_2021_arm_1,ento_form_1a_immediately_processed_summary,1,2021-04-19,,2,1,0,0,0,0,1,,0,3,0,1,0,0,4,,1,,3,2021-04-24,1,2021-04-24,2
K14,april_2021_arm_1,ento_form_1a_immediately_processed_summary,2,2021-04-26,,5,0,0,0,0,0,0,,1,3,2,0,3,0,8,,26,,5,2021-04-28,1,2021-04-28,2
K14,may_2021_arm_1,ento_form_1a_immediately_processed_summary,1,2021-05-17,,10,0,3,0,0,0,3,,5,3,17,0,2,0,22,,16,,5,2021-05-18,1,2021-05-18,2
K14,may_2021_arm_1,ento_form_1a_immediately_processed_summary,2,2021-05-24,,10,0,1,0,0,0,1,,1,3,16,4,9,0,32,,22,,5,2021-06-08,1,2021-06-08,2
K14,june_2021_arm_1,ento_form_1a_immediately_processed_summary,1,2021-06-21,,4,0,0,0,0,0,0,,2,1,0,0,1,0,2,,7,,6,2021-07-02,1,2021-07-02,2
K14,june_2021_arm_1,ento_form_1a_immediately_processed_summary,2,2021-06-28,,2,0,0,0,0,0,0,,0,5,0,3,5,0,13,,11,,6,2021-07-05,1,2021-07-05,2
K14,june_2021_arm_1,ento_form_1a_immediately_processed_summary,3,2021-06-14,,2,1,0,0,2,0,3,,4,0,0,0,0,0,0,,0,,3,2021-07-12,1,2021-07-12,2
K14,july_2021_arm_1,ento_form_1a_immediately_processed_summary,1,2021-07-19,,6,0,0,0,0,0,0,,1,2,0,0,2,0,4,,3,,6,2021-07-22,1,2021-07-22,2
K14,july_2021_arm_1,ento_form_1a_immediately_processed_summary,2,2021-07-26,,6,0,0,0,0,0,0,,0,1,0,0,3,0,4,,3,,6,2021-07-29,1,2021-07-29,2
K14,august_2021_arm_1,ento_form_1a_immediately_processed_summary,1,2021-08-16,,3,0,0,0,0,0,0,,0,0,0,0,0,0,0,,2,,6,2021-08-19,1,2021-08-19,2
K14,august_2021_arm_1,ento_form_1a_immediately_processed_summary,2,2021-08-23,,3,0,0,0,0,0,0,,0,1,0,0,0,0,1,,0,,6,2021-08-31,1,2021-08-31,2
K14,august_2021_arm_1,ento_form_1a_immediately_processed_summary,3,2021-08-30,,3,0,0,0,0,0,0,,00,0,0,0,1,0,1,,3,,6,2021-08-31,1,2021-08-31,2
K14,september_2021_arm_1,ento_form_1a_immediately_processed_summary,1,2021-09-20,,9,0,0,0,0,0,0,,0,0,0,1,0,0,1,,2,,3,2021-09-27,1,2021-09-27,2
K14,september_2021_arm_1,ento_form_1a_immediately_processed_summary,2,2021-09-27,,2,0,0,0,0,0,0,,0,0,1,2,1,0,4,,2,,3,2021-09-27,1,2021-09-27,2
K14,october_2021_arm_1,ento_form_1a_immediately_processed_summary,1,2021-10-18,,7,0,0,0,0,0,0,,0,18,12,7,6,0,43,,43,,3,2021-10-25,1,2021-10-25,2
K14,october_2021_arm_1,ento_form_1a_immediately_processed_summary,2,2021-10-25,,4,0,0,0,0,0,0,,0,3,0,2,1,0,6,,12,,3,2021-10-25,1,2021-10-25,2
K14,november_2021_arm_1,ento_form_1a_immediately_processed_summary,1,2021-11-22,,2,0,0,0,0,0,0,,0,4,1,0,0,0,5,,8,,3,2021-11-22,1,2021-11-22,2
K14,november_2021_arm_1,ento_form_1a_immediately_processed_summary,2,2021-11-15,,2,0,0,0,0,0,0,,0,4,0,1,1,0,6,,14,,3,2021-11-22,1,2021-11-22,2
K14,december_2021_arm_1,ento_form_1a_immediately_processed_summary,1,2021-12-20,,10,0,0,0,0,0,0,,0,7,0,2,1,0,10,,25,,3,2021-12-20,1,2021-12-20,2
K14,january_2022_arm_1,ento_form_1a_immediately_processed_summary,1,2022-01-24,,2,0,0,0,0,0,0,,0,1,1,1,1,0,4,,4,,3,2022-01-24,1,2022-01-24,2
K14,january_2022_arm_1,ento_form_1a_immediately_processed_summary,2,2022-01-17,,2,0,0,0,0,0,0,,0,0,0,3,1,0,4,,5,,3,2022-01-25,1,2022-01-25,2
K14,february_2022_arm_1,ento_form_1a_immediately_processed_summary,1,2022-02-14,,6,0,0,0,0,0,0,,0,1,0,0,0,0,1,,6,,3,2022-02-16,1,2022-02-16,2
K14,february_2022_arm_1,ento_form_1a_immediately_processed_summary,2,2022-02-21,,6,0,0,0,0,0,0,,0,0,0,1,0,0,1,,7,,3,2022-02-22,1,2022-02-22,2
K14,march_2022_arm_1,ento_form_1a_immediately_processed_summary,1,2022-03-21,,9,0,0,0,0,0,0,,0,0,0,0,0,0,0,,0,,3,2022-03-23,1,2022-03-23,2
K14,march_2022_arm_1,ento_form_1a_immediately_processed_summary,2,2022-03-14,,9,0,0,0,0,0,0,,0,0,0,0,0,0,0,,0,,3,2022-03-23,1,2022-03-23,2
K14,march_2022_arm_1,ento_form_1a_immediately_processed_summary,3,2022-03-28,,9,0,0,0,2,0,2,,0,0,0,0,0,0,0,,0,,3,2022-03-30,1,2022-03-30,2
K14,april_2022_arm_1,ento_form_1a_immediately_processed_summary,1,2022-04-26,,5,0,0,0,0,0,0,,0,0,0,0,0,0,0,,1,,3,2022-04-26,1,2022-04-26,2
K14,april_2022_arm_1,ento_form_1a_immediately_processed_summary,2,2022-04-04,,4,0,0,0,0,0,0,,1,0,0,0,0,0,0,,2,,3,2022-04-26,1,2022-04-26,2
K14,may_2022_arm_1,ento_form_1a_immediately_processed_summary,1,2022-05-23,,10,0,0,0,0,0,0,,0,7,6,0,3,0,16,,16,,3,2022-05-30,1,2022-05-30,2
K14,may_2022_arm_1,ento_form_1a_immediately_processed_summary,2,2022-05-16,,10,0,0,0,0,0,0,,9,11,3,16,12,0,42,,90,,3,2022-05-30,1,2022-05-30,2
K14,june_2022_arm_1,ento_form_1a_immediately_processed_summary,1,2022-06-20,,3,0,0,0,0,0,0,,0,17,2,12,2,0,33,,34,,3,2022-06-30,1,2022-06-30,2
K14,june_2022_arm_1,ento_form_1a_immediately_processed_summary,2,2022-06-13,,3,0,0,0,0,0,0,,0,44,0,22,12,0,78,,152,,3,2022-06-30,1,2022-06-30,2
K14,july_2022_arm_1,ento_form_1a_immediately_processed_summary,1,2022-07-18,,8,0,0,0,0,0,0,,0,5,1,1,2,1,10,,8,,3,2022-07-19,1,2022-07-19,2
K14,july_2022_arm_1,ento_form_1a_immediately_processed_summary,2,2022-07-25,,8,0,0,0,0,0,0,,0,1,0,0,1,0,2,,2,,4,2022-08-02,1,2022-08-02,2
K14,august_2022_arm_1,ento_form_1a_immediately_processed_summary,1,2022-08-01,,4,0,0,0,0,0,0,,0,6,1,0,0,1,8,,3,,4,2022-08-04,1,2022-08-04,2
K14,august_2022_arm_1,ento_form_1a_immediately_processed_summary,2,2022-08-22,,6,0,0,0,0,0,0,,0,2,4,5,4,0,15,,6,,4,2022-08-23,1,2022-08-23,2
K14,september_2022_arm_1,ento_form_1a_immediately_processed_summary,1,2022-09-19,,2,0,0,0,0,0,0,,0,1,0,1,0,0,2,,6,,3,2022-09-23,1,2022-09-23,2
K14,september_2022_arm_1,ento_form_1a_immediately_processed_summary,2,2022-09-12,,9,0,0,0,0,0,0,,0,3,5,4,3,0,15,,12,,3,2022-09-23,1,2022-09-23,2
K14,october_2022_arm_1,ento_form_1a_immediately_processed_summary,1,2022-10-17,,3,0,0,0,0,0,0,,0,4,0,8,3,0,15,,11,,4,2022-10-19,1,2022-10-19,2
K14,october_2022_arm_1,ento_form_1a_immediately_processed_summary,2,2022-10-24,,3,0,0,0,0,0,0,,0,4,0,8,7,2,21,,18,,12,2022-10-24,1,2022-11-02,2
K14,november_2022_arm_1,ento_form_1a_immediately_processed_summary,1,2022-11-14,,7,0,0,0,0,0,0,,0,9,2,2,12,0,25,,63,,13,2022-11-15,1,2022-11-15,2
K14,november_2022_arm_1,ento_form_1a_immediately_processed_summary,2,2022-11-14,,7,0,0,0,0,0,0,,0,9,2,2,12,0,25,,63,,13,2022-11-15,,2022-11-15,0
K14,november_2022_arm_1,ento_form_1a_immediately_processed_summary,3,2022-11-21,,5,0,0,0,0,0,0,,0,20,3,9,19,0,51,,114,,12,2022-11-22,1,2022-11-22,2
K14,december_2022_arm_1,ento_form_1a_immediately_processed_summary,1,2022-12-19,,2,0,0,0,0,0,0,,0,2,9,0,2,0,13,,5,,10,2022-12-19,1,2022-12-19,2
K15,january_2020_arm_1,ento_form_1a_immediately_processed_summary,1,2020-01-27,,6,0,0,2,0,0,2,,0,1,1,5,2,0,9,,3,,3,2020-04-08,1,2020-04-08,1
K15,february_2020_arm_1,ento_form_1a_immediately_processed_summary,1,2020-02-17,,7,0,0,0,0,0,0,,0,1,1,4,2,0,8,,3,,3,2020-04-10,1,2020-04-10,1
K15,february_2020_arm_1,ento_form_1a_immediately_processed_summary,2,2020-02-24,,2,0,0,0,0,0,0,,0,2,0,0,6,0,8,,7,,3,2020-04-14,1,2020-04-14,1
K15,march_2020_arm_1,ento_form_1a_immediately_processed_summary,1,2020-03-02,,3,0,0,0,0,0,0,,2,2,0,2,2,1,7,,6,,3,2020-04-27,1,2020-04-27,1
K15,march_2020_arm_1,ento_form_1a_immediately_processed_summary,2,2020-03-16,,6,1,0,0,0,0,1,,0,0,0,1,0,0,1,,2,,3,2020-04-28,1,2020-04-28,1
K15,may_2020_arm_1,ento_form_1a_immediately_processed_summary,1,2020-05-29,,6,0,0,0,1,0,1,,0,32,1,11,18,1,63,,64,,3,2020-06-04,1,2020-06-04,1
K15,june_2020_arm_1,ento_form_1a_immediately_processed_summary,1,2020-06-15,,6,0,0,0,0,0,0,,0,23,0,2,8,0,33,,55,,3,2020-06-16,1,2020-06-16,1
K15,june_2020_arm_1,ento_form_1a_immediately_processed_summary,2,2020-06-22,,6,0,0,0,0,0,0,,0,1,0,0,5,0,6,,13,,3,2020-06-30,1,2020-06-30,1
K15,july_2020_arm_1,ento_form_1a_immediately_processed_summary,1,2020-07-06,,5,0,0,1,1,0,2,,0,2,8,13,10,0,33,,43,,3,2020-07-08,1,2020-07-08,1
K15,july_2020_arm_1,ento_form_1a_immediately_processed_summary,2,2020-07-20,,5,0,0,0,0,0,0,,0,1,4,9,0,0,14,,2,,3,2020-07-22,1,2020-07-22,1
K15,july_2020_arm_1,ento_form_1a_immediately_processed_summary,3,2020-07-27,,5,0,0,0,0,0,0,,0,1,0,1,0,0,2,,2,,3,2020-08-04,1,2020-08-04,1
K15,august_2020_arm_1,ento_form_1a_immediately_processed_summary,1,2020-08-17,,4,0,0,0,0,0,0,,0,0,0,3,0,0,3,,0,,3,2020-08-28,1,2020-08-28,2
K15,august_2020_arm_1,ento_form_1a_immediately_processed_summary,2,2020-08-24,,4,0,0,0,0,0,0,,0,4,0,2,0,0,6,,2,,3,2020-08-28,1,2020-08-28,2
K15,august_2020_arm_1,ento_form_1a_immediately_processed_summary,3,2020-08-31,,6,0,0,0,0,0,0,,0,0,0,0,0,0,0,,0,,3,2020-09-02,1,2020-09-02,2
K15,september_2020_arm_1,ento_form_1a_immediately_processed_summary,1,2020-09-14,,6,0,0,0,0,0,0,,0,3,5,7,6,0,21,,10,,3,2020-09-15,1,2020-09-15,2
K15,september_2020_arm_1,ento_form_1a_immediately_processed_summary,2,2020-09-21,,6,0,0,0,0,0,0,,0,2,3,4,1,0,10,,6,,5,2020-09-22,1,2020-09-22,2
K15,october_2020_arm_1,ento_form_1a_immediately_processed_summary,1,2020-10-05,,8,0,0,0,0,0,0,,0,2,8,3,2,0,15,,8,,3,2020-10-06,1,2020-10-06,2
K15,october_2020_arm_1,ento_form_1a_immediately_processed_summary,2,2020-10-19,,8,0,0,0,0,0,0,,0,4,0,0,0,0,4,,7,,4,2020-10-21,1,2020-10-21,2
K15,october_2020_arm_1,ento_form_1a_immediately_processed_summary,3,2020-10-26,,8,0,0,0,0,0,0,,0,4,1,1,0,0,6,,8,,5,2020-10-26,1,2020-10-27,2
K15,november_2020_arm_1,ento_form_1a_immediately_processed_summary,1,2020-11-02,,2,0,0,0,0,0,0,,0,23,18,5,19,0,65,,58,,4,2020-11-03,1,2020-11-03,2
K15,november_2020_arm_1,ento_form_1a_immediately_processed_summary,2,2020-11-16,,3,0,0,0,0,0,0,,0,1,0,3,4,0,8,,31,,3,2020-11-16,1,2020-11-16,2
K15,november_2020_arm_1,ento_form_1a_immediately_processed_summary,3,2020-11-23,,3,0,1,0,0,0,1,,0,7,1,9,4,0,21,,25,,5,2020-11-25,1,2020-11-25,2
K15,november_2020_arm_1,ento_form_1a_immediately_processed_summary,4,2020-11-30,,9,0,0,0,0,0,0,,0,0,4,5,2,0,11,,2,,3,2020-11-30,1,2020-11-30,2
K15,december_2020_arm_1,ento_form_1a_immediately_processed_summary,1,2020-12-14,,9,0,0,0,0,0,0,,0,3,4,5,2,0,14,,10,,4,2020-12-14,1,2020-12-14,2
K15,january_2021_arm_1,ento_form_1a_immediately_processed_summary,1,2021-01-04,,4,0,0,0,0,0,0,,0,0,3,2,3,0,8,,2,,3,2021-01-07,1,2021-01-07,2
K15,january_2021_arm_1,ento_form_1a_immediately_processed_summary,2,2021-01-18,,4,0,0,0,0,0,0,,0,1,0,2,7,1,11,,51,,3,2021-02-01,1,2021-02-01,2
K15,january_2021_arm_1,ento_form_1a_immediately_processed_summary,3,2021-01-25,,4,0,0,0,0,0,0,,0,0,0,0,0,0,0,,0,,3,2021-02-01,1,2021-02-01,2
K15,feburary_2021_arm_1,ento_form_1a_immediately_processed_summary,1,2021-02-15,,2,0,0,0,0,0,0,,0,0,0,0,0,0,0,,0,,4,2021-02-23,1,2021-02-23,2
K15,feburary_2021_arm_1,ento_form_1a_immediately_processed_summary,2,2021-02-22,,2,0,0,0,0,0,0,,0,0,1,0,1,0,2,,3,,4,2021-02-23,1,2021-02-23,2
K15,march_2021_arm_1,ento_form_1a_immediately_processed_summary,1,2021-03-15,,7,0,0,0,0,0,0,,0,0,0,0,2,0,2,,6,,3,2021-03-28,1,2021-03-28,2
K15,march_2021_arm_1,ento_form_1a_immediately_processed_summary,2,2021-03-22,,7,0,0,0,0,0,0,,0,0,0,1,0,0,1,,2,,3,2021-03-28,1,2021-03-28,2
K15,april_2021_arm_1,ento_form_1a_immediately_processed_summary,1,2021-04-19,,4,0,0,0,0,0,0,,0,2,0,2,0,0,4,,1,,3,2021-04-25,1,2021-04-25,2
K15,may_2021_arm_1,ento_form_1a_immediately_processed_summary,1,2021-05-17,,9,5,4,0,3,0,12,,2,7,26,0,14,0,47,,3,,5,2021-05-18,1,2021-05-18,2
K15,may_2021_arm_1,ento_form_1a_immediately_processed_summary,2,2021-05-24,,9,0,2,0,0,0,2,,1,16,15,10,10,1,52,,14,,5,2021-06-08,1,2021-06-08,2
K15,june_2021_arm_1,ento_form_1a_immediately_processed_summary,1,2021-06-14,,4,0,5,2,7,1,15,,3,4,40,23,17,0,84,,19,,4,2021-07-01,1,2021-07-01,2
K15,june_2021_arm_1,ento_form_1a_immediately_processed_summary,2,2021-06-21,,4,0,8,1,1,0,10,,3,6,30,25,6,3,70,,22,,6,2021-07-02,1,2021-07-02,2
K15,june_2021_arm_1,ento_form_1a_immediately_processed_summary,3,2021-06-28,,4,0,0,0,0,0,0,,0,10,1,16,10,1,38,,5,,6,2021-07-05,1,2021-07-05,2
K15,july_2021_arm_1,ento_form_1a_immediately_processed_summary,1,2021-07-19,,3,0,0,0,0,0,0,,0,0,1,1,1,0,3,,3,,6,2021-07-22,1,2021-07-22,2
K15,july_2021_arm_1,ento_form_1a_immediately_processed_summary,2,2021-07-26,,10,0,0,0,0,0,0,,0,0,0,1,0,0,1,,1,,6,2021-08-02,1,2021-08-02,2
K15,august_2021_arm_1,ento_form_1a_immediately_processed_summary,1,2021-08-16,,7,0,0,0,0,0,0,,0,0,0,1,1,0,2,,6,,6,2021-08-19,1,2021-08-19,2
K15,august_2021_arm_1,ento_form_1a_immediately_processed_summary,2,2021-08-23,,7,0,0,0,0,0,0,,0,0,1,0,0,0,1,,2,,6,2021-08-31,1,2021-08-31,2
K15,august_2021_arm_1,ento_form_1a_immediately_processed_summary,3,2021-08-30,,3,0,0,0,0,0,0,,0,0,2,0,0,0,2,,1,,6,2021-08-31,1,2021-08-31,2
K15,september_2021_arm_1,ento_form_1a_immediately_processed_summary,1,2021-09-20,,2,0,0,0,0,0,0,,0,6,0,0,2,1,9,,4,,3,2021-09-27,1,2021-09-27,2
K15,september_2021_arm_1,ento_form_1a_immediately_processed_summary,2,2021-09-27,,7,0,0,0,0,0,0,,1,2,5,1,2,0,10,,4,,3,2021-09-27,1,2021-09-27,2
K15,october_2021_arm_1,ento_form_1a_immediately_processed_summary,1,2021-10-18,,4,0,0,0,0,0,0,,0,16,5,0,7,2,30,,44,,3,2021-10-25,1,2021-10-25,2
K15,october_2021_arm_1,ento_form_1a_immediately_processed_summary,2,2021-10-25,,4,0,0,0,0,0,0,,0,18,2,2,5,0,27,,42,,3,2021-10-25,1,2021-10-25,2
K15,november_2021_arm_1,ento_form_1a_immediately_processed_summary,1,2021-11-22,,6,0,0,0,0,0,0,,0,19,1,0,10,0,30,,25,,3,2021-11-22,1,2021-11-22,2
K15,november_2021_arm_1,ento_form_1a_immediately_processed_summary,2,2021-11-15,,6,0,0,0,0,0,0,,0,19,8,23,5,0,55,,12,,3,2021-11-22,1,2021-11-22,2
K15,december_2021_arm_1,ento_form_1a_immediately_processed_summary,1,2021-12-20,,4,0,0,0,0,0,0,,0,7,0,3,4,0,14,,34,,3,2021-12-20,1,2021-12-20,2
K15,january_2022_arm_1,ento_form_1a_immediately_processed_summary,1,2022-01-24,,4,0,0,0,0,0,0,,0,0,4,0,1,0,5,,6,,3,2022-01-24,1,2022-01-24,2
K15,january_2022_arm_1,ento_form_1a_immediately_processed_summary,2,2022-01-17,,4,0,0,0,0,0,0,,0,1,2,1,2,0,6,,3,,3,2022-01-25,1,2022-01-25,2
K15,february_2022_arm_1,ento_form_1a_immediately_processed_summary,1,2022-02-14,,10,0,0,0,0,0,0,,0,0,0,0,0,0,0,,2,,3,2022-02-16,1,2022-02-16,2
K15,february_2022_arm_1,ento_form_1a_immediately_processed_summary,2,2022-02-21,,10,0,0,0,0,0,0,,0,0,0,1,2,0,3,,9,,3,2022-02-22,1,2022-02-22,2
K15,march_2022_arm_1,ento_form_1a_immediately_processed_summary,1,2022-03-21,,7,0,0,0,0,0,0,,0,0,0,0,0,0,0,,1,,3,2022-03-23,1,2022-03-23,2
K15,march_2022_arm_1,ento_form_1a_immediately_processed_summary,2,2022-03-14,,7,0,0,0,0,0,0,,0,0,0,1,0,0,1,,2,,3,2022-03-23,1,2022-03-23,2
K15,march_2022_arm_1,ento_form_1a_immediately_processed_summary,3,2022-03-28,,7,0,0,0,0,0,0,,0,0,0,0,0,0,0,,0,,3,2022-03-30,1,2022-03-30,2
K15,april_2022_arm_1,ento_form_1a_immediately_processed_summary,1,2022-04-26,,8,0,0,0,0,0,0,,0,2,0,1,1,0,4,,2,,3,2022-04-26,1,2022-04-26,2
K15,april_2022_arm_1,ento_form_1a_immediately_processed_summary,2,2022-04-04,,8,0,0,0,0,0,0,,0,0,0,0,0,0,0,,0,,3,2022-04-26,1,2022-04-26,2
K15,may_2022_arm_1,ento_form_1a_immediately_processed_summary,1,2022-05-23,,6,0,0,0,0,0,0,,0,18,28,14,31,0,91,,75,,3,2022-05-30,1,2022-05-30,2
K15,may_2022_arm_1,ento_form_1a_immediately_processed_summary,2,2022-05-16,,6,0,1,0,0,0,1,,1,31,1,3,11,0,46,,121,,3,2022-05-30,1,2022-05-30,2
K15,june_2022_arm_1,ento_form_1a_immediately_processed_summary,1,2022-06-20,,2,1,1,0,0,0,2,,1,56,12,15,17,0,100,,142,,3,2022-06-30,1,2022-06-30,2
K15,june_2022_arm_1,ento_form_1a_immediately_processed_summary,2,2022-06-13,,2,0,0,0,0,0,0,,1,128,8,29,29,3,197,,276,,3,2022-06-30,1,2022-06-30,2
K15,july_2022_arm_1,ento_form_1a_immediately_processed_summary,1,2022-07-18,,4,0,0,0,0,0,0,,0,3,0,5,2,0,10,,13,,3,2022-07-19,1,2022-07-19,2
K15,july_2022_arm_1,ento_form_1a_immediately_processed_summary,2,2022-07-25,,8,0,0,0,0,0,0,,0,2,4,1,12,0,19,,24,,4,2022-08-02,1,2022-08-02,2
K15,august_2022_arm_1,ento_form_1a_immediately_processed_summary,1,2022-08-01,,4,1,0,0,0,0,1,,1,12,2,4,5,1,24,,25,,4,2022-08-04,1,2022-08-04,2
K15,august_2022_arm_1,ento_form_1a_immediately_processed_summary,2,2022-08-22,,4,0,0,0,0,0,0,,0,3,3,6,3,0,15,,17,,4,2022-08-23,1,2022-08-23,2
K15,september_2022_arm_1,ento_form_1a_immediately_processed_summary,1,2022-09-19,,6,0,0,0,0,0,0,,0,2,3,2,3,0,10,,25,,3,2022-09-23,1,2022-09-23,2
K15,september_2022_arm_1,ento_form_1a_immediately_processed_summary,2,2022-09-12,,7,0,0,0,0,0,0,,0,6,14,21,9,0,50,,29,,3,2022-09-23,1,2022-09-23,2
K15,october_2022_arm_1,ento_form_1a_immediately_processed_summary,1,2022-10-17,,9,0,0,0,0,0,0,,0,3,10,8,4,0,25,,10,,4,2022-10-19,1,2022-10-19,2
K15,october_2022_arm_1,ento_form_1a_immediately_processed_summary,2,2022-10-24,,9,0,0,0,0,0,0,,0,2,6,8,8,0,24,,28,,3,2022-11-02,1,2022-11-02,2
K15,november_2022_arm_1,ento_form_1a_immediately_processed_summary,1,2022-11-14,,5,0,0,0,0,0,0,,0,23,22,35,29,0,109,,52,,13,2022-11-15,1,2022-11-15,2
K15,november_2022_arm_1,ento_form_1a_immediately_processed_summary,2,2022-11-21,,3,0,0,0,0,0,0,,1,18,2,83,24,2,129,,98,,12,2022-11-22,1,2022-11-22,2
K15,december_2022_arm_1,ento_form_1a_immediately_processed_summary,1,2022-12-19,,6,0,0,0,0,0,0,,0,10,0,15,8,0,33,,9,,10,2022-12-19,1,2022-12-19,2
K16,january_2020_arm_1,ento_form_1a_immediately_processed_summary,1,2020-01-20,,3,0,0,0,0,0,0,,0,5,0,17,3,2,27,,9,,3,2020-04-08,1,2020-04-08,2
K16,january_2020_arm_1,ento_form_1a_immediately_processed_summary,2,2020-01-27,,3,0,0,0,0,0,0,,0,0,0,0,0,0,0,,0,,3,2020-04-08,1,2020-04-08,1
K16,february_2020_arm_1,ento_form_1a_immediately_processed_summary,1,2020-02-03,,5,0,0,0,0,0,0,,0,2,0,2,3,0,7,,4,,3,2020-04-10,1,2020-04-10,1
K16,february_2020_arm_1,ento_form_1a_immediately_processed_summary,2,2020-02-17,,7,0,0,0,0,0,0,,0,3,0,3,1,0,7,,0,,3,2020-04-10,1,2020-04-10,1
K16,february_2020_arm_1,ento_form_1a_immediately_processed_summary,3,2020-02-24,,5,0,0,0,0,0,0,,0,4,0,7,2,0,13,,26,,3,2020-04-14,1,2020-04-14,1
K16,march_2020_arm_1,ento_form_1a_immediately_processed_summary,1,2020-03-02,,2,0,0,0,0,0,0,,0,1,0,0,0,1,2,,3,,3,2020-04-28,1,2020-04-28,1
K16,march_2020_arm_1,ento_form_1a_immediately_processed_summary,2,2020-03-16,,6,0,0,0,0,0,0,,0,1,0,0,0,0,1,,1,,3,2020-04-28,1,2020-04-28,1
K16,may_2020_arm_1,ento_form_1a_immediately_processed_summary,1,2020-05-29,,3,0,0,0,0,0,0,,0,60,0,13,22,1,96,,170,,3,2020-06-04,1,2020-06-04,1
K16,june_2020_arm_1,ento_form_1a_immediately_processed_summary,1,2020-06-15,,3,0,0,0,0,0,0,,0,10,1,3,10,0,24,,25,,3,2020-06-17,1,2020-06-17,1
K16,june_2020_arm_1,ento_form_1a_immediately_processed_summary,2,2020-06-22,,3,0,0,0,0,0,0,,0,6,0,1,1,1,9,,7,,3,2020-06-30,1,2020-06-30,1
K16,july_2020_arm_1,ento_form_1a_immediately_processed_summary,1,2020-07-06,,4,0,0,0,0,0,0,,0,1,0,0,2,0,3,,9,,3,2020-07-08,1,2020-07-08,1
K16,august_2020_arm_1,ento_form_1a_immediately_processed_summary,1,2020-08-17,,8,0,0,0,0,0,0,,0,0,0,0,0,0,0,,2,,3,2020-08-28,1,2020-08-28,2
K16,august_2020_arm_1,ento_form_1a_immediately_processed_summary,2,2020-08-24,,8,0,0,0,0,0,0,,0,0,0,3,0,0,3,,1,,3,2020-08-28,1,2020-08-28,2
K16,august_2020_arm_1,ento_form_1a_immediately_processed_summary,3,2020-08-31,,7,0,0,0,0,0,0,,0,4,0,0,1,0,5,,0,,3,2020-09-02,1,2020-09-02,2
K16,september_2020_arm_1,ento_form_1a_immediately_processed_summary,1,2020-09-14,,7,1,1,0,0,0,2,,1,119,10,23,19,0,171,,316,,3,2020-09-15,1,2020-09-15,2
K16,september_2020_arm_1,ento_form_1a_immediately_processed_summary,2,2020-09-21,,7,0,0,0,0,0,0,,0,25,0,3,13,0,41,,165,,5,2020-09-23,1,2020-09-23,2
K16,october_2020_arm_1,ento_form_1a_immediately_processed_summary,1,2020-10-05,,9,0,0,0,0,0,0,,0,2,0,0,3,1,6,,14,,3,2020-10-06,1,2020-10-06,2
K16,october_2020_arm_1,ento_form_1a_immediately_processed_summary,2,2020-10-19,,9,0,0,0,0,0,0,,0,12,1,2,3,0,18,,26,,4,2020-10-21,1,2020-10-21,2
K16,october_2020_arm_1,ento_form_1a_immediately_processed_summary,3,2020-10-26,,9,0,0,0,0,0,0,,1,4,0,0,6,0,10,,30,,5,2020-10-27,1,2020-10-27,2
K16,november_2020_arm_1,ento_form_1a_immediately_processed_summary,1,2020-11-16,,5,0,0,0,0,0,0,,0,22,0,3,23,1,49,,85,,3,2020-11-16,1,2020-11-16,2
K16,november_2020_arm_1,ento_form_1a_immediately_processed_summary,2,2020-11-23,,5,0,0,0,0,0,0,,0,39,0,0,21,0,60,,230,,5,2020-11-25,1,2020-11-25,2
K16,november_2020_arm_1,ento_form_1a_immediately_processed_summary,3,2020-11-30,,4,0,0,0,0,0,0,,0,14,0,2,12,0,28,,82,,3,2020-11-30,1,2020-11-30,2
K16,december_2020_arm_1,ento_form_1a_immediately_processed_summary,1,2020-12-14,,4,0,0,0,0,0,0,,0,8,0,0,7,0,15,,60,,4,2020-12-14,1,2020-12-14,2
K16,january_2021_arm_1,ento_form_1a_immediately_processed_summary,1,2021-01-04,,6,0,0,0,0,0,0,,0,2,0,0,1,0,3,,8,,3,2021-01-07,1,2021-01-07,2
K16,january_2021_arm_1,ento_form_1a_immediately_processed_summary,2,2021-01-18,,6,0,0,0,0,0,0,,0,0,0,0,1,0,1,,3,,3,2021-02-01,1,2021-02-01,2
K16,january_2021_arm_1,ento_form_1a_immediately_processed_summary,3,2021-01-25,,6,0,0,0,0,0,0,,0,1,0,0,1,0,2,,5,,3,2021-02-01,1,2021-02-01,2
K16,feburary_2021_arm_1,ento_form_1a_immediately_processed_summary,1,2021-02-15,,7,0,0,0,0,0,0,,0,0,0,3,2,0,5,,8,,4,2021-02-23,1,2021-02-23,2
K16,feburary_2021_arm_1,ento_form_1a_immediately_processed_summary,2,2021-02-22,,7,0,0,0,0,0,0,,1,0,0,0,2,0,2,,4,,4,2021-02-23,1,2021-02-23,2
K16,march_2021_arm_1,ento_form_1a_immediately_processed_summary,1,2021-03-15,,9,0,0,0,0,0,0,,0,0,0,0,0,0,0,,2,,3,2021-03-28,1,2021-03-28,2
K16,march_2021_arm_1,ento_form_1a_immediately_processed_summary,2,2021-03-22,,9,0,0,0,0,0,0,,1,0,0,0,0,0,0,,1,,3,2021-03-28,1,2021-03-28,2
K16,april_2021_arm_1,ento_form_1a_immediately_processed_summary,1,2021-04-19,,4,3,0,1,0,0,4,,2,0,2,5,0,0,7,,9,,3,2021-04-25,1,2021-04-25,2
K16,april_2021_arm_1,ento_form_1a_immediately_processed_summary,2,2021-04-26,,6,0,1,2,1,0,4,,2,4,1,12,3,2,22,,6,,5,2021-04-28,1,2021-04-28,2
K16,may_2021_arm_1,ento_form_1a_immediately_processed_summary,1,2021-05-17,,2,0,0,0,1,0,1,,1,18,0,1,1,0,20,,46,,5,2021-05-18,1,2021-05-18,2
K16,may_2021_arm_1,ento_form_1a_immediately_processed_summary,2,2021-05-24,,2,3,2,0,1,0,6,,12,39,4,0,32,0,75,,124,,5,2021-06-08,1,2021-06-08,2
K16,june_2021_arm_1,ento_form_1a_immediately_processed_summary,1,2021-06-14,,3,0,0,0,0,0,0,,1,4,0,10,12,2,28,,68,,4,2021-07-01,1,2021-07-01,2
K16,june_2021_arm_1,ento_form_1a_immediately_processed_summary,2,2021-06-21,,3,0,0,0,0,0,0,,0,4,0,2,2,0,8,,27,,6,2021-07-02,1,2021-07-02,2
K16,june_2021_arm_1,ento_form_1a_immediately_processed_summary,3,2021-06-28,,4,1,0,0,0,0,1,,0,6,0,1,11,1,19,,87,,6,2021-07-05,1,2021-07-05,2
K16,july_2021_arm_1,ento_form_1a_immediately_processed_summary,1,2021-07-19,,10,0,0,0,0,0,0,,4,4,0,0,0,0,4,,20,,6,2021-07-22,1,2021-07-22,2
K16,july_2021_arm_1,ento_form_1a_immediately_processed_summary,2,2021-07-26,,10,0,0,0,0,0,0,,0,2,0,0,1,0,3,,3,,6,2021-08-02,1,2021-08-02,2
K16,august_2021_arm_1,ento_form_1a_immediately_processed_summary,1,2021-08-16,,6,0,0,0,0,0,0,,0,0,0,0,2,0,2,,14,,6,2021-08-19,1,2021-08-19,2
K16,august_2021_arm_1,ento_form_1a_immediately_processed_summary,2,2021-08-23,,6,0,0,0,0,0,0,,0,0,0,0,0,0,0,,1,,6,2021-08-31,1,2021-08-31,2
K16,august_2021_arm_1,ento_form_1a_immediately_processed_summary,3,2021-08-30,,6,0,0,0,0,0,0,,0,1,0,0,0,0,1,,1,,6,2021-08-31,1,2021-08-31,2
K16,september_2021_arm_1,ento_form_1a_immediately_processed_summary,1,2021-09-20,,7,0,0,0,0,0,0,,0,3,0,0,2,0,5,,6,,3,2021-09-27,1,2021-09-27,2
K16,september_2021_arm_1,ento_form_1a_immediately_processed_summary,2,2021-09-27,,7,0,0,0,0,0,0,,0,7,2,3,0,0,12,,8,,3,2021-09-27,1,2021-09-27,2
K16,october_2021_arm_1,ento_form_1a_immediately_processed_summary,1,2021-10-18,,4,0,0,0,0,0,0,,1,20,0,2,10,0,32,,99,,3,2021-10-25,1,2021-10-25,2
K16,october_2021_arm_1,ento_form_1a_immediately_processed_summary,2,2021-10-25,,9,0,0,0,0,0,0,,0,2,0,0,4,0,6,,18,,3,2021-10-25,1,2021-10-25,2
K16,november_2021_arm_1,ento_form_1a_immediately_processed_summary,1,2021-11-22,,10,0,0,0,0,0,0,,0,41,2,0,23,0,66,,148,,3,2021-11-22,1,2021-11-22,2
K16,november_2021_arm_1,ento_form_1a_immediately_processed_summary,2,2021-11-15,,10,0,0,0,0,0,0,,0,42,0,5,30,0,77,,220,,3,2021-11-22,1,2021-11-22,2
K16,december_2021_arm_1,ento_form_1a_immediately_processed_summary,1,2021-12-20,,4,0,0,0,0,0,0,,0,22,1,0,7,0,30,,108,,3,2021-12-20,1,2021-12-20,2
K16,january_2022_arm_1,ento_form_1a_immediately_processed_summary,1,2022-01-24,,8,0,0,0,0,0,0,,0,0,0,0,1,0,1,,4,,3,2022-01-24,1,2022-01-24,2
K16,january_2022_arm_1,ento_form_1a_immediately_processed_summary,2,2022-01-17,,8,0,0,0,0,0,0,,0,4,1,1,1,0,7,,1,,3,2022-01-25,1,2022-01-25,2
K16,february_2022_arm_1,ento_form_1a_immediately_processed_summary,1,2022-02-14,,5,0,0,0,0,0,0,,0,2,0,0,0,0,2,,1,,3,2022-02-16,1,2022-02-16,2
K16,february_2022_arm_1,ento_form_1a_immediately_processed_summary,2,2022-02-21,,2,0,0,0,0,0,0,,0,0,0,0,0,0,0,,6,,3,2022-02-22,1,2022-02-22,2
K16,march_2022_arm_1,ento_form_1a_immediately_processed_summary,1,2022-03-21,,6,0,0,0,0,0,0,,0,0,0,0,0,0,0,,0,,3,2022-03-23,1,2022-03-23,2
K16,march_2022_arm_1,ento_form_1a_immediately_processed_summary,2,2022-03-14,,6,0,0,0,0,0,0,,0,0,0,0,0,0,0,,4,,3,2022-03-23,1,2022-03-23,2
K16,march_2022_arm_1,ento_form_1a_immediately_processed_summary,3,2022-03-28,,6,0,0,0,0,0,0,,0,0,0,0,1,0,1,,1,,3,2022-03-30,1,2022-03-30,2
K16,april_2022_arm_1,ento_form_1a_immediately_processed_summary,1,2022-04-26,,7,0,0,0,0,0,0,,0,1,0,0,3,0,4,,2,,3,2022-04-26,1,2022-04-26,2
K16,april_2022_arm_1,ento_form_1a_immediately_processed_summary,2,2022-04-04,,7,0,0,0,0,0,0,,0,0,0,0,1,0,1,,2,,3,2022-04-26,1,2022-04-26,2
K16,may_2022_arm_1,ento_form_1a_immediately_processed_summary,1,2022-05-23,,8,0,0,0,0,0,0,,0,11,3,10,0,0,24,,85,,3,2022-05-30,1,2022-05-30,2
K16,may_2022_arm_1,ento_form_1a_immediately_processed_summary,2,2022-05-16,,8,0,0,0,0,0,0,,0,33,4,9,7,1,54,,115,,3,2022-05-30,1,2022-05-30,2
K16,june_2022_arm_1,ento_form_1a_immediately_processed_summary,1,2022-06-20,,9,0,0,0,0,0,0,,0,6,0,3,4,0,13,,31,,3,2022-06-30,1,2022-06-30,2
K16,june_2022_arm_1,ento_form_1a_immediately_processed_summary,2,2022-06-13,,9,0,0,0,0,0,0,,0,24,0,4,0,0,28,,31,,3,2022-06-30,1,2022-06-30,2
K16,july_2022_arm_1,ento_form_1a_immediately_processed_summary,1,2022-07-18,,2,0,0,0,0,0,0,,0,11,2,0,4,0,17,,26,,3,2022-07-19,1,2022-07-19,2
K16,july_2022_arm_1,ento_form_1a_immediately_processed_summary,2,2022-07-25,,4,0,0,0,0,0,0,,0,8,2,2,6,0,18,,32,,4,2022-08-02,1,2022-08-02,2
K16,august_2022_arm_1,ento_form_1a_immediately_processed_summary,1,2022-08-01,,9,0,0,0,0,0,0,,0,1,0,2,1,0,4,,5,,4,2022-08-04,1,2022-08-04,2
K16,august_2022_arm_1,ento_form_1a_immediately_processed_summary,2,2022-08-22,,4,0,0,0,0,0,0,,0,3,0,1,9,0,13,,20,,4,2022-08-23,1,2022-08-23,2
K16,september_2022_arm_1,ento_form_1a_immediately_processed_summary,1,2022-09-19,,6,0,0,0,0,0,0,,0,5,1,0,0,0,6,,25,,3,2022-09-23,1,2022-09-23,2
K16,september_2022_arm_1,ento_form_1a_immediately_processed_summary,2,2022-09-12,,6,0,0,0,0,0,0,,0,11,0,0,4,0,15,,49,,3,2022-09-23,1,2022-09-23,2
K16,october_2022_arm_1,ento_form_1a_immediately_processed_summary,1,2022-10-17,,7,0,0,0,0,0,0,,0,2,0,11,10,0,23,,9,,4,2022-10-19,1,2022-10-19,2
K16,october_2022_arm_1,ento_form_1a_immediately_processed_summary,2,2022-10-24,,7,0,0,0,0,0,0,,0,9,0,4,15,0,28,,33,,3,2022-11-02,1,2022-11-02,2
K16,november_2022_arm_1,ento_form_1a_immediately_processed_summary,1,2022-11-14,,3,0,0,0,0,0,0,,0,5,1,13,6,0,25,,32,,13,2022-11-15,1,2022-11-15,2
K16,november_2022_arm_1,ento_form_1a_immediately_processed_summary,2,2022-11-21,,3,0,0,0,0,0,0,,0,21,0,1,8,1,31,,88,,12,2022-11-22,1,2022-11-22,2
K16,december_2022_arm_1,ento_form_1a_immediately_processed_summary,1,2022-12-19,,8,0,0,0,0,0,0,,0,14,5,7,10,0,36,,89,,10,2022-12-19,1,2022-12-19,2
K17,january_2020_arm_1,ento_form_1a_immediately_processed_summary,1,2020-01-20,,9,0,0,0,0,0,0,,0,1,1,2,1,0,5,,2,,3,2020-04-08,1,2020-04-08,2
K17,january_2020_arm_1,ento_form_1a_immediately_processed_summary,2,2020-01-27,,9,0,0,0,0,0,0,,0,2,12,5,3,0,22,,8,,3,2020-04-08,1,2020-04-08,1
K17,february_2020_arm_1,ento_form_1a_immediately_processed_summary,1,2020-02-03,,8,0,0,0,0,0,0,,0,0,4,5,2,1,12,,1,,3,2020-04-10,1,2020-04-10,1
K17,february_2020_arm_1,ento_form_1a_immediately_processed_summary,2,2020-02-17,,8,0,0,0,0,0,0,,0,3,6,17,0,0,26,,14,,3,2020-04-14,1,2020-04-14,1
K17,february_2020_arm_1,ento_form_1a_immediately_processed_summary,3,2020-02-24,,8,0,0,0,0,0,0,,1,7,8,12,5,2,34,,35,,3,2020-04-14,1,2020-04-14,1
K17,march_2020_arm_1,ento_form_1a_immediately_processed_summary,1,2020-03-02,,4,0,0,0,0,0,0,,0,9,5,5,5,0,24,,54,,3,2020-04-28,1,2020-04-28,1
K17,march_2020_arm_1,ento_form_1a_immediately_processed_summary,2,2020-03-16,,4,0,0,0,0,0,0,,0,0,7,11,4,0,22,,33,,3,2020-04-28,1,2020-04-28,1
K17,may_2020_arm_1,ento_form_1a_immediately_processed_summary,1,2020-05-29,,9,0,0,0,0,0,0,,0,8,32,14,8,1,63,,180,,3,2020-06-04,1,2020-06-04,1
K17,june_2020_arm_1,ento_form_1a_immediately_processed_summary,1,2020-06-15,,9,0,0,0,0,0,0,,0,5,12,10,12,0,39,,36,,3,2020-06-17,1,2020-06-17,1
K17,june_2020_arm_1,ento_form_1a_immediately_processed_summary,2,2020-06-22,,9,0,0,0,0,0,0,,0,8,22,12,8,2,52,,70,,3,2020-06-30,1,2020-06-30,1
K17,july_2020_arm_1,ento_form_1a_immediately_processed_summary,1,2020-07-06,,6,0,0,0,0,0,0,,0,1,1,5,6,1,14,,37,,3,2020-07-08,1,2020-07-08,1
K17,july_2020_arm_1,ento_form_1a_immediately_processed_summary,2,2020-07-20,,6,0,0,0,0,0,0,,0,4,1,0,1,0,6,,12,,3,2020-07-22,1,2020-07-22,1
K17,july_2020_arm_1,ento_form_1a_immediately_processed_summary,3,2020-07-27,,6,0,0,0,0,0,0,,0,2,2,0,5,0,9,,14,,3,2020-08-04,1,2020-08-04,1
K17,august_2020_arm_1,ento_form_1a_immediately_processed_summary,1,2020-08-17,,7,0,0,0,0,0,0,,0,0,0,0,3,0,3,,3,,3,2020-08-28,1,2020-08-28,2
K17,august_2020_arm_1,ento_form_1a_immediately_processed_summary,2,2020-08-24,,7,0,0,0,0,0,0,,1,0,0,1,0,0,1,,6,,3,2020-08-28,1,2020-08-28,2
K17,august_2020_arm_1,ento_form_1a_immediately_processed_summary,3,2020-08-31,,8,0,0,0,0,0,0,,0,0,0,1,0,0,1,,0,,3,2020-09-02,1,2020-09-02,2
K17,september_2020_arm_1,ento_form_1a_immediately_processed_summary,1,2020-09-14,,8,0,0,0,0,0,0,,0,2,0,1,2,0,5,,6,,3,2020-09-15,1,2020-09-15,2
K17,september_2020_arm_1,ento_form_1a_immediately_processed_summary,2,2020-09-21,,2,0,0,0,0,0,0,,0,2,0,2,1,0,5,,5,,5,2020-09-23,1,2020-09-23,2
K17,october_2020_arm_1,ento_form_1a_immediately_processed_summary,1,2020-10-05,,2,0,0,0,0,0,0,,0,4,9,4,1,0,18,,20,,3,2020-10-06,1,2020-10-06,2
K17,october_2020_arm_1,ento_form_1a_immediately_processed_summary,2,2020-10-19,,5,0,0,0,0,0,0,,0,20,19,26,16,0,81,,113,,4,2020-10-21,1,2020-10-21,2
K17,october_2020_arm_1,ento_form_1a_immediately_processed_summary,3,2020-10-26,,2,0,0,0,0,0,0,,0,34,50,8,38,0,130,,123,,5,2020-10-27,1,2020-10-27,2
K17,november_2020_arm_1,ento_form_1a_immediately_processed_summary,1,2020-11-02,,4,1,1,0,0,0,2,,1,12,3,7,6,0,28,,96,,4,2020-11-03,1,2020-11-03,2
K17,november_2020_arm_1,ento_form_1a_immediately_processed_summary,2,2020-11-16,,4,0,0,0,0,0,0,,0,3,4,3,4,1,15,,28,,3,2020-11-16,1,2020-11-16,2
K17,november_2020_arm_1,ento_form_1a_immediately_processed_summary,3,2020-11-23,,4,0,0,0,0,0,0,,0,13,0,2,6,1,22,,42,,5,2020-11-25,1,2020-11-25,2
K17,november_2020_arm_1,ento_form_1a_immediately_processed_summary,4,2020-11-30,,3,0,0,0,0,0,0,,0,5,0,3,3,0,11,,27,,3,2020-11-30,1,2020-11-30,2
K17,december_2020_arm_1,ento_form_1a_immediately_processed_summary,1,2020-12-14,,3,0,0,0,0,0,0,,1,10,1,2,5,1,19,,124,,4,2020-12-14,1,2020-12-14,2
K17,january_2021_arm_1,ento_form_1a_immediately_processed_summary,1,2021-01-04,,2,0,0,0,0,0,0,,0,1,2,1,0,0,4,,4,,3,2021-01-07,1,2021-01-07,2
K17,january_2021_arm_1,ento_form_1a_immediately_processed_summary,2,2021-01-18,,7,0,0,0,0,0,0,,1,0,0,4,1,0,5,,6,,3,2021-02-01,1,2021-02-01,2
K17,january_2021_arm_1,ento_form_1a_immediately_processed_summary,3,2021-01-25,,7,0,0,1,0,0,1,,0,0,3,2,4,0,9,,7,,3,2021-02-01,1,2021-02-01,2
K17,feburary_2021_arm_1,ento_form_1a_immediately_processed_summary,1,2021-02-15,,6,0,0,0,1,0,1,,0,0,0,1,0,0,1,,2,,4,2021-02-23,1,2021-02-23,2
K17,feburary_2021_arm_1,ento_form_1a_immediately_processed_summary,2,2021-02-22,,6,0,0,0,0,0,0,,1,0,0,0,0,0,0,,0,,4,2021-02-23,1,2021-02-23,2
K17,march_2021_arm_1,ento_form_1a_immediately_processed_summary,1,2021-03-15,,8,0,0,0,0,0,0,,0,0,0,0,0,0,0,,0,,3,2021-03-28,1,2021-03-28,2
K17,march_2021_arm_1,ento_form_1a_immediately_processed_summary,2,2021-03-22,,8,0,0,0,0,0,0,,0,0,0,1,0,0,1,,0,,3,2021-03-28,1,2021-03-28,2
K17,march_2021_arm_1,ento_form_1a_immediately_processed_summary,3,2021-03-29,,7,1,0,0,0,0,1,,0,0,0,0,0,0,0,,1,,3,2021-03-31,1,2021-03-31,2
K17,april_2021_arm_1,ento_form_1a_immediately_processed_summary,1,2021-04-19,,3,0,0,0,0,0,0,,0,0,0,0,0,0,0,,0,,3,2021-04-25,1,2021-04-25,2
K17,april_2021_arm_1,ento_form_1a_immediately_processed_summary,2,2021-04-26,,3,0,0,0,0,0,0,,0,2,0,3,2,0,7,,9,,5,2021-04-28,1,2021-04-28,2
K17,may_2021_arm_1,ento_form_1a_immediately_processed_summary,1,2021-05-17,,7,0,0,0,0,0,0,,0,17,24,9,2,1,53,,57,,5,2021-05-18,1,2021-05-18,2
K17,may_2021_arm_1,ento_form_1a_immediately_processed_summary,2,2021-05-24,,7,0,0,0,0,0,0,,2,28,1,12,12,0,53,,212,,5,2021-06-08,1,2021-06-08,2
K17,june_2021_arm_1,ento_form_1a_immediately_processed_summary,1,2021-06-14,,7,0,0,0,0,0,0,,0,8,1,4,6,0,19,,17,,4,2021-07-01,1,2021-07-01,2
K17,june_2021_arm_1,ento_form_1a_immediately_processed_summary,2,2021-06-21,,9,0,0,0,0,0,0,,1,3,5,10,8,0,26,,24,,6,2021-07-02,1,2021-07-02,2
K17,june_2021_arm_1,ento_form_1a_immediately_processed_summary,3,2021-06-28,,9,0,0,0,0,0,0,,0,5,10,8,11,0,34,,26,,6,2021-07-05,1,2021-07-05,2
K17,july_2021_arm_1,ento_form_1a_immediately_processed_summary,1,2021-07-19,,4,0,0,0,0,0,0,,1,2,0,0,0,0,2,,14,,6,2021-07-22,1,2021-07-22,2
K17,july_2021_arm_1,ento_form_1a_immediately_processed_summary,2,2021-07-26,,4,0,0,0,0,0,0,,0,0,1,0,1,1,3,,20,,6,2021-08-02,1,2021-08-02,2
K17,august_2021_arm_1,ento_form_1a_immediately_processed_summary,1,2021-08-16,,10,0,0,0,0,0,0,,0,1,0,0,1,0,2,,8,,6,2021-08-19,1,2021-08-19,2
K17,august_2021_arm_1,ento_form_1a_immediately_processed_summary,2,2021-08-23,,10,0,0,0,0,0,0,,0,0,0,0,0,0,0,,1,,6,2021-08-31,1,2021-08-31,2
K17,august_2021_arm_1,ento_form_1a_immediately_processed_summary,3,2021-08-30,,7,0,0,0,0,0,0,,0,0,7,4,0,0,11,,6,,6,2021-08-31,1,2021-08-31,2
K17,september_2021_arm_1,ento_form_1a_immediately_processed_summary,1,2021-09-20,,6,0,0,0,0,0,0,,0,3,0,2,2,0,7,,7,,3,2021-09-27,1,2021-09-27,2
K17,september_2021_arm_1,ento_form_1a_immediately_processed_summary,2,2021-09-27,,6,0,0,0,0,0,0,,0,7,0,0,4,0,11,,39,,3,2021-09-27,1,2021-09-27,2
K17,october_2021_arm_1,ento_form_1a_immediately_processed_summary,1,2021-10-18,,2,0,0,0,0,0,0,,0,0,0,0,0,0,0,,2,,3,2021-10-25,1,2021-10-25,2
K17,october_2021_arm_1,ento_form_1a_immediately_processed_summary,2,2021-10-25,,2,0,0,0,0,0,0,,0,1,0,0,0,0,1,,0,,3,2021-10-25,1,2021-10-25,2
K17,november_2021_arm_1,ento_form_1a_immediately_processed_summary,1,2021-11-22,,3,0,0,0,0,0,0,,0,15,1,0,5,0,21,,50,,3,2021-11-22,1,2021-11-22,2
K17,november_2021_arm_1,ento_form_1a_immediately_processed_summary,2,2021-11-15,,3,0,0,0,0,0,0,,0,20,0,18,7,2,47,,69,,3,2021-11-22,1,2021-11-22,2
K17,december_2021_arm_1,ento_form_1a_immediately_processed_summary,1,2021-12-20,,7,0,0,0,0,0,0,,0,9,4,0,6,0,19,,26,,3,2021-12-20,1,2021-12-20,2
K17,january_2022_arm_1,ento_form_1a_immediately_processed_summary,1,2022-01-24,,9,0,0,0,0,0,0,,0,1,0,0,1,0,2,,4,,3,2022-01-24,1,2022-01-24,2
K17,january_2022_arm_1,ento_form_1a_immediately_processed_summary,2,2022-01-17,,7,0,0,0,0,0,0,,0,1,0,0,0,0,1,,1,,3,2022-01-25,1,2022-01-25,2
K17,february_2022_arm_1,ento_form_1a_immediately_processed_summary,1,2022-02-14,,4,0,0,0,0,0,0,,0,0,0,0,0,0,0,,2,,3,2022-02-16,1,2022-02-16,2
K17,february_2022_arm_1,ento_form_1a_immediately_processed_summary,2,2022-02-21,,4,0,0,0,0,0,0,,0,1,0,0,0,0,1,,2,,3,2022-02-22,1,2022-02-22,2
K17,march_2022_arm_1,ento_form_1a_immediately_processed_summary,1,2022-03-21,,2,0,0,0,0,0,0,,0,0,0,0,0,0,0,,0,,3,2022-03-23,1,2022-03-23,2
K17,march_2022_arm_1,ento_form_1a_immediately_processed_summary,2,2022-03-14,,2,0,0,0,0,0,0,,0,0,0,0,0,0,0,,1,,3,2022-03-23,1,2022-03-23,2
K17,march_2022_arm_1,ento_form_1a_immediately_processed_summary,3,2022-03-28,,2,0,0,0,0,0,0,,0,0,0,0,0,0,0,,0,,3,2022-03-30,1,2022-03-30,2
K17,april_2022_arm_1,ento_form_1a_immediately_processed_summary,1,2022-04-26,,6,0,0,0,0,0,0,,0,2,0,0,0,0,2,,0,,3,2022-04-26,1,2022-04-26,2
K17,april_2022_arm_1,ento_form_1a_immediately_processed_summary,2,2022-04-04,,6,0,0,0,0,0,0,,0,0,0,0,0,0,0,,0,,3,2022-04-26,1,2022-04-26,2
K17,may_2022_arm_1,ento_form_1a_immediately_processed_summary,1,2022-05-23,,7,0,0,0,0,0,0,,0,11,0,0,2,0,13,,34,,3,2022-05-30,1,2022-05-30,2
K17,may_2022_arm_1,ento_form_1a_immediately_processed_summary,2,2022-05-16,,7,0,0,0,0,0,0,,0,6,2,1,0,0,9,,8,,3,2022-05-30,1,2022-05-30,2
K17,june_2022_arm_1,ento_form_1a_immediately_processed_summary,1,2022-06-20,,8,0,0,0,0,0,0,,0,9,16,7,8,0,40,,23,,3,2022-06-30,1,2022-06-30,2
K17,june_2022_arm_1,ento_form_1a_immediately_processed_summary,2,2022-06-13,,8,0,0,0,0,0,0,,0,15,3,33,6,0,57,,52,,3,2022-06-30,1,2022-06-30,2
K17,july_2022_arm_1,ento_form_1a_immediately_processed_summary,1,2022-07-18,,9,0,0,0,0,0,0,,0,1,0,0,0,0,1,,1,,3,2022-07-19,1,2022-07-19,2
K17,july_2022_arm_1,ento_form_1a_immediately_processed_summary,2,2022-07-25,,5,0,0,0,0,0,0,,0,1,0,2,0,0,3,,3,,4,2022-08-02,1,2022-08-02,2
K17,august_2022_arm_1,ento_form_1a_immediately_processed_summary,1,2022-08-01,,5,0,0,0,0,0,0,,0,3,1,0,3,0,7,,5,,4,2022-08-04,1,2022-08-04,2
K17,august_2022_arm_1,ento_form_1a_immediately_processed_summary,2,2022-08-22,,5,0,0,0,0,0,0,,0,0,0,0,0,0,0,,7,,4,2022-08-23,1,2022-08-23,2
K17,september_2022_arm_1,ento_form_1a_immediately_processed_summary,1,2022-09-19,,4,0,0,0,0,0,0,,0,1,3,1,1,0,6,,3,,3,2022-09-23,1,2022-09-23,2
K17,september_2022_arm_1,ento_form_1a_immediately_processed_summary,2,2022-09-12,,2,0,0,0,0,0,0,,0,7,1,26,3,0,37,,21,,3,2022-09-23,1,2022-09-23,2
K17,october_2022_arm_1,ento_form_1a_immediately_processed_summary,1,2022-10-17,,2,0,0,0,0,0,0,,0,1,1,0,0,0,2,,0,,4,2022-10-19,1,2022-10-19,2
K17,october_2022_arm_1,ento_form_1a_immediately_processed_summary,2,2022-10-24,,2,0,0,0,0,0,0,,0,4,2,0,1,0,7,,0,,11,2022-10-24,1,2022-11-02,2
K17,november_2022_arm_1,ento_form_1a_immediately_processed_summary,1,2022-11-14,,6,0,0,0,0,0,0,,0,8,0,13,1,0,22,,0,,13,2022-11-15,,2022-11-15,0
K17,november_2022_arm_1,ento_form_1a_immediately_processed_summary,2,2022-11-21,,6,0,0,0,0,0,0,,0,4,0,2,3,0,9,,2,,12,2022-11-22,1,2022-11-22,2
K17,december_2022_arm_1,ento_form_1a_immediately_processed_summary,1,2022-12-19,,7,0,0,0,0,0,0,,0,1,1,1,2,0,5,,1,,10,2022-12-19,1,2022-12-19,2
L01,january_2020_arm_1,ento_form_1a_immediately_processed_summary,1,2020-01-17,,4,0,0,0,0,0,0,,1,42,6,30,33,2,113,,251,,3,2020-04-08,1,2020-04-08,1
L01,january_2020_arm_1,ento_form_1a_immediately_processed_summary,2,2020-01-31,,4,0,0,0,0,0,0,,1,4,4,28,10,0,46,,64,,3,2020-04-08,1,2020-04-08,1
L01,february_2020_arm_1,ento_form_1a_immediately_processed_summary,1,2020-02-28,,5,0,0,0,0,0,0,,2,13,2,37,38,0,90,,126,,3,2020-04-20,1,2020-04-20,1
L01,march_2020_arm_1,ento_form_1a_immediately_processed_summary,1,2020-03-06,,2,0,0,0,0,0,0,,0,9,12,13,8,0,42,,60,,3,2020-04-28,1,2020-04-28,1
L01,march_2020_arm_1,ento_form_1a_immediately_processed_summary,2,2020-03-13,,2,0,0,0,0,0,0,,1,7,4,10,17,0,38,,48,,3,2020-04-28,1,2020-04-28,1
L01,june_2020_arm_1,ento_form_1a_immediately_processed_summary,1,2020-06-05,,5,0,0,0,0,0,0,,0,55,2,49,29,0,135,,196,,3,2020-06-05,1,2020-06-05,1
L01,june_2020_arm_1,ento_form_1a_immediately_processed_summary,2,2020-06-12,,5,0,0,0,0,0,0,,2,67,2,31,15,3,118,,187,,3,2020-06-16,1,2020-06-16,1
L01,june_2020_arm_1,ento_form_1a_immediately_processed_summary,3,2020-06-26,,5,0,0,1,0,0,1,,0,91,15,52,28,2,188,,191,,3,2020-06-29,1,2020-06-29,1
L01,july_2020_arm_1,ento_form_1a_immediately_processed_summary,1,2020-07-17,,6,0,0,0,0,0,0,,0,7,4,10,6,0,27,,17,,3,2020-07-28,1,2020-07-28,1
L01,july_2020_arm_1,ento_form_1a_immediately_processed_summary,2,2020-07-10,,6,0,0,0,0,0,0,,0,12,2,27,13,0,54,,45,,4,2020-07-28,1,2020-07-28,1
L01,july_2020_arm_1,ento_form_1a_immediately_processed_summary,3,2020-07-31,,6,0,0,0,0,0,0,,0,59,23,88,24,0,194,,254,,3,2020-07-31,1,2020-07-31,1
L01,august_2020_arm_1,ento_form_1a_immediately_processed_summary,1,2020-08-07,,9,0,0,0,0,0,0,,0,2,1,0,8,0,11,,46,,3,2020-08-31,1,2020-08-31,2
L01,august_2020_arm_1,ento_form_1a_immediately_processed_summary,2,2020-08-14,,9,0,0,0,0,0,0,,0,0,1,1,3,0,5,,16,,3,2020-08-31,1,2020-08-31,2
L01,august_2020_arm_1,ento_form_1a_immediately_processed_summary,3,2020-08-28,,9,0,0,0,0,0,0,,0,1,0,0,2,0,3,,8,,3,2020-09-01,1,2020-09-01,2
L01,september_2020_arm_1,ento_form_1a_immediately_processed_summary,1,2020-09-04,,3,0,0,0,0,0,0,,0,1,0,2,0,0,3,,1,,3,2020-09-14,1,2020-09-14,2
L01,september_2020_arm_1,ento_form_1a_immediately_processed_summary,2,2020-09-11,,3,0,0,0,0,0,0,,0,3,0,1,1,0,5,,0,,3,2020-09-15,1,2020-09-15,2
L01,september_2020_arm_1,ento_form_1a_immediately_processed_summary,3,2020-09-25,,3,0,0,0,0,0,0,,0,0,0,4,1,0,5,,0,,5,2020-09-25,1,2020-09-25,2
L01,october_2020_arm_1,ento_form_1a_immediately_processed_summary,1,2020-10-09,,5,0,0,0,0,0,0,,0,57,97,125,71,0,350,,261,,4,2020-10-09,1,2020-10-09,2
L01,october_2020_arm_1,ento_form_1a_immediately_processed_summary,2,2020-10-16,,5,0,0,0,0,0,0,,0,101,132,128,77,0,438,,352,,3,2020-10-21,1,2020-10-21,2
L01,october_2020_arm_1,ento_form_1a_immediately_processed_summary,4,2020-10-30,,5,0,0,0,0,0,0,,0,260,86,90,45,2,483,,929,,4,2020-10-30,1,2020-10-30,2
L01,november_2020_arm_1,ento_form_1a_immediately_processed_summary,1,2020-11-06,,7,0,0,0,0,0,0,,0,91,67,215,124,0,497,,761,,3,2020-11-18,1,2020-11-18,2
L01,november_2020_arm_1,ento_form_1a_immediately_processed_summary,2,2020-11-13,,7,0,0,0,0,0,0,,0,111,43,51,75,0,280,,707,,3,2020-11-18,1,2020-11-18,2
L01,november_2020_arm_1,ento_form_1a_immediately_processed_summary,3,2020-11-27,,7,0,0,0,0,0,0,,1,25,9,25,42,0,101,,222,,5,2020-11-27,1,2020-11-27,2
L01,december_2020_arm_1,ento_form_1a_immediately_processed_summary,1,2020-12-04,,6,0,0,0,0,0,0,,0,7,4,13,8,0,32,,88,,3,2020-12-10,1,2020-12-10,2
L01,december_2020_arm_1,ento_form_1a_immediately_processed_summary,2,2020-12-18,,6,0,0,0,0,0,0,,0,3,0,4,3,0,10,,34,,5,2020-12-18,1,2020-12-18,2
L01,january_2021_arm_1,ento_form_1a_immediately_processed_summary,1,2021-01-08,,4,0,0,0,0,0,0,,0,1,0,2,1,0,4,,11,,4,2021-02-01,1,2021-02-01,2
L01,january_2021_arm_1,ento_form_1a_immediately_processed_summary,2,2021-01-15,,4,0,0,0,0,0,0,,0,0,0,1,1,0,2,,0,,4,2021-02-01,1,2021-02-01,2
L01,january_2021_arm_1,ento_form_1a_immediately_processed_summary,3,2021-01-29,,4,0,0,0,0,0,0,,1,0,0,1,0,0,1,,3,,4,2021-02-01,1,2021-02-01,2
L01,feburary_2021_arm_1,ento_form_1a_immediately_processed_summary,1,2021-02-05,,9,0,0,0,0,0,0,,1,1,2,2,1,0,6,,2,,4,2021-03-01,1,2021-03-01,2
L01,feburary_2021_arm_1,ento_form_1a_immediately_processed_summary,2,2021-02-26,,9,0,0,0,0,0,0,,0,2,3,5,6,0,16,,15,,4,2021-03-01,1,2021-03-01,2
L01,march_2021_arm_1,ento_form_1a_immediately_processed_summary,1,2021-03-05,,3,0,2,0,2,0,4,,0,0,0,0,0,0,0,,0,,3,2021-03-28,1,2021-03-28,2
L01,march_2021_arm_1,ento_form_1a_immediately_processed_summary,2,2021-03-26,,6,0,1,0,0,0,1,,0,0,0,1,0,0,1,,1,,3,2021-03-28,1,2021-03-28,2
L01,april_2021_arm_1,ento_form_1a_immediately_processed_summary,1,2021-04-09,,7,0,1,0,0,0,1,,0,0,0,0,0,0,0,,2,,3,2021-04-25,1,2021-04-25,2
L01,april_2021_arm_1,ento_form_1a_immediately_processed_summary,2,2021-04-30,,7,0,0,0,0,0,0,,2,2,3,1,0,0,6,,2,,5,2021-05-11,1,2021-05-11,2
L01,may_2021_arm_1,ento_form_1a_immediately_processed_summary,1,2021-05-07,,4,0,0,0,0,0,0,,0,0,1,3,3,1,8,,4,,5,2021-05-11,1,2021-05-11,2
L01,may_2021_arm_1,ento_form_1a_immediately_processed_summary,2,2021-05-28,,2,0,0,1,1,0,2,,0,3,11,16,14,0,44,,20,,5,2021-06-08,1,2021-06-08,2
L01,june_2021_arm_1,ento_form_1a_immediately_processed_summary,1,2021-06-04,,3,0,0,0,2,0,2,,2,49,0,84,31,0,164,,79,,5,2021-06-08,1,2021-06-08,2
L01,june_2021_arm_1,ento_form_1a_immediately_processed_summary,2,2021-06-25,,6,0,0,0,0,0,0,,0,21,5,30,12,0,68,,88,,4,2021-07-01,1,2021-07-01,2
L01,july_2021_arm_1,ento_form_1a_immediately_processed_summary,1,2021-07-02,,10,0,0,0,0,0,0,,0,36,7,31,14,0,88,,80,,6,2021-07-19,1,2021-07-19,2
L01,july_2021_arm_1,ento_form_1a_immediately_processed_summary,2,2021-07-09,,10,0,0,0,1,0,1,,1,43,19,63,16,0,141,,132,,6,2021-07-22,1,2021-07-22,2
L01,july_2021_arm_1,ento_form_1a_immediately_processed_summary,3,2021-07-30,,10,0,0,0,0,0,0,,0,28,8,19,21,0,76,,79,,6,2021-08-04,1,2021-08-04,2
L01,august_2021_arm_1,ento_form_1a_immediately_processed_summary,1,2021-08-06,,3,0,0,0,0,0,0,,0,32,0,11,14,2,59,,98,,6,2021-08-19,1,2021-08-19,2
L01,august_2021_arm_1,ento_form_1a_immediately_processed_summary,2,2021-08-27,,10,0,0,0,0,0,0,,0,8,18,27,14,0,67,,41,,6,2021-09-01,1,2021-09-01,2
L01,september_2021_arm_1,ento_form_1a_immediately_processed_summary,1,2021-09-03,,7,0,0,0,0,0,0,,1,16,0,56,27,4,103,,117,,3,2021-10-06,1,2021-10-06,2
L01,september_2021_arm_1,ento_form_1a_immediately_processed_summary,2,2021-09-10,,7,0,0,0,0,0,0,,0,19,34,26,46,0,125,,59,,3,2021-10-07,1,2021-10-07,2
L01,october_2021_arm_1,ento_form_1a_immediately_processed_summary,1,2021-10-01,,6,0,0,0,0,0,0,,0,3,8,7,3,0,21,,17,,3,2021-10-28,1,2021-10-28,2
L01,october_2021_arm_1,ento_form_1a_immediately_processed_summary,2,2021-10-08,,3,0,0,0,0,0,0,,0,55,21,15,19,0,110,,149,,3,2021-10-28,1,2021-10-28,2
L01,october_2021_arm_1,ento_form_1a_immediately_processed_summary,4,2021-10-29,,6,0,0,0,0,0,0,,0,48,8,16,18,0,90,,298,,3,2021-10-29,1,2021-10-29,2
L01,november_2021_arm_1,ento_form_1a_immediately_processed_summary,1,2021-11-26,,7,0,0,0,0,0,0,,0,162,48,48,46,0,304,,656,,3,2021-11-29,1,2021-11-29,2
L01,november_2021_arm_1,ento_form_1a_immediately_processed_summary,2,2021-11-05,,7,0,1,0,0,0,1,,0,133,50,85,89,0,357,,784,,3,2021-11-29,1,2021-11-29,2
L01,december_2021_arm_1,ento_form_1a_immediately_processed_summary,1,2021-12-03,,5,0,0,0,0,0,0,,0,67,53,99,58,0,277,,499,,3,2021-12-21,1,2021-12-21,2
L01,january_2022_arm_1,ento_form_1a_immediately_processed_summary,1,2022-01-28,,6,0,0,0,0,0,0,,0,3,0,3,4,0,10,,22,,3,2022-01-31,1,2022-01-31,2
L01,january_2022_arm_1,ento_form_1a_immediately_processed_summary,2,2022-01-07,,6,0,0,0,0,0,0,,0,6,0,9,8,0,23,,68,,3,2022-01-31,1,2022-01-31,2
L01,february_2022_arm_1,ento_form_1a_immediately_processed_summary,1,2022-02-04,,10,0,0,0,0,0,0,,0,0,1,0,1,0,2,,9,,3,2022-02-16,1,2022-02-16,2
L01,february_2022_arm_1,ento_form_1a_immediately_processed_summary,2,2022-02-25,,10,0,0,0,0,0,0,,0,0,2,2,3,0,7,,1,,3,2022-02-28,1,2022-02-28,2
L01,march_2022_arm_1,ento_form_1a_immediately_processed_summary,1,2022-03-25,,2,0,0,0,0,0,0,,0,0,0,0,0,0,0,,0,,3,2022-03-30,1,2022-03-30,2
L01,march_2022_arm_1,ento_form_1a_immediately_processed_summary,2,2022-03-04,,2,0,0,0,0,0,0,,0,3,0,1,2,0,6,,2,,3,2022-03-30,1,2022-03-30,2
L01,april_2022_arm_1,ento_form_1a_immediately_processed_summary,1,2022-04-14,,8,0,0,0,0,0,0,,0,0,0,0,0,0,0,,0,,3,2022-04-26,1,2022-04-26,2
L01,may_2022_arm_1,ento_form_1a_immediately_processed_summary,1,2022-05-27,,4,0,0,0,0,0,0,,0,87,43,39,33,3,205,,248,,3,2022-06-06,1,2022-06-06,2
L01,may_2022_arm_1,ento_form_1a_immediately_processed_summary,2,2022-05-06,,5,0,0,0,0,0,0,,0,11,6,13,12,0,42,,49,,3,2022-06-06,1,2022-06-06,2
L01,june_2022_arm_1,ento_form_1a_immediately_processed_summary,1,2022-06-24,,6,0,0,0,0,0,0,,0,366,53,48,34,1,502,,387,,3,2022-07-04,1,2022-07-04,2
L01,june_2022_arm_1,ento_form_1a_immediately_processed_summary,2,2022-06-03,,6,0,0,0,0,0,0,,0,168,14,44,13,2,241,,276,,3,2022-07-04,1,2022-07-04,2
L01,july_2022_arm_1,ento_form_1a_immediately_processed_summary,1,2022-07-01,,4,0,0,0,0,0,0,,0,105,34,21,26,0,186,,203,,3,2022-07-19,1,2022-07-19,2
L01,july_2022_arm_1,ento_form_1a_immediately_processed_summary,2,2022-07-29,,4,0,0,0,0,0,0,,0,315,5,19,40,3,382,,621,,4,2022-08-04,1,2022-08-04,2
L01,august_2022_arm_1,ento_form_1a_immediately_processed_summary,1,2022-08-05,,8,0,0,0,0,0,0,,0,194,13,25,22,5,259,,475,,4,2022-08-17,1,2022-08-17,2
L01,august_2022_arm_1,ento_form_1a_immediately_processed_summary,2,2022-08-26,,2,0,0,0,0,0,0,,0,0,24,17,6,0,47,,16,,3,2022-09-01,1,2022-09-01,2
L01,september_2022_arm_1,ento_form_1a_immediately_processed_summary,1,2022-09-30,,5,0,0,0,0,0,0,,0,66,38,50,20,1,175,,181,,3,2022-10-13,1,2022-10-13,2
L01,september_2022_arm_1,ento_form_1a_immediately_processed_summary,2,2022-09-23,,5,0,0,0,0,0,0,,0,91,31,23,24,3,172,,248,,3,2022-10-13,1,2022-10-13,2
L01,september_2022_arm_1,ento_form_1a_immediately_processed_summary,3,2022-09-02,,5,0,0,0,0,0,0,,0,111,76,20,27,0,234,,266,,3,2022-10-13,1,2022-10-13,2
L01,october_2022_arm_1,ento_form_1a_immediately_processed_summary,1,2022-10-28,,3,0,0,0,0,0,0,,0,48,46,25,40,0,159,,212,,12,2022-10-28,1,2022-10-28,2
L01,october_2022_arm_1,ento_form_1a_immediately_processed_summary,2,2022-10-21,,9,0,0,0,0,0,0,,0,50,76,38,36,0,200,,290,,12,2022-10-28,1,2022-10-28,2
L01,november_2022_arm_1,ento_form_1a_immediately_processed_summary,1,2022-11-04,,4,0,0,0,0,0,0,,0,73,40,57,41,2,213,,275,,10,2022-11-04,1,2022-11-04,2
L01,november_2022_arm_1,ento_form_1a_immediately_processed_summary,2,2022-11-25,,8,0,0,0,0,0,0,,0,11,2,6,15,0,34,,45,,13,2022-11-25,1,2022-11-25,2
L01,december_2022_arm_1,ento_form_1a_immediately_processed_summary,1,2022-12-02,,6,0,0,0,0,0,0,,0,9,8,17,4,0,38,,35,,12,2022-12-05,1,2022-12-05,2
L01,december_2022_arm_1,ento_form_1a_immediately_processed_summary,2,2022-12-23,,4,0,0,0,0,0,0,,0,2,2,3,4,0,11,,17,,10,2022-12-23,1,2022-12-23,2
L02,january_2020_arm_1,ento_form_1a_immediately_processed_summary,1,2020-01-17,,3,0,0,0,0,0,0,,0,18,1,48,19,3,89,,15,,3,2020-04-08,1,2020-04-08,1
L02,january_2020_arm_1,ento_form_1a_immediately_processed_summary,2,2020-01-31,,3,0,0,0,0,0,0,,0,10,0,2,7,0,19,,14,,3,2020-04-08,1,2020-04-08,1
L02,february_2020_arm_1,ento_form_1a_immediately_processed_summary,1,2020-02-07,,8,0,0,0,0,0,0,,0,0,1,3,2,0,6,,7,,3,2020-04-20,1,2020-04-20,1
L02,february_2020_arm_1,ento_form_1a_immediately_processed_summary,2,2020-02-28,,8,0,0,0,0,0,0,,0,11,1,26,13,0,51,,53,,3,2020-04-20,1,2020-04-20,1
L02,march_2020_arm_1,ento_form_1a_immediately_processed_summary,1,2020-03-06,,7,0,0,0,0,0,0,,0,6,0,24,9,0,39,,57,,3,2020-04-28,1,2020-04-28,1
L02,march_2020_arm_1,ento_form_1a_immediately_processed_summary,2,2020-03-13,,7,0,0,0,0,0,0,,0,1,0,13,4,0,18,,25,,3,2020-04-28,1,2020-04-28,1
L02,june_2020_arm_1,ento_form_1a_immediately_processed_summary,1,2020-06-05,,9,0,0,0,0,0,0,,0,5,10,7,7,0,29,,12,,3,2020-06-05,1,2020-06-05,1
L02,june_2020_arm_1,ento_form_1a_immediately_processed_summary,2,2020-06-12,,9,0,0,0,0,0,0,,0,1,4,8,1,0,14,,4,,3,2020-06-16,1,2020-06-16,1
L02,june_2020_arm_1,ento_form_1a_immediately_processed_summary,3,2020-06-26,,9,0,0,0,0,0,0,,0,0,2,1,3,0,6,,2,,3,2020-06-29,1,2020-06-29,1
L02,july_2020_arm_1,ento_form_1a_immediately_processed_summary,1,2020-07-17,,7,0,0,0,0,0,0,,0,2,2,3,4,0,11,,10,,3,2020-07-27,1,2020-07-27,1
L02,july_2020_arm_1,ento_form_1a_immediately_processed_summary,2,2020-07-10,,7,0,0,0,0,0,0,,0,1,7,13,2,0,23,,7,,4,2020-07-28,1,2020-07-28,1
L02,july_2020_arm_1,ento_form_1a_immediately_processed_summary,3,2020-07-31,,7,0,0,0,0,0,0,,0,3,12,10,6,0,31,,4,,3,2020-07-31,1,2020-07-31,1
L02,august_2020_arm_1,ento_form_1a_immediately_processed_summary,1,2020-08-07,,4,0,0,0,0,0,0,,0,0,0,3,0,0,3,,3,,3,2020-08-31,1,2020-08-31,2
L02,august_2020_arm_1,ento_form_1a_immediately_processed_summary,2,2020-08-14,,4,0,0,0,0,0,0,,0,0,2,2,4,1,9,,5,,3,2020-08-31,1,2020-08-31,2
L02,august_2020_arm_1,ento_form_1a_immediately_processed_summary,3,2020-08-28,,4,0,0,0,0,0,0,,0,1,0,0,0,0,1,,1,,3,2020-09-01,1,2020-09-01,2
L02,september_2020_arm_1,ento_form_1a_immediately_processed_summary,1,2020-09-04,,5,0,0,0,0,0,0,,0,0,0,1,0,1,2,,0,,4,2020-09-14,1,2020-09-14,2
L02,september_2020_arm_1,ento_form_1a_immediately_processed_summary,2,2020-09-11,,5,0,0,0,0,0,0,,0,2,11,4,0,0,17,,2,,3,2020-09-15,1,2020-09-15,2
L02,september_2020_arm_1,ento_form_1a_immediately_processed_summary,3,2020-09-25,,5,0,0,0,0,0,0,,0,6,18,10,0,0,34,,10,,3,2020-09-25,1,2020-09-25,2
L02,october_2020_arm_1,ento_form_1a_immediately_processed_summary,1,2020-10-09,,4,0,0,0,0,0,0,,0,37,32,25,44,0,138,,148,,4,2020-10-09,1,2020-10-09,2
L02,october_2020_arm_1,ento_form_1a_immediately_processed_summary,2,2020-10-16,,4,0,1,0,0,0,1,,0,14,48,18,29,1,110,,35,,3,2020-10-21,1,2020-10-21,2
L02,october_2020_arm_1,ento_form_1a_immediately_processed_summary,3,2020-10-30,,4,0,0,0,0,0,0,,0,19,57,53,29,0,158,,43,,4,2020-10-30,1,2020-10-30,2
L02,november_2020_arm_1,ento_form_1a_immediately_processed_summary,1,2020-11-18,,3,0,0,0,0,0,0,,0,22,1,58,25,4,110,,105,,3,2020-11-18,1,2020-11-18,2
L02,november_2020_arm_1,ento_form_1a_immediately_processed_summary,2,2020-11-13,,3,0,0,0,0,0,0,,0,5,0,3,5,0,13,,17,,3,2020-11-18,1,2020-11-18,2
L02,november_2020_arm_1,ento_form_1a_immediately_processed_summary,3,2020-11-27,,3,0,0,0,0,0,0,,0,2,0,5,3,0,10,,3,,5,2020-11-27,1,2020-11-27,2
L02,december_2020_arm_1,ento_form_1a_immediately_processed_summary,1,2020-12-04,,8,0,0,0,0,0,0,,0,0,0,0,0,0,0,,2,,3,2020-12-07,1,2020-12-07,2
L02,december_2020_arm_1,ento_form_1a_immediately_processed_summary,2,2020-12-18,,8,0,0,0,0,0,0,,0,0,0,3,1,0,4,,3,,5,2020-12-18,1,2020-12-18,2
L02,january_2021_arm_1,ento_form_1a_immediately_processed_summary,1,2021-01-15,,9,0,1,0,0,0,1,,0,1,3,2,1,0,7,,5,,4,2021-02-01,1,2021-02-01,2
L02,january_2021_arm_1,ento_form_1a_immediately_processed_summary,2,2021-01-29,,9,0,0,0,0,0,0,,0,0,0,0,0,0,0,,0,,4,2021-02-01,1,2021-02-01,2
L02,feburary_2021_arm_1,ento_form_1a_immediately_processed_summary,1,2021-02-05,,7,0,0,0,0,0,0,,0,0,0,1,0,0,1,,2,,4,2021-03-01,1,2021-03-01,2
L02,feburary_2021_arm_1,ento_form_1a_immediately_processed_summary,2,2021-02-26,,7,0,0,0,0,0,0,,0,0,0,1,0,0,1,,0,,4,2021-03-01,1,2021-03-01,2
L02,march_2021_arm_1,ento_form_1a_immediately_processed_summary,1,2021-03-05,,6,0,0,0,0,0,0,,0,0,0,1,0,0,1,,0,,3,2021-03-28,1,2021-03-28,2
L02,march_2021_arm_1,ento_form_1a_immediately_processed_summary,2,2021-03-26,,6,0,0,0,0,0,0,,2,0,0,0,1,0,1,,1,,3,2021-03-28,1,2021-03-28,2
L02,april_2021_arm_1,ento_form_1a_immediately_processed_summary,1,2021-04-09,,7,0,2,1,0,0,3,,0,0,0,0,0,0,0,,0,,3,2021-04-25,1,2021-04-25,2
L02,april_2021_arm_1,ento_form_1a_immediately_processed_summary,2,2021-04-30,,2,1,1,0,0,0,2,,1,0,0,0,0,0,0,,0,,5,2021-05-11,1,2021-05-11,2
L02,may_2021_arm_1,ento_form_1a_immediately_processed_summary,1,2021-05-07,,4,0,3,0,1,0,4,,1,0,2,1,3,0,6,,6,,5,2021-05-11,1,2021-05-11,2
L02,may_2021_arm_1,ento_form_1a_immediately_processed_summary,2,2021-05-28,,4,0,2,1,1,0,4,,0,7,19,9,15,2,52,,22,,5,2021-06-09,1,2021-06-09,2
L02,june_2021_arm_1,ento_form_1a_immediately_processed_summary,1,2021-06-04,,3,0,0,1,0,0,1,,0,12,6,70,10,0,98,,7,,5,2021-06-08,1,2021-06-08,2
L02,june_2021_arm_1,ento_form_1a_immediately_processed_summary,2,2021-06-25,,3,0,0,0,0,0,0,,2,5,7,77,10,0,99,,44,,4,2021-07-01,1,2021-07-01,2
L02,july_2021_arm_1,ento_form_1a_immediately_processed_summary,1,2021-07-02,,10,0,0,0,0,0,0,,0,16,4,7,6,0,33,,34,,6,2021-07-19,1,2021-07-19,2
L02,july_2021_arm_1,ento_form_1a_immediately_processed_summary,2,2021-07-09,,10,0,0,0,0,0,0,,0,12,19,6,11,0,48,,59,,6,2021-07-22,1,2021-07-22,2
L02,july_2021_arm_1,ento_form_1a_immediately_processed_summary,3,2021-07-30,,10,0,0,0,0,0,0,,0,15,2,7,7,0,31,,63,,6,2021-08-04,1,2021-08-04,2
L02,august_2021_arm_1,ento_form_1a_immediately_processed_summary,1,2021-08-06,,3,0,0,0,0,0,0,,0,2,0,2,1,0,5,,6,,6,2021-08-19,1,2021-08-19,2
L02,august_2021_arm_1,ento_form_1a_immediately_processed_summary,2,2021-08-27,,9,0,0,0,0,0,0,,0,2,0,0,3,0,5,,13,,6,2021-09-01,1,2021-09-01,2
L02,september_2021_arm_1,ento_form_1a_immediately_processed_summary,1,2021-09-03,,7,0,0,0,0,0,0,,0,4,0,11,2,0,17,,2,,3,2021-10-06,1,2021-10-06,2
L02,september_2021_arm_1,ento_form_1a_immediately_processed_summary,2,2021-09-10,,7,0,0,0,0,0,0,,0,7,12,4,12,0,35,,34,,3,2021-10-07,1,2021-10-07,2
L02,october_2021_arm_1,ento_form_1a_immediately_processed_summary,1,2021-10-01,,6,0,0,0,0,0,0,,0,8,18,16,12,0,54,,25,,3,2021-10-28,1,2021-10-28,2
L02,october_2021_arm_1,ento_form_1a_immediately_processed_summary,2,2021-10-08,,3,0,0,0,0,0,0,,0,5,12,6,0,0,23,,4,,3,2021-10-28,1,2021-10-28,2
L02,october_2021_arm_1,ento_form_1a_immediately_processed_summary,3,2021-10-29,,6,0,0,0,0,0,0,,0,12,17,5,3,0,37,,87,,3,2021-10-29,1,2021-10-29,2
L02,november_2021_arm_1,ento_form_1a_immediately_processed_summary,1,2021-11-26,,2,0,1,0,0,0,1,,0,35,4,15,10,0,64,,156,,3,2021-11-29,1,2021-11-29,2
L02,november_2021_arm_1,ento_form_1a_immediately_processed_summary,2,2021-11-05,,2,0,0,0,0,0,0,,0,21,16,14,4,0,55,,36,,3,2021-11-29,1,2021-11-29,2
L02,december_2021_arm_1,ento_form_1a_immediately_processed_summary,1,2021-12-03,,5,0,0,0,0,0,0,,0,29,3,16,10,2,60,,94,,3,2021-12-21,1,2021-12-21,2
L02,january_2022_arm_1,ento_form_1a_immediately_processed_summary,1,2022-01-28,,8,0,0,0,0,0,0,,0,0,0,0,0,0,0,,1,,3,2022-01-31,1,2022-01-31,2
L02,february_2022_arm_1,ento_form_1a_immediately_processed_summary,1,2022-02-04,,5,0,0,0,0,0,0,,0,0,0,1,0,0,1,,1,,3,2022-02-16,1,2022-02-16,2
L02,february_2022_arm_1,ento_form_1a_immediately_processed_summary,2,2022-02-25,,2,0,0,0,0,0,0,,0,0,0,2,0,0,2,,1,,3,2022-02-28,1,2022-02-28,2
L02,march_2022_arm_1,ento_form_1a_immediately_processed_summary,1,2022-03-25,,9,0,0,0,0,0,0,,1,0,0,0,0,0,0,,3,,3,2022-03-30,1,2022-03-30,2
L02,march_2022_arm_1,ento_form_1a_immediately_processed_summary,2,2022-03-04,,9,0,0,0,0,0,0,,0,0,1,0,1,0,2,,1,,3,2022-03-30,1,2022-03-30,2
L02,april_2022_arm_1,ento_form_1a_immediately_processed_summary,1,2022-04-14,,4,0,0,0,0,0,0,,0,0,0,0,0,0,0,,0,,3,2022-04-26,1,2022-04-26,2
L02,may_2022_arm_1,ento_form_1a_immediately_processed_summary,1,2022-05-27,,6,0,0,0,0,0,0,,0,35,7,69,20,0,131,,106,,3,2022-06-06,1,2022-06-06,2
L02,may_2022_arm_1,ento_form_1a_immediately_processed_summary,2,2022-05-06,,6,0,0,0,0,0,0,,0,17,28,21,5,0,71,,62,,3,2022-06-06,1,2022-06-06,2
L02,june_2022_arm_1,ento_form_1a_immediately_processed_summary,1,2022-06-24,,9,0,1,0,0,0,1,,0,28,30,20,13,0,91,,18,,3,2022-07-04,1,2022-07-04,2
L02,june_2022_arm_1,ento_form_1a_immediately_processed_summary,2,2022-06-03,,9,0,0,0,1,0,1,,0,20,39,18,15,1,93,,34,,3,2022-07-04,1,2022-07-04,2
L02,july_2022_arm_1,ento_form_1a_immediately_processed_summary,1,2022-07-01,,7,0,1,0,0,0,1,,0,41,114,11,39,0,205,,70,,3,2022-07-19,1,2022-07-19,2
L02,july_2022_arm_1,ento_form_1a_immediately_processed_summary,2,2022-07-29,,4,0,0,0,0,0,0,,0,14,37,31,31,2,115,,68,,4,2022-08-04,1,2022-08-04,2
L02,august_2022_arm_1,ento_form_1a_immediately_processed_summary,1,2022-08-05,,8,0,0,0,0,0,0,,0,11,12,20,23,1,67,,63,,4,2022-08-17,1,2022-08-17,2
L02,august_2022_arm_1,ento_form_1a_immediately_processed_summary,2,2022-08-26,,2,0,0,0,0,0,0,,0,2,0,5,6,0,13,,8,,3,2022-09-01,1,2022-09-01,2
L02,september_2022_arm_1,ento_form_1a_immediately_processed_summary,1,2022-09-30,,5,0,0,0,0,0,0,,0,13,1,12,21,0,47,,57,,3,2022-10-13,1,2022-10-13,2
L02,september_2022_arm_1,ento_form_1a_immediately_processed_summary,2,2022-09-23,,5,0,0,0,0,0,0,,0,10,5,10,8,0,33,,55,,3,2022-10-13,1,2022-10-13,2
L02,september_2022_arm_1,ento_form_1a_immediately_processed_summary,3,2022-09-02,,5,0,0,0,0,0,0,,0,2,12,2,3,0,19,,5,,3,2022-10-13,1,2022-10-13,2
L02,october_2022_arm_1,ento_form_1a_immediately_processed_summary,1,2022-10-28,,3,0,0,0,0,0,0,,0,13,0,18,15,0,46,,69,,12,2022-10-28,1,2022-10-28,2
L02,october_2022_arm_1,ento_form_1a_immediately_processed_summary,2,2022-10-21,,3,0,0,0,0,0,0,,0,6,0,1,6,0,13,,35,,12,2022-10-28,1,2022-10-28,2
L02,november_2022_arm_1,ento_form_1a_immediately_processed_summary,1,2022-11-04,,4,0,0,0,0,0,0,,0,10,9,8,11,0,38,,38,,10,2022-11-04,1,2022-11-04,2
L02,november_2022_arm_1,ento_form_1a_immediately_processed_summary,2,2022-11-25,,4,0,0,0,0,0,0,,0,4,8,10,14,0,36,,78,,13,2022-11-25,1,2022-11-25,2
L02,december_2022_arm_1,ento_form_1a_immediately_processed_summary,1,2022-12-02,,6,0,0,0,0,0,0,,0,3,1,5,1,0,10,,26,,12,2022-12-05,1,2022-12-05,2
L02,december_2022_arm_1,ento_form_1a_immediately_processed_summary,2,2022-12-23,,6,0,0,0,0,0,0,,0,5,15,9,9,0,38,,32,,10,2022-12-23,1,2022-12-23,2
L03,january_2020_arm_1,ento_form_1a_immediately_processed_summary,1,2020-01-17,,3,0,0,0,0,0,0,,0,41,1,22,16,18,98,,168,,3,2020-04-08,1,2020-04-08,1
L03,january_2020_arm_1,ento_form_1a_immediately_processed_summary,2,2020-01-31,,3,0,0,0,0,0,0,,0,2,0,4,1,0,7,,5,,3,2020-04-08,1,2020-04-08,1
L03,february_2020_arm_1,ento_form_1a_immediately_processed_summary,1,2020-02-07,,8,0,0,0,0,0,0,,0,22,28,32,11,0,93,,107,,3,2020-04-17,1,2020-04-17,1
L03,february_2020_arm_1,ento_form_1a_immediately_processed_summary,2,2020-02-28,,8,0,0,0,0,0,0,,0,7,8,42,17,0,74,,96,,3,2020-04-20,1,2020-04-20,1
L03,march_2020_arm_1,ento_form_1a_immediately_processed_summary,1,2020-03-06,,7,0,1,0,0,0,1,,1,6,4,36,11,0,57,,116,,3,2020-04-28,1,2020-04-28,1
L03,march_2020_arm_1,ento_form_1a_immediately_processed_summary,2,2020-03-13,,7,0,0,0,0,0,0,,0,2,0,22,5,0,29,,79,,3,2020-04-28,1,2020-04-28,1
L03,june_2020_arm_1,ento_form_1a_immediately_processed_summary,1,2020-06-05,,9,0,0,0,0,0,0,,0,8,26,22,30,3,89,,76,,3,2020-06-05,1,2020-06-05,1
L03,june_2020_arm_1,ento_form_1a_immediately_processed_summary,2,2020-06-12,,9,0,0,0,0,0,0,,1,30,38,42,24,1,135,,82,,3,2020-06-16,1,2020-06-16,1
L03,june_2020_arm_1,ento_form_1a_immediately_processed_summary,3,2020-06-26,,9,0,0,0,0,0,0,,0,7,24,10,10,1,52,,18,,3,2020-06-29,1,2020-06-29,1
L03,july_2020_arm_1,ento_form_1a_immediately_processed_summary,1,2020-07-17,,7,0,0,1,0,0,1,,0,2,12,18,14,0,46,,43,,3,2020-07-27,1,2020-07-27,1
L03,july_2020_arm_1,ento_form_1a_immediately_processed_summary,2,2020-07-10,,7,0,0,0,0,0,0,,0,3,14,26,5,0,48,,3,,4,2020-07-28,1,2020-07-28,1
L03,july_2020_arm_1,ento_form_1a_immediately_processed_summary,3,2020-07-31,,7,0,1,0,0,0,1,,0,6,19,17,11,0,53,,24,,3,2020-07-31,1,2020-07-31,1
L03,august_2020_arm_1,ento_form_1a_immediately_processed_summary,1,2020-08-07,,4,0,0,0,0,0,0,,0,4,0,8,19,4,35,,34,,3,2020-08-31,1,2020-08-31,2
L03,august_2020_arm_1,ento_form_1a_immediately_processed_summary,2,2020-08-14,,4,0,0,0,0,0,0,,0,1,10,4,4,0,19,,2,,3,2020-08-31,1,2020-08-31,2
L03,august_2020_arm_1,ento_form_1a_immediately_processed_summary,3,2020-08-28,,4,0,0,0,0,0,0,,0,1,3,1,0,0,5,,10,,3,2020-09-01,1,2020-09-01,2
L04,january_2020_arm_1,ento_form_1a_immediately_processed_summary,1,2020-01-17,,4,0,0,0,0,0,0,,0,11,0,11,9,0,31,,65,,3,2020-04-08,1,2020-04-08,1
L04,january_2020_arm_1,ento_form_1a_immediately_processed_summary,2,2020-01-31,,4,0,1,0,0,0,1,,1,5,0,0,12,0,17,,61,,3,2020-04-08,1,2020-04-08,1
L04,february_2020_arm_1,ento_form_1a_immediately_processed_summary,1,2020-02-07,,5,0,0,0,0,0,0,,0,2,0,0,1,0,3,,24,,3,2020-04-17,1,2020-04-17,1
L04,february_2020_arm_1,ento_form_1a_immediately_processed_summary,2,2020-02-28,,5,0,0,0,0,0,0,,0,0,0,0,3,0,3,,6,,3,2020-04-20,1,2020-04-20,1
L04,march_2020_arm_1,ento_form_1a_immediately_processed_summary,1,2020-03-06,,6,1,0,0,0,0,1,,0,4,0,3,2,0,9,,19,,3,2020-04-28,1,2020-04-28,1
L04,march_2020_arm_1,ento_form_1a_immediately_processed_summary,2,2020-03-13,,6,0,0,0,0,0,0,,0,3,2,4,3,0,12,,13,,3,2020-04-28,1,2020-04-28,1
L04,june_2020_arm_1,ento_form_1a_immediately_processed_summary,1,2020-06-05,,4,0,0,0,0,0,0,,0,3,0,1,2,1,7,,28,,3,2020-06-05,1,2020-06-05,1
L04,june_2020_arm_1,ento_form_1a_immediately_processed_summary,2,2020-06-12,,4,0,0,0,0,0,0,,0,7,0,2,8,1,18,,46,,3,2020-06-16,1,2020-06-16,1
L04,june_2020_arm_1,ento_form_1a_immediately_processed_summary,3,2020-06-26,,4,0,0,0,0,0,0,,0,19,1,0,14,0,34,,90,,3,2020-06-29,1,2020-06-29,1
L04,july_2020_arm_1,ento_form_1a_immediately_processed_summary,1,2020-07-17,,9,0,0,0,0,0,0,,0,2,1,0,1,0,4,,2,,3,2020-07-28,1,2020-07-28,1
L04,july_2020_arm_1,ento_form_1a_immediately_processed_summary,2,2020-07-10,,2,0,0,0,0,0,0,,0,0,0,0,7,0,7,,15,,4,2020-07-28,1,2020-07-28,1
L04,july_2020_arm_1,ento_form_1a_immediately_processed_summary,3,2020-07-31,,9,0,0,0,0,0,0,,0,2,0,0,4,0,6,,4,,3,2020-07-31,1,2020-07-31,1
L04,august_2020_arm_1,ento_form_1a_immediately_processed_summary,1,2020-08-07,,3,0,0,0,0,0,0,,1,4,0,4,4,2,14,,28,,3,2020-08-31,1,2020-08-31,2
L04,august_2020_arm_1,ento_form_1a_immediately_processed_summary,2,2020-08-14,,3,0,0,0,0,0,0,,0,2,0,0,1,0,3,,4,,3,2020-08-31,1,2020-08-31,2
L04,august_2020_arm_1,ento_form_1a_immediately_processed_summary,3,2020-08-28,,3,0,0,0,0,0,0,,0,2,0,3,0,1,6,,7,,3,2020-09-01,1,2020-09-01,2
L04,september_2020_arm_1,ento_form_1a_immediately_processed_summary,1,2020-09-04,,8,0,0,0,0,0,0,,0,0,0,0,0,0,0,,1,,3,2020-09-14,1,2020-09-14,2
L04,september_2020_arm_1,ento_form_1a_immediately_processed_summary,2,2020-09-11,,3,0,0,0,0,0,0,,0,3,0,0,1,0,4,,4,,3,2020-09-15,1,2020-09-15,2
L04,september_2020_arm_1,ento_form_1a_immediately_processed_summary,3,2020-09-25,,8,0,0,0,0,0,0,,0,1,0,0,0,0,1,,2,,3,2020-09-25,1,2020-09-25,2
L04,september_2020_arm_1,ento_form_1a_immediately_processed_summary,4,2023-09-29,,5,0,0,0,0,0,0,,0,0,0,0,0,0,0,,2,,10,2023-09-29,1,2023-09-29,2
L04,october_2020_arm_1,ento_form_1a_immediately_processed_summary,1,2020-10-09,,5,0,1,0,0,0,1,,0,16,0,5,22,0,43,,51,,4,2020-10-09,1,2020-10-09,2
L04,october_2020_arm_1,ento_form_1a_immediately_processed_summary,2,2020-10-16,,5,0,0,0,0,0,0,,0,24,0,7,18,0,49,,98,,4,2020-10-21,1,2020-10-21,2
L04,october_2020_arm_1,ento_form_1a_immediately_processed_summary,3,2020-10-30,,5,0,0,0,0,0,0,,0,123,36,44,45,2,250,,272,,4,2020-10-30,1,2020-10-30,2
L04,november_2020_arm_1,ento_form_1a_immediately_processed_summary,1,2020-11-06,,7,0,0,0,0,0,0,,0,22,3,2,20,0,47,,113,,3,2020-11-18,1,2020-11-18,2
L04,november_2020_arm_1,ento_form_1a_immediately_processed_summary,2,2020-11-13,,7,0,0,0,0,0,0,,0,14,0,2,18,0,34,,139,,3,2020-11-18,1,2020-11-18,2
L04,december_2020_arm_1,ento_form_1a_immediately_processed_summary,1,2020-12-04,,6,0,0,0,0,0,0,,0,1,0,0,1,0,2,,8,,3,2020-12-10,1,2020-12-10,2
L04,december_2020_arm_1,ento_form_1a_immediately_processed_summary,2,2020-12-18,,6,0,0,0,0,0,0,,0,0,0,0,1,0,1,,17,,5,2020-12-18,1,2020-12-18,2
L04,january_2021_arm_1,ento_form_1a_immediately_processed_summary,1,2021-01-08,,4,0,0,0,0,0,0,,0,0,0,0,3,0,3,,4,,4,2021-02-01,1,2021-02-01,2
L04,january_2021_arm_1,ento_form_1a_immediately_processed_summary,2,2021-01-15,,4,0,0,0,0,0,0,,0,0,0,0,0,0,0,,7,,4,2021-02-01,1,2021-02-01,2
L04,january_2021_arm_1,ento_form_1a_immediately_processed_summary,3,2021-01-29,,4,0,0,0,0,0,0,,0,1,0,0,0,0,1,,7,,4,2021-02-01,1,2021-02-01,2
L04,feburary_2021_arm_1,ento_form_1a_immediately_processed_summary,1,2021-02-05,,9,0,0,0,0,0,0,,0,0,0,0,0,0,0,,1,,4,2021-03-01,1,2021-03-01,2
L04,feburary_2021_arm_1,ento_form_1a_immediately_processed_summary,2,2021-02-05,,9,0,0,0,0,0,0,,0,0,0,0,0,0,0,,1,,4,2021-03-01,1,2021-03-01,2
L04,feburary_2021_arm_1,ento_form_1a_immediately_processed_summary,3,2021-02-26,,9,0,0,0,0,0,0,,0,2,3,4,5,0,14,,10,,4,2021-03-01,1,2021-03-01,2
L04,march_2021_arm_1,ento_form_1a_immediately_processed_summary,1,2021-03-05,,3,0,0,0,0,0,0,,0,0,0,2,1,0,3,,0,,3,2021-03-28,1,2021-03-28,2
L04,march_2021_arm_1,ento_form_1a_immediately_processed_summary,2,2021-03-26,,4,1,0,0,0,0,1,,3,0,0,0,1,0,1,,1,,3,2021-03-28,1,2021-03-28,2
L04,april_2021_arm_1,ento_form_1a_immediately_processed_summary,1,2021-04-09,,2,0,0,0,0,0,0,,0,0,1,0,0,0,1,,0,,3,2021-04-25,1,2021-04-25,2
L04,april_2021_arm_1,ento_form_1a_immediately_processed_summary,2,2021-04-30,,7,0,0,0,0,0,0,,0,0,1,0,0,0,1,,0,,5,2021-05-11,1,2021-05-11,2
L04,may_2021_arm_1,ento_form_1a_immediately_processed_summary,1,2021-05-07,,5,0,1,0,0,0,1,,0,0,0,0,1,0,1,,1,,5,2021-05-11,1,2021-05-11,2
L04,may_2021_arm_1,ento_form_1a_immediately_processed_summary,2,2021-05-28,,2,0,0,0,1,0,1,,1,2,0,0,1,0,3,,1,,5,2021-06-08,1,2021-06-08,2
L04,june_2021_arm_1,ento_form_1a_immediately_processed_summary,1,2021-06-04,,7,0,1,0,0,0,1,,1,4,0,8,4,0,16,,4,,5,2021-06-08,1,2021-06-08,2
L04,june_2021_arm_1,ento_form_1a_immediately_processed_summary,2,2021-06-25,,6,0,0,0,0,0,0,,0,5,0,1,12,0,18,,21,,4,2021-07-01,1,2021-07-01,2
L04,july_2021_arm_1,ento_form_1a_immediately_processed_summary,1,2021-07-02,,4,0,0,0,0,0,0,,0,10,0,2,14,0,26,,16,,6,2021-07-19,1,2021-07-19,2
L04,july_2021_arm_1,ento_form_1a_immediately_processed_summary,2,2021-07-09,,4,0,1,0,0,0,1,,0,9,2,0,8,0,19,,37,,6,2021-07-22,1,2021-07-22,2
L04,july_2021_arm_1,ento_form_1a_immediately_processed_summary,3,2021-07-30,,9,0,0,0,0,0,0,,0,3,0,4,8,0,15,,6,,6,2021-08-04,1,2021-08-04,2
L04,august_2021_arm_1,ento_form_1a_immediately_processed_summary,1,2021-08-06,,10,0,0,0,0,0,0,,0,2,0,0,7,0,9,,23,,6,2021-08-19,1,2021-08-19,2
L04,august_2021_arm_1,ento_form_1a_immediately_processed_summary,2,2021-08-27,,10,0,0,0,0,0,0,,0,2,0,0,2,0,4,,18,,6,2021-09-01,1,2021-09-01,2
L04,september_2021_arm_1,ento_form_1a_immediately_processed_summary,1,2021-09-03,,2,0,0,0,0,0,0,,0,5,0,0,1,0,6,,7,,3,2021-10-06,1,2021-10-06,2
L04,september_2021_arm_1,ento_form_1a_immediately_processed_summary,2,2021-09-10,,2,0,0,0,0,0,0,,0,1,1,0,3,0,5,,14,,3,2021-10-07,1,2021-10-07,2
L04,october_2021_arm_1,ento_form_1a_immediately_processed_summary,1,2021-10-01,,4,0,0,0,0,0,0,,0,3,1,1,5,0,10,,22,,3,2021-10-28,1,2021-10-28,2
L04,october_2021_arm_1,ento_form_1a_immediately_processed_summary,2,2021-10-08,,2,0,0,0,0,0,0,,0,8,7,0,0,0,15,,13,,3,2021-10-28,1,2021-10-28,2
L04,october_2021_arm_1,ento_form_1a_immediately_processed_summary,3,2021-10-29,,4,0,1,0,0,0,1,,1,27,0,5,10,0,42,,102,,3,2021-11-23,1,2021-11-23,2
L04,november_2021_arm_1,ento_form_1a_immediately_processed_summary,1,2021-11-26,,7,0,0,0,0,0,0,,0,21,2,0,12,0,35,,54,,3,2021-11-29,1,2021-11-29,2
L04,november_2021_arm_1,ento_form_1a_immediately_processed_summary,2,2021-11-05,,7,0,0,0,0,0,0,,0,15,1,1,6,0,23,,57,,3,2021-11-29,1,2021-11-29,2
L04,december_2021_arm_1,ento_form_1a_immediately_processed_summary,1,2021-12-03,,2,0,0,0,0,0,0,,0,3,0,2,1,0,6,,31,,3,2021-12-21,1,2021-12-21,2
L04,january_2022_arm_1,ento_form_1a_immediately_processed_summary,1,2022-01-28,,6,0,0,0,0,0,0,,0,1,0,0,1,0,2,,3,,3,2022-01-31,1,2022-01-31,2
L04,january_2022_arm_1,ento_form_1a_immediately_processed_summary,2,2022-01-07,,6,0,0,0,0,0,0,,0,2,0,0,0,0,2,,15,,3,2022-01-31,1,2022-01-31,2
L04,february_2022_arm_1,ento_form_1a_immediately_processed_summary,1,2022-02-04,,10,0,0,0,0,0,0,,0,0,0,1,0,0,1,,2,,3,2022-02-16,1,2022-02-16,2
L04,february_2022_arm_1,ento_form_1a_immediately_processed_summary,2,2022-02-25,,10,0,0,0,0,0,0,,0,0,0,0,0,0,0,,0,,3,2022-02-28,1,2022-02-28,2
L04,march_2022_arm_1,ento_form_1a_immediately_processed_summary,1,2022-03-25,,2,0,0,0,0,0,0,,0,0,0,0,0,0,0,,1,,3,2022-03-30,1,2022-03-30,2
L04,march_2022_arm_1,ento_form_1a_immediately_processed_summary,2,2022-03-04,,2,0,0,0,0,0,0,,0,0,0,0,0,0,0,,0,,3,2022-03-30,1,2022-03-30,2
L04,april_2022_arm_1,ento_form_1a_immediately_processed_summary,1,2022-04-14,,8,0,0,0,0,0,0,,0,0,0,0,0,0,0,,0,,3,2022-04-26,1,2022-04-26,2
L04,may_2022_arm_1,ento_form_1a_immediately_processed_summary,1,2022-05-27,,4,0,0,0,0,0,0,,0,7,3,1,3,0,14,,29,,3,2022-06-06,1,2022-06-06,2
L04,may_2022_arm_1,ento_form_1a_immediately_processed_summary,2,2022-05-06,,5,0,0,0,0,0,0,,0,0,0,0,1,0,1,,4,,3,2022-06-06,1,2022-06-06,2
L04,june_2022_arm_1,ento_form_1a_immediately_processed_summary,1,2022-06-24,,6,0,0,0,0,0,0,,0,28,2,1,16,0,47,,58,,3,2022-07-04,1,2022-07-04,2
L04,june_2022_arm_1,ento_form_1a_immediately_processed_summary,2,2022-06-03,,6,0,0,0,0,0,0,,0,9,4,0,6,0,19,,4,,3,2022-07-04,1,2022-07-04,2
L04,july_2022_arm_1,ento_form_1a_immediately_processed_summary,1,2022-07-01,,4,0,0,0,1,0,1,,0,26,0,3,32,0,61,,121,,3,2022-07-19,1,2022-07-19,2
L04,july_2022_arm_1,ento_form_1a_immediately_processed_summary,2,2022-07-29,,5,0,0,0,0,0,0,,0,11,0,2,14,2,29,,27,,4,2022-08-04,1,2022-08-04,2
L04,august_2022_arm_1,ento_form_1a_immediately_processed_summary,1,2022-08-05,,4,0,0,0,0,0,0,,0,20,5,7,28,0,60,,80,,4,2022-08-17,1,2022-08-17,2
L04,august_2022_arm_1,ento_form_1a_immediately_processed_summary,2,2022-08-26,,4,0,0,0,0,0,0,,0,1,3,0,3,0,7,,9,,3,2022-09-01,1,2022-09-01,2
L04,september_2022_arm_1,ento_form_1a_immediately_processed_summary,1,2022-09-30,,10,0,0,0,0,0,0,,0,27,3,3,7,0,40,,88,,3,2022-10-13,1,2022-10-13,2
L04,september_2022_arm_1,ento_form_1a_immediately_processed_summary,2,2022-09-23,,2,0,0,0,0,0,0,,0,4,0,2,5,0,11,,34,,3,2022-10-13,1,2022-10-13,2
L04,october_2022_arm_1,ento_form_1a_immediately_processed_summary,1,2022-10-28,,9,0,0,0,0,0,0,,0,3,0,0,3,0,6,,12,,12,2022-10-28,1,2022-10-28,2
L04,october_2022_arm_1,ento_form_1a_immediately_processed_summary,2,2022-10-21,,9,0,0,0,0,0,0,,0,2,2,1,4,0,9,,5,,12,2022-10-28,1,2022-10-28,2
L04,november_2022_arm_1,ento_form_1a_immediately_processed_summary,1,2022-11-04,,3,0,0,0,0,0,0,,0,2,0,1,2,0,5,,20,,10,2022-11-04,1,2022-11-04,2
L04,november_2022_arm_1,ento_form_1a_immediately_processed_summary,2,2022-11-25,,8,0,0,0,0,0,0,,0,2,0,1,1,0,4,,13,,13,2022-11-25,1,2022-11-25,2
L04,december_2022_arm_1,ento_form_1a_immediately_processed_summary,1,2022-12-02,,8,0,0,0,0,0,0,,0,4,0,6,10,0,20,,27,,12,2022-12-05,1,2022-12-05,2
L04,december_2022_arm_1,ento_form_1a_immediately_processed_summary,2,2022-12-23,,4,0,0,0,0,0,0,,0,0,0,1,2,0,3,,39,,10,2022-12-23,1,2022-12-23,2
L05,january_2020_arm_1,ento_form_1a_immediately_processed_summary,1,2020-01-17,,7,0,0,0,0,0,0,,0,42,0,36,45,0,123,,296,,3,2020-04-08,1,2020-04-08,1
L05,january_2020_arm_1,ento_form_1a_immediately_processed_summary,2,2020-01-31,,7,0,0,0,0,0,0,,0,13,0,0,22,0,35,,154,,3,2020-04-08,1,2020-04-08,1
L05,february_2020_arm_1,ento_form_1a_immediately_processed_summary,1,2020-02-07,,5,0,1,0,0,0,1,,1,23,1,14,26,0,64,,261,,3,2020-04-17,1,2020-04-17,1
L05,february_2020_arm_1,ento_form_1a_immediately_processed_summary,2,2020-02-28,,5,0,0,0,1,0,1,,0,18,0,22,66,2,108,,224,,3,2020-04-20,1,2020-04-20,1
L05,march_2020_arm_1,ento_form_1a_immediately_processed_summary,1,2020-03-06,,6,0,0,0,0,0,0,,0,12,0,22,11,0,45,,65,,3,2020-04-28,1,2020-04-28,1
L05,march_2020_arm_1,ento_form_1a_immediately_processed_summary,2,2020-03-13,,6,0,0,0,0,0,0,,0,7,0,6,18,0,31,,97,,3,2020-04-28,1,2020-04-28,1
L05,june_2020_arm_1,ento_form_1a_immediately_processed_summary,1,2020-06-05,,4,0,0,0,0,0,0,,0,21,7,10,19,1,58,,57,,3,2020-06-05,1,2020-06-05,1
L05,june_2020_arm_1,ento_form_1a_immediately_processed_summary,2,2020-06-12,,4,1,0,0,0,0,1,,0,40,6,14,38,1,99,,226,,3,2020-06-16,1,2020-06-16,1
L05,june_2020_arm_1,ento_form_1a_immediately_processed_summary,3,2020-06-26,,4,0,0,0,0,0,0,,0,32,8,8,33,1,82,,136,,3,2020-06-30,1,2020-06-30,1
L05,july_2020_arm_1,ento_form_1a_immediately_processed_summary,1,2020-07-17,,9,0,0,0,0,0,0,,0,3,2,6,8,0,19,,16,,3,2020-07-28,1,2020-07-28,1
L05,july_2020_arm_1,ento_form_1a_immediately_processed_summary,2,2020-07-10,,2,0,0,0,0,0,0,,0,5,2,3,11,0,21,,60,,4,2020-07-28,1,2020-07-28,1
L05,july_2020_arm_1,ento_form_1a_immediately_processed_summary,3,2020-07-31,,9,0,0,0,0,0,0,,0,1,1,1,2,1,6,,14,,3,2020-07-31,1,2020-07-31,1
L05,august_2020_arm_1,ento_form_1a_immediately_processed_summary,1,2020-08-07,,3,0,0,0,0,0,0,,0,2,0,2,3,1,8,,16,,3,2020-08-31,1,2020-08-31,2
L05,august_2020_arm_1,ento_form_1a_immediately_processed_summary,2,2020-08-14,,3,0,0,0,0,0,0,,0,3,2,3,3,1,12,,15,,3,2020-08-31,1,2020-08-31,2
L05,august_2020_arm_1,ento_form_1a_immediately_processed_summary,3,2020-08-28,,3,0,0,0,0,0,0,,0,2,0,2,1,0,5,,6,,3,2020-09-01,1,2020-09-01,2
L05,september_2020_arm_1,ento_form_1a_immediately_processed_summary,1,2020-09-04,,8,0,0,0,0,0,0,,0,0,0,0,1,0,1,,4,,3,2020-09-14,1,2020-09-14,2
L05,september_2020_arm_1,ento_form_1a_immediately_processed_summary,2,2020-09-11,,3,0,0,0,0,0,0,,0,2,0,2,1,0,5,,3,,3,2020-09-15,1,2020-09-15,2
L05,september_2020_arm_1,ento_form_1a_immediately_processed_summary,3,2020-09-25,,8,0,0,0,0,0,0,,0,0,1,0,1,0,2,,5,,3,2020-09-25,1,2020-09-25,2
L05,september_2020_arm_1,ento_form_1a_immediately_processed_summary,4,2023-09-29,,5,0,0,0,0,0,0,,0,0,0,0,0,0,0,,0,,10,2023-09-29,1,2023-09-29,2
L05,october_2020_arm_1,ento_form_1a_immediately_processed_summary,1,2020-10-09,,7,0,0,0,0,0,0,,0,14,15,6,18,0,53,,56,,4,2020-10-09,1,2020-10-09,2
L05,october_2020_arm_1,ento_form_1a_immediately_processed_summary,2,2020-10-16,,7,0,0,0,0,0,0,,0,38,13,15,48,0,114,,145,,4,2020-10-21,1,2020-10-21,2
L05,october_2020_arm_1,ento_form_1a_immediately_processed_summary,3,2020-10-30,,7,0,0,0,0,0,0,,0,201,112,115,359,0,787,,673,,4,2020-10-30,1,2020-10-30,2
L05,november_2020_arm_1,ento_form_1a_immediately_processed_summary,1,2020-11-06,,6,0,0,0,0,0,0,,0,80,14,46,80,0,220,,476,,3,2020-11-16,1,2020-11-16,2
L05,november_2020_arm_1,ento_form_1a_immediately_processed_summary,2,2020-11-13,,6,0,0,0,0,0,0,,0,66,6,46,100,2,220,,708,,3,2020-11-18,1,2020-11-18,2
L05,november_2020_arm_1,ento_form_1a_immediately_processed_summary,3,2020-11-27,,6,0,0,0,0,0,0,,0,6,4,4,11,0,25,,88,,5,2020-11-27,1,2020-11-27,2
L05,december_2020_arm_1,ento_form_1a_immediately_processed_summary,1,2020-12-04,,9,0,0,0,0,0,0,,0,1,0,0,8,0,9,,40,,3,2020-12-10,1,2020-12-10,2
L05,december_2020_arm_1,ento_form_1a_immediately_processed_summary,2,2020-12-18,,9,0,0,0,0,0,0,,0,0,0,1,10,0,11,,130,,5,2020-12-18,1,2020-12-18,2
L05,january_2021_arm_1,ento_form_1a_immediately_processed_summary,1,2021-01-08,,8,0,0,0,0,0,0,,0,0,0,1,1,0,2,,12,,4,2021-02-01,1,2021-02-01,2
L05,january_2021_arm_1,ento_form_1a_immediately_processed_summary,2,2021-01-15,,8,0,0,0,0,0,0,,0,1,0,0,0,0,1,,10,,4,2021-02-01,1,2021-02-01,2
L05,january_2021_arm_1,ento_form_1a_immediately_processed_summary,3,2021-01-29,,8,0,0,0,0,0,0,,0,0,0,0,3,0,3,,2,,4,2021-02-01,1,2021-02-01,2
L05,feburary_2021_arm_1,ento_form_1a_immediately_processed_summary,1,2021-02-05,,6,0,0,0,0,0,0,,2,0,0,2,0,0,2,,6,,4,2021-03-01,1,2021-03-01,2
L05,feburary_2021_arm_1,ento_form_1a_immediately_processed_summary,2,2021-02-26,,6,0,0,0,0,0,0,,1,1,0,2,1,0,4,,1,,4,2021-03-01,1,2021-03-01,2
L05,march_2021_arm_1,ento_form_1a_immediately_processed_summary,1,2021-03-05,,4,0,0,3,0,0,3,,3,1,0,0,1,0,2,,2,,3,2021-03-28,1,2021-03-28,2
L05,march_2021_arm_1,ento_form_1a_immediately_processed_summary,2,2021-03-26,,4,0,1,0,1,0,2,,5,0,0,2,4,0,6,,4,,3,2021-03-28,1,2021-03-28,2
L05,april_2021_arm_1,ento_form_1a_immediately_processed_summary,1,2021-04-09,,2,0,0,0,1,0,1,,7,0,1,0,0,0,1,,0,,3,2021-04-25,1,2021-04-25,2
L05,april_2021_arm_1,ento_form_1a_immediately_processed_summary,2,2021-04-30,,3,0,0,0,4,0,4,,0,0,0,1,1,0,2,,3,,5,2021-05-11,1,2021-05-11,2
L05,may_2021_arm_1,ento_form_1a_immediately_processed_summary,1,2021-05-07,,5,0,1,0,1,0,2,,4,2,1,1,0,0,4,,4,,5,2021-05-11,1,2021-05-11,2
L05,may_2021_arm_1,ento_form_1a_immediately_processed_summary,2,2021-05-28,,10,0,2,0,0,0,2,,6,9,13,0,14,0,36,,10,,5,2021-06-09,1,2021-06-09,2
L05,june_2021_arm_1,ento_form_1a_immediately_processed_summary,1,2021-06-04,,7,1,0,0,2,0,3,,4,8,21,13,20,62,124,,22,,5,2021-06-08,1,2021-06-08,2
L05,june_2021_arm_1,ento_form_1a_immediately_processed_summary,2,2021-06-25,,7,0,1,1,1,0,3,,1,32,17,50,50,0,149,,144,,4,2021-07-01,1,2021-07-01,2
L05,july_2021_arm_1,ento_form_1a_immediately_processed_summary,1,2021-07-02,,4,0,0,0,0,0,0,,0,20,5,7,14,4,50,,81,,6,2021-07-19,1,2021-07-19,2
L05,july_2021_arm_1,ento_form_1a_immediately_processed_summary,2,2021-07-09,,4,1,1,0,0,0,2,,0,31,13,10,31,3,88,,157,,6,2021-07-22,1,2021-07-22,2
L05,july_2021_arm_1,ento_form_1a_immediately_processed_summary,3,2021-07-30,,9,0,0,0,0,0,0,,0,4,6,8,10,0,28,,26,,6,2021-08-04,1,2021-08-04,2
L05,august_2021_arm_1,ento_form_1a_immediately_processed_summary,1,2021-08-06,,10,0,0,0,0,0,0,,2,18,1,4,13,1,37,,94,,6,2021-08-19,1,2021-08-19,2
L05,august_2021_arm_1,ento_form_1a_immediately_processed_summary,2,2021-08-27,,2,0,0,0,0,0,0,,0,0,2,5,3,0,10,,9,,6,2021-09-01,1,2021-09-01,2
L05,september_2021_arm_1,ento_form_1a_immediately_processed_summary,1,2021-09-03,,2,0,0,0,0,0,0,,0,0,4,2,8,0,14,,5,,3,2021-10-06,1,2021-10-06,2
L05,september_2021_arm_1,ento_form_1a_immediately_processed_summary,2,2021-09-10,,2,0,0,1,0,0,1,,0,3,9,3,4,0,19,,4,,3,2021-10-07,1,2021-10-07,2
L05,october_2021_arm_1,ento_form_1a_immediately_processed_summary,1,2021-10-01,,4,0,1,0,0,0,1,,0,3,3,1,6,0,13,,36,,3,2021-10-28,1,2021-10-28,2
L05,october_2021_arm_1,ento_form_1a_immediately_processed_summary,2,2021-10-08,,2,0,0,0,0,0,0,,0,25,13,19,5,0,62,,19,,3,2021-10-28,1,2021-10-28,2
L05,october_2021_arm_1,ento_form_1a_immediately_processed_summary,3,2021-10-29,,4,0,0,0,0,0,0,,0,14,0,49,6,1,70,,66,,3,2021-10-29,1,2021-10-29,2
L05,november_2021_arm_1,ento_form_1a_immediately_processed_summary,1,2021-11-26,,3,0,0,0,0,0,0,,0,23,15,18,25,3,84,,159,,3,2021-11-29,1,2021-11-29,2
L05,november_2021_arm_1,ento_form_1a_immediately_processed_summary,2,2021-11-05,,7,0,0,0,0,0,0,,0,8,6,39,25,0,78,,118,,3,2021-11-29,1,2021-11-29,2
L05,december_2021_arm_1,ento_form_1a_immediately_processed_summary,1,2021-12-03,,2,0,0,0,0,0,0,,0,22,28,20,37,0,107,,173,,3,2021-12-21,1,2021-12-21,2
L05,january_2022_arm_1,ento_form_1a_immediately_processed_summary,1,2022-01-28,,7,0,0,0,0,0,0,,0,0,0,0,3,0,3,,21,,3,2022-01-31,1,2022-01-31,2
L05,january_2022_arm_1,ento_form_1a_immediately_processed_summary,2,2022-01-07,,7,0,0,0,0,0,0,,0,3,0,2,0,0,5,,64,,3,2022-01-31,1,2022-01-31,2
L05,february_2022_arm_1,ento_form_1a_immediately_processed_summary,1,2022-02-04,,9,0,0,0,0,0,0,,0,0,0,1,2,0,3,,12,,3,2022-02-16,1,2022-02-16,2
L05,march_2022_arm_1,ento_form_1a_immediately_processed_summary,1,2022-03-25,,10,0,0,0,0,0,0,,0,1,0,0,0,0,1,,3,,3,2022-03-30,1,2022-03-30,2
L05,march_2022_arm_1,ento_form_1a_immediately_processed_summary,2,2022-03-04,,10,0,0,0,0,0,0,,0,0,1,0,0,0,1,,3,,3,2022-03-30,1,2022-03-30,2
L05,april_2022_arm_1,ento_form_1a_immediately_processed_summary,1,2022-04-14,,6,0,0,0,0,0,0,,0,0,0,0,0,0,0,,1,,3,2022-04-26,1,2022-04-26,2
L05,may_2022_arm_1,ento_form_1a_immediately_processed_summary,1,2022-05-27,,8,0,0,0,0,0,0,,0,15,27,9,19,0,70,,8,,3,2022-06-06,1,2022-06-06,2
L05,may_2022_arm_1,ento_form_1a_immediately_processed_summary,2,2022-05-06,,8,0,0,0,0,0,0,,0,0,1,2,0,0,3,,0,,3,2022-06-06,1,2022-06-06,2
L05,june_2022_arm_1,ento_form_1a_immediately_processed_summary,1,2022-06-24,,7,1,0,0,0,0,1,,0,104,71,29,54,0,258,,199,,3,2022-07-04,1,2022-07-04,2
L05,june_2022_arm_1,ento_form_1a_immediately_processed_summary,2,2022-06-03,,2,0,0,0,0,0,0,,0,28,46,75,29,0,178,,66,,3,2022-07-04,1,2022-07-04,2
L05,july_2022_arm_1,ento_form_1a_immediately_processed_summary,1,2022-07-29,,5,0,0,0,0,0,0,,1,75,11,19,47,0,152,,201,,4,2022-08-04,1,2022-08-04,2
L05,august_2022_arm_1,ento_form_1a_immediately_processed_summary,1,2022-08-05,,4,0,0,0,0,0,0,,0,15,17,12,11,1,56,,68,,4,2022-08-17,1,2022-08-17,2
L05,august_2022_arm_1,ento_form_1a_immediately_processed_summary,2,2022-08-26,,4,0,0,0,0,0,0,,0,0,0,4,5,0,9,,11,,3,2022-09-01,1,2022-09-01,2
L05,september_2022_arm_1,ento_form_1a_immediately_processed_summary,1,2022-09-30,,10,0,0,0,0,0,0,,0,20,9,7,26,0,62,,80,,3,2022-10-13,1,2022-10-13,2
L05,september_2022_arm_1,ento_form_1a_immediately_processed_summary,2,2022-09-23,,2,0,0,0,0,0,0,,0,6,7,12,11,0,36,,22,,3,2022-10-13,1,2022-10-13,2
L05,september_2022_arm_1,ento_form_1a_immediately_processed_summary,3,2022-09-02,,9,0,0,0,0,0,0,,0,4,3,4,6,0,17,,12,,3,2022-10-14,1,2022-10-14,2
L05,october_2022_arm_1,ento_form_1a_immediately_processed_summary,1,2022-10-28,,6,0,0,0,0,0,0,,0,10,15,11,25,0,61,,62,,12,2022-10-28,1,2022-10-28,2
L05,october_2022_arm_1,ento_form_1a_immediately_processed_summary,2,2022-10-21,,2,0,0,0,0,0,0,,0,2,0,14,0,0,16,,11,,12,2022-10-28,1,2022-10-28,2
L05,november_2022_arm_1,ento_form_1a_immediately_processed_summary,1,2022-11-04,,3,0,0,0,0,0,0,,0,18,0,33,36,0,87,,89,,10,2022-11-04,1,2022-11-04,2
L05,november_2022_arm_1,ento_form_1a_immediately_processed_summary,2,2022-11-25,,3,0,0,0,0,0,0,,0,6,0,4,2,0,12,,28,,13,2022-11-25,1,2022-11-25,2
L05,december_2022_arm_1,ento_form_1a_immediately_processed_summary,1,2022-12-02,,8,0,0,0,0,0,0,,0,4,0,4,10,0,18,,18,,12,2022-12-05,1,2022-12-05,2
L05,december_2022_arm_1,ento_form_1a_immediately_processed_summary,2,2022-12-23,,8,0,0,0,0,0,0,,0,3,0,0,0,0,3,,4,,10,2022-12-23,1,2022-12-23,2
L07,january_2020_arm_1,ento_form_1a_immediately_processed_summary,1,2020-01-17,,6,0,0,0,0,0,0,,0,3,0,1,1,0,5,,17,,3,2020-04-08,1,2020-04-08,1
L07,january_2020_arm_1,ento_form_1a_immediately_processed_summary,2,2020-01-31,,6,0,0,0,0,0,0,,0,2,0,0,1,0,3,,28,,3,2020-04-08,1,2020-04-08,1
L07,february_2020_arm_1,ento_form_1a_immediately_processed_summary,1,2020-02-07,,9,0,0,0,0,0,0,,0,0,0,0,1,0,1,,5,,3,2020-04-17,1,2020-04-17,1
L07,february_2020_arm_1,ento_form_1a_immediately_processed_summary,2,2020-02-28,,9,0,0,0,0,0,0,,0,3,2,4,3,1,13,,20,,3,2020-04-20,1,2020-04-20,1
L07,march_2020_arm_1,ento_form_1a_immediately_processed_summary,1,2020-03-06,,4,0,0,0,0,0,0,,0,1,0,1,0,0,2,,11,,3,2020-04-28,1,2020-04-28,1
L07,march_2020_arm_1,ento_form_1a_immediately_processed_summary,2,2020-03-13,,4,0,0,0,0,0,0,,0,0,0,0,0,0,0,,5,,3,2020-04-28,1,2020-04-28,1
L07,june_2020_arm_1,ento_form_1a_immediately_processed_summary,1,2020-06-05,,3,0,0,0,0,0,0,,0,0,0,0,0,0,0,,7,,3,2020-06-05,1,2020-06-05,1
L07,june_2020_arm_1,ento_form_1a_immediately_processed_summary,2,2020-06-12,,3,0,0,0,0,0,0,,0,2,0,0,2,0,4,,5,,3,2020-06-16,1,2020-06-16,1
L07,june_2020_arm_1,ento_form_1a_immediately_processed_summary,3,2020-06-26,,3,0,0,0,0,0,0,,0,1,0,0,1,0,2,,2,,3,2020-06-30,1,2020-06-30,1
L07,july_2020_arm_1,ento_form_1a_immediately_processed_summary,1,2020-07-17,,8,0,0,0,0,0,0,,0,1,0,0,1,0,2,,2,,3,2020-07-27,1,2020-07-27,1
L07,july_2020_arm_1,ento_form_1a_immediately_processed_summary,2,2020-07-10,,8,0,0,0,0,0,0,,0,0,0,0,0,0,0,,4,,3,2020-07-28,1,2020-07-28,1
L07,july_2020_arm_1,ento_form_1a_immediately_processed_summary,3,2020-07-31,,8,0,0,0,0,0,0,,0,0,0,2,1,0,3,,20,,3,2020-07-31,1,2020-07-31,1
L07,august_2020_arm_1,ento_form_1a_immediately_processed_summary,1,2020-08-07,,5,0,0,0,0,0,0,,0,1,0,0,2,0,3,,0,,3,2020-08-31,1,2020-08-31,2
L07,august_2020_arm_1,ento_form_1a_immediately_processed_summary,2,2020-08-14,,5,0,0,0,0,0,0,,0,2,0,0,1,0,3,,4,,3,2020-08-31,1,2020-08-31,2
L07,august_2020_arm_1,ento_form_1a_immediately_processed_summary,3,2020-08-28,,5,0,0,0,0,0,0,,0,0,0,0,0,0,0,,1,,3,2020-09-01,1,2020-09-01,2
L07,september_2020_arm_1,ento_form_1a_immediately_processed_summary,1,2020-09-04,,7,0,0,0,0,0,0,,0,0,0,0,1,0,1,,0,,3,2020-09-14,1,2020-09-14,2
L07,september_2020_arm_1,ento_form_1a_immediately_processed_summary,2,2020-09-11,,7,0,0,0,0,0,0,,0,7,0,0,5,0,12,,18,,3,2020-09-15,1,2020-09-15,2
L07,september_2020_arm_1,ento_form_1a_immediately_processed_summary,3,2020-09-25,,7,0,0,0,0,0,0,,0,0,0,0,0,0,0,,1,,3,2020-09-25,1,2020-09-25,2
L07,october_2020_arm_1,ento_form_1a_immediately_processed_summary,1,2020-10-09,,2,0,0,0,0,0,0,,0,2,0,0,0,0,2,,3,,4,2020-10-09,1,2020-10-09,2
L07,october_2020_arm_1,ento_form_1a_immediately_processed_summary,2,2020-10-16,,2,0,0,0,0,0,0,,0,5,0,4,3,0,12,,19,,3,2020-10-21,1,2020-10-21,2
L07,october_2020_arm_1,ento_form_1a_immediately_processed_summary,3,2020-10-30,,6,0,0,0,0,0,0,,0,12,1,1,2,0,16,,41,,4,2020-10-30,1,2020-10-30,2
L07,november_2020_arm_1,ento_form_1a_immediately_processed_summary,1,2020-11-06,,4,0,0,0,0,0,0,,0,3,0,1,0,0,4,,9,,3,2020-11-18,1,2020-11-18,2
L07,november_2020_arm_1,ento_form_1a_immediately_processed_summary,2,2020-11-13,,2,0,0,0,0,0,0,,0,0,0,0,1,0,1,,5,,3,2020-11-18,1,2020-11-18,2
L07,december_2020_arm_1,ento_form_1a_immediately_processed_summary,1,2020-12-04,,3,0,0,0,0,0,0,,0,1,0,0,1,0,2,,2,,3,2020-12-07,1,2020-12-07,2
L07,december_2020_arm_1,ento_form_1a_immediately_processed_summary,2,2020-12-18,,3,0,0,0,0,0,0,,0,0,0,0,0,0,0,,1,,5,2020-12-18,1,2020-12-18,2
L07,january_2021_arm_1,ento_form_1a_immediately_processed_summary,1,2021-01-08,,5,0,0,0,0,0,0,,0,0,0,0,0,0,0,,0,,4,2021-02-01,1,2021-02-01,2
L07,january_2021_arm_1,ento_form_1a_immediately_processed_summary,2,2021-01-15,,2,0,0,0,0,0,0,,1,0,0,0,0,0,0,,2,,4,2021-02-01,1,2021-02-01,2
L07,january_2021_arm_1,ento_form_1a_immediately_processed_summary,3,2021-01-29,,3,0,0,0,0,0,0,,0,0,0,0,1,0,1,,1,,4,2021-02-01,1,2021-02-01,2
L07,feburary_2021_arm_1,ento_form_1a_immediately_processed_summary,1,2021-02-05,,8,0,0,0,0,0,0,,0,0,0,0,0,0,0,,0,,4,2021-03-01,1,2021-03-01,2
L07,feburary_2021_arm_1,ento_form_1a_immediately_processed_summary,2,2021-02-26,,8,0,0,0,0,0,0,,0,0,0,0,0,0,0,,0,,4,2021-03-01,1,2021-03-01,2
L07,feburary_2021_arm_1,ento_form_1a_immediately_processed_summary,3,2021-02-26,,8,0,0,0,0,0,0,,0,0,0,0,0,0,0,,0,,4,2021-03-01,1,2021-03-01,2
L07,march_2021_arm_1,ento_form_1a_immediately_processed_summary,1,2021-03-05,,7,0,0,0,0,0,0,,0,0,0,1,0,0,1,,3,,3,2021-03-28,1,2021-03-28,2
L07,march_2021_arm_1,ento_form_1a_immediately_processed_summary,2,2021-03-26,,7,0,0,0,0,0,0,,0,0,0,0,0,0,0,,0,,3,2021-03-28,1,2021-03-28,2
L07,april_2021_arm_1,ento_form_1a_immediately_processed_summary,1,2021-04-30,,9,0,0,0,0,0,0,,0,0,0,0,0,0,0,,0,,5,2021-05-11,1,2021-05-11,2
L07,may_2021_arm_1,ento_form_1a_immediately_processed_summary,1,2021-05-07,,3,0,0,0,0,0,0,,0,0,0,0,0,0,0,,0,,5,2021-05-11,1,2021-05-11,2
L07,may_2021_arm_1,ento_form_1a_immediately_processed_summary,2,2021-05-28,,3,0,0,0,0,0,0,,0,0,0,0,0,0,0,,8,,5,2021-06-08,1,2021-06-08,2
L07,june_2021_arm_1,ento_form_1a_immediately_processed_summary,1,2021-06-04,,6,0,0,0,0,0,0,,0,0,0,2,1,0,3,,5,,5,2021-06-08,1,2021-06-08,2
L07,june_2021_arm_1,ento_form_1a_immediately_processed_summary,2,2021-06-25,,2,00,0,0,0,0,0,,0,2,1,0,4,0,7,,9,,4,2021-07-01,1,2021-07-01,2
L07,july_2021_arm_1,ento_form_1a_immediately_processed_summary,1,2021-07-02,,6,0,0,0,0,0,0,,0,1,0,0,4,0,5,,7,,6,2021-07-19,1,2021-07-19,2
L07,july_2021_arm_1,ento_form_1a_immediately_processed_summary,2,2021-07-09,,9,0,0,0,0,0,0,,0,2,3,2,4,0,11,,8,,6,2021-07-22,1,2021-07-22,2
L07,july_2021_arm_1,ento_form_1a_immediately_processed_summary,3,2021-07-30,,6,0,0,0,0,0,0,,0,2,3,0,3,0,8,,9,,6,2021-08-04,1,2021-08-04,2
L07,august_2021_arm_1,ento_form_1a_immediately_processed_summary,1,2021-08-06,,4,0,1,0,0,0,1,,0,1,0,1,2,0,4,,12,,6,2021-08-19,1,2021-08-19,2
L07,august_2021_arm_1,ento_form_1a_immediately_processed_summary,2,2021-08-27,,5,0,0,0,0,0,0,,0,3,2,1,2,0,8,,5,,6,2021-09-01,1,2021-09-01,2
L07,september_2021_arm_1,ento_form_1a_immediately_processed_summary,1,2021-09-03,,9,0,0,0,0,0,0,,0,0,0,0,0,0,0,,3,,3,2021-10-06,1,2021-10-06,2
L07,september_2021_arm_1,ento_form_1a_immediately_processed_summary,2,2021-09-10,,9,0,0,0,0,0,0,,0,2,0,2,0,0,4,,4,,3,2021-10-07,1,2021-10-07,2
L07,october_2021_arm_1,ento_form_1a_immediately_processed_summary,1,2021-10-01,,7,0,0,0,0,0,0,,0,5,4,0,3,0,12,,11,,3,2021-10-28,1,2021-10-28,2
L07,october_2021_arm_1,ento_form_1a_immediately_processed_summary,2,2021-10-08,,7,0,0,0,0,0,0,,0,2,1,0,0,0,3,,1,,3,2021-10-29,1,2021-10-29,2
L07,october_2021_arm_1,ento_form_1a_immediately_processed_summary,3,2021-10-29,,3,0,0,0,0,0,0,,0,12,0,4,4,0,20,,59,,3,2021-10-29,1,2021-10-29,2
L07,november_2021_arm_1,ento_form_1a_immediately_processed_summary,1,2021-11-26,,10,0,0,0,0,0,0,,0,2,4,7,3,0,16,,32,,3,2021-11-29,1,2021-11-29,2
L07,november_2021_arm_1,ento_form_1a_immediately_processed_summary,2,2021-11-05,,10,0,0,0,0,0,0,,0,5,5,4,11,0,25,,37,,3,2021-12-15,1,2021-12-15,2
L07,december_2021_arm_1,ento_form_1a_immediately_processed_summary,1,2021-12-03,,3,0,0,0,0,0,0,,0,3,4,2,6,0,15,,7,,3,2021-12-21,1,2021-12-21,2
L07,january_2022_arm_1,ento_form_1a_immediately_processed_summary,1,2022-01-28,,2,0,0,0,0,0,0,,0,0,0,0,0,0,0,,0,,3,2022-01-31,1,2022-01-31,2
L07,january_2022_arm_1,ento_form_1a_immediately_processed_summary,2,2022-01-07,,2,0,0,0,0,0,0,,0,0,0,0,0,0,0,,2,,3,2022-01-31,1,2022-01-31,2
L07,february_2022_arm_1,ento_form_1a_immediately_processed_summary,1,2022-02-04,,6,0,0,0,0,0,0,,0,0,0,0,0,0,0,,1,,3,2022-02-16,1,2022-02-16,2
L07,february_2022_arm_1,ento_form_1a_immediately_processed_summary,2,2022-02-25,,6,0,0,0,0,0,0,,0,0,0,0,0,0,0,,0,,3,2022-02-28,1,2022-02-28,2
L07,march_2022_arm_1,ento_form_1a_immediately_processed_summary,1,2022-03-25,,4,0,0,0,0,0,0,,0,0,0,0,0,0,0,,0,,3,2022-03-30,1,2022-03-30,2
L07,march_2022_arm_1,ento_form_1a_immediately_processed_summary,2,2022-03-04,,4,0,0,0,0,0,0,,0,0,0,0,1,0,1,,0,,3,2022-03-30,1,2022-03-30,2
L07,april_2022_arm_1,ento_form_1a_immediately_processed_summary,1,2022-04-14,,7,0,0,0,0,0,0,,0,0,0,0,0,0,0,,0,,3,2022-04-26,1,2022-04-26,2
L07,may_2022_arm_1,ento_form_1a_immediately_processed_summary,1,2022-05-27,,10,0,0,0,0,0,0,,0,18,3,7,0,0,28,,26,,3,2022-06-06,1,2022-06-06,2
L07,may_2022_arm_1,ento_form_1a_immediately_processed_summary,2,2022-05-06,,10,0,0,0,0,0,0,,0,0,0,0,2,0,2,,0,,3,2022-06-06,1,2022-06-06,2
L07,june_2022_arm_1,ento_form_1a_immediately_processed_summary,1,2022-06-24,,2,0,0,0,0,0,0,,0,28,39,20,8,0,95,,19,,3,2022-07-04,1,2022-07-04,2
L07,june_2022_arm_1,ento_form_1a_immediately_processed_summary,2,2022-06-03,,2,0,0,0,0,0,0,,0,48,24,0,5,0,77,,38,,3,2022-07-04,1,2022-07-04,2
L07,july_2022_arm_1,ento_form_1a_immediately_processed_summary,1,2022-07-01,,8,0,0,0,0,0,0,,0,25,41,27,14,1,108,,33,,3,2022-07-19,1,2022-07-19,2
L07,july_2022_arm_1,ento_form_1a_immediately_processed_summary,2,2022-07-29,,8,0,0,0,0,0,0,,0,8,2,8,7,1,26,,23,,4,2022-08-04,1,2022-08-04,2
L07,august_2022_arm_1,ento_form_1a_immediately_processed_summary,1,2022-08-05,,6,0,0,0,0,0,0,,0,3,9,11,7,0,30,,1,,4,2022-08-17,1,2022-08-17,2
L07,august_2022_arm_1,ento_form_1a_immediately_processed_summary,2,2022-08-26,,6,0,0,0,0,0,0,,0,0,1,8,3,0,12,,1,,3,2022-09-01,1,2022-09-01,2
L07,september_2022_arm_1,ento_form_1a_immediately_processed_summary,1,2022-09-30,,3,0,0,0,0,0,0,,0,4,2,14,1,0,21,,8,,3,2022-10-13,1,2022-10-13,2
L07,september_2022_arm_1,ento_form_1a_immediately_processed_summary,2,2022-09-23,,3,0,0,0,0,0,0,,0,3,1,15,3,0,22,,2,,3,2022-10-13,1,2022-10-13,2
L07,september_2022_arm_1,ento_form_1a_immediately_processed_summary,3,2022-09-02,,3,0,0,0,0,0,0,,0,5,3,4,1,0,13,,6,,3,2022-10-13,1,2022-10-13,2
L07,october_2022_arm_1,ento_form_1a_immediately_processed_summary,1,2022-10-28,,7,0,0,0,0,0,0,,0,4,3,10,2,0,19,,10,,12,2022-10-28,1,2022-10-28,2
L07,october_2022_arm_1,ento_form_1a_immediately_processed_summary,2,2022-10-21,,7,0,0,0,0,0,0,,0,3,2,3,0,0,8,,3,,12,2022-10-28,1,2022-10-28,2
L07,november_2022_arm_1,ento_form_1a_immediately_processed_summary,1,2022-11-04,,2,0,0,0,0,0,0,,0,5,2,6,10,0,23,,12,,10,2022-11-04,1,2022-11-04,2
L07,november_2022_arm_1,ento_form_1a_immediately_processed_summary,2,2022-11-25,,5,0,0,0,0,0,0,,0,4,0,4,4,0,12,,32,,13,2022-11-25,1,2022-11-25,2
L07,december_2022_arm_1,ento_form_1a_immediately_processed_summary,1,2022-12-02,,9,,,,,,,,,,,,,,,,,"collection was not done because they migrated to chimoi.",12,2022-12-05,1,2022-12-05,2
L08,january_2020_arm_1,ento_form_1a_immediately_processed_summary,1,2020-01-17,,6,0,0,0,0,0,0,,0,22,1,14,26,0,63,,108,,3,2020-04-08,1,2020-04-08,1
L08,january_2020_arm_1,ento_form_1a_immediately_processed_summary,2,2020-01-31,,6,0,0,0,0,0,0,,0,9,0,6,23,0,38,,139,,3,2020-04-08,1,2020-04-08,1
L08,february_2020_arm_1,ento_form_1a_immediately_processed_summary,1,2020-02-07,,9,0,0,0,0,0,0,,0,3,1,0,2,0,6,,22,,3,2020-04-17,1,2020-04-17,1
L08,february_2020_arm_1,ento_form_1a_immediately_processed_summary,2,2020-02-28,,9,0,0,0,0,0,0,,0,4,10,8,7,2,31,,40,,3,2020-04-20,1,2020-04-20,1
L08,march_2020_arm_1,ento_form_1a_immediately_processed_summary,1,2020-03-06,,4,0,0,0,0,0,0,,0,3,1,4,4,0,12,,29,,3,2020-04-28,1,2020-04-28,1
L08,march_2020_arm_1,ento_form_1a_immediately_processed_summary,2,2020-03-13,,4,0,0,0,0,0,0,,1,0,1,5,7,0,13,,38,,3,2020-04-28,1,2020-04-28,1
L08,june_2020_arm_1,ento_form_1a_immediately_processed_summary,1,2020-06-05,,3,0,0,0,0,0,0,,0,25,7,23,10,2,67,,70,,3,2020-06-05,1,2020-06-05,1
L08,june_2020_arm_1,ento_form_1a_immediately_processed_summary,2,2020-06-12,,3,0,0,0,0,0,0,,0,14,2,13,4,2,35,,13,,3,2020-06-16,1,2020-06-16,1
L08,june_2020_arm_1,ento_form_1a_immediately_processed_summary,3,2020-06-26,,3,0,0,0,0,0,0,,0,12,8,22,8,0,50,,38,,3,2020-06-30,1,2020-06-30,1
L08,july_2020_arm_1,ento_form_1a_immediately_processed_summary,1,2020-07-17,,8,0,0,0,0,0,0,,0,10,20,12,4,0,46,,63,,3,2020-07-27,1,2020-07-27,1
L08,july_2020_arm_1,ento_form_1a_immediately_processed_summary,2,2020-07-10,,8,0,0,0,0,0,0,,0,10,0,9,10,0,29,,94,,3,2020-07-28,1,2020-07-28,1
L08,july_2020_arm_1,ento_form_1a_immediately_processed_summary,3,2020-07-31,,8,0,0,0,0,0,0,,0,18,0,14,15,1,48,,63,,3,2020-07-31,1,2020-07-31,1
L08,august_2020_arm_1,ento_form_1a_immediately_processed_summary,1,2020-08-07,,5,0,0,0,0,0,0,,0,4,8,20,12,0,44,,53,,3,2020-08-31,1,2020-08-31,2
L08,august_2020_arm_1,ento_form_1a_immediately_processed_summary,2,2020-08-14,,5,0,0,0,0,0,0,,0,2,15,14,7,0,38,,32,,3,2020-08-31,1,2020-08-31,2
L08,august_2020_arm_1,ento_form_1a_immediately_processed_summary,3,2020-08-28,,5,0,0,0,0,0,0,,0,0,1,5,4,0,10,,15,,3,2020-09-01,1,2020-09-01,2
L08,september_2020_arm_1,ento_form_1a_immediately_processed_summary,1,2020-09-04,,7,0,0,0,0,0,0,,0,0,5,9,4,0,18,,7,,3,2020-09-14,1,2020-09-14,2
L08,september_2020_arm_1,ento_form_1a_immediately_processed_summary,2,2020-09-11,,7,0,0,0,0,0,0,,0,6,14,12,2,0,34,,28,,3,2020-09-15,1,2020-09-15,2
L08,september_2020_arm_1,ento_form_1a_immediately_processed_summary,3,2020-09-25,,7,0,0,0,0,0,0,,0,0,2,1,5,0,8,,5,,3,2020-09-25,1,2020-09-25,2
L08,september_2020_arm_1,ento_form_1a_immediately_processed_summary,4,2023-09-29,,6,0,0,0,0,0,0,,0,4,8,3,0,0,15,,11,,10,2023-09-29,1,2023-09-29,2
L08,october_2020_arm_1,ento_form_1a_immediately_processed_summary,1,2020-10-09,,2,0,0,0,0,0,0,,0,6,39,18,24,0,87,,55,,4,2020-10-09,1,2020-10-09,2
L08,october_2020_arm_1,ento_form_1a_immediately_processed_summary,2,2020-10-16,,2,0,0,0,1,0,1,,0,22,33,23,41,0,119,,78,,3,2020-10-21,1,2020-10-21,2
L08,october_2020_arm_1,ento_form_1a_immediately_processed_summary,3,2020-10-30,,6,0,0,0,0,0,0,,0,7,10,8,13,0,38,,72,,4,2020-10-30,1,2020-10-30,2
L08,november_2020_arm_1,ento_form_1a_immediately_processed_summary,1,2020-11-06,,4,0,0,0,0,0,0,,0,35,20,26,50,0,131,,258,,3,2020-11-18,1,2020-11-18,2
L08,november_2020_arm_1,ento_form_1a_immediately_processed_summary,2,2020-11-13,,2,0,0,0,0,0,0,,0,20,27,15,49,0,111,,187,,3,2020-11-18,1,2020-11-18,2
L08,november_2020_arm_1,ento_form_1a_immediately_processed_summary,3,2020-11-27,,4,0,0,0,0,0,0,,0,7,7,4,21,1,40,,78,,5,2020-11-27,1,2020-11-27,2
L08,december_2020_arm_1,ento_form_1a_immediately_processed_summary,1,2020-12-04,,3,0,0,0,0,0,0,,0,3,1,5,3,0,12,,35,,3,2020-12-07,1,2020-12-07,2
L08,december_2020_arm_1,ento_form_1a_immediately_processed_summary,2,2020-12-18,,3,0,0,0,0,0,0,,0,0,0,0,0,0,0,,4,,5,2020-12-18,1,2020-12-18,2
L08,january_2021_arm_1,ento_form_1a_immediately_processed_summary,1,2021-01-08,,5,0,0,0,0,0,0,,0,0,0,0,1,0,1,,2,,4,2021-02-01,1,2021-02-01,2
L08,january_2021_arm_1,ento_form_1a_immediately_processed_summary,2,2021-01-15,,2,1,0,0,0,0,1,,0,0,0,0,0,0,0,,5,,4,2021-02-01,1,2021-02-01,2
L08,january_2021_arm_1,ento_form_1a_immediately_processed_summary,3,2021-01-29,,3,0,0,0,0,0,0,,0,0,0,2,1,0,3,,0,,4,2021-02-01,1,2021-02-01,2
L08,feburary_2021_arm_1,ento_form_1a_immediately_processed_summary,1,2021-02-05,,8,0,0,0,0,0,0,,0,0,0,0,1,0,1,,0,,4,2021-03-01,1,2021-03-01,2
L08,feburary_2021_arm_1,ento_form_1a_immediately_processed_summary,2,2021-02-26,,8,0,1,0,0,0,1,,0,0,0,2,0,0,2,,0,,4,2021-03-01,1,2021-03-01,2
L08,march_2021_arm_1,ento_form_1a_immediately_processed_summary,1,2021-03-05,,7,0,0,2,1,0,3,,3,0,0,2,1,0,3,,4,,3,2021-03-28,1,2021-03-28,2
L08,march_2021_arm_1,ento_form_1a_immediately_processed_summary,2,2021-03-26,,7,0,5,1,1,0,7,,0,0,0,0,3,0,3,,0,,3,2021-03-28,1,2021-03-28,2
L08,april_2021_arm_1,ento_form_1a_immediately_processed_summary,1,2021-04-30,,9,0,2,1,0,0,3,,0,0,0,0,0,0,0,,0,,5,2021-05-11,1,2021-05-11,2
L08,may_2021_arm_1,ento_form_1a_immediately_processed_summary,1,2021-05-07,,3,0,0,1,3,0,4,,2,1,0,2,0,0,3,,0,,5,2021-05-11,1,2021-05-11,2
L08,may_2021_arm_1,ento_form_1a_immediately_processed_summary,2,2021-05-28,,3,0,3,0,1,0,4,,0,2,19,2,8,0,31,,22,,5,2021-06-09,1,2021-06-09,2
L08,june_2021_arm_1,ento_form_1a_immediately_processed_summary,1,2021-06-04,,6,0,0,2,1,0,3,,3,2,14,23,13,0,52,,50,,5,2021-06-08,1,2021-06-08,2
L08,june_2021_arm_1,ento_form_1a_immediately_processed_summary,2,2021-06-25,,2,0,1,0,0,0,1,,0,12,29,9,20,0,70,,43,,4,2021-07-01,1,2021-07-01,2
L08,july_2021_arm_1,ento_form_1a_immediately_processed_summary,1,2021-07-02,,6,0,0,0,0,0,0,,0,7,2,0,4,0,13,,35,,6,2021-07-19,1,2021-07-19,2
L08,july_2021_arm_1,ento_form_1a_immediately_processed_summary,2,2021-07-09,,9,0,0,0,0,0,0,,0,5,3,4,10,0,22,,30,,6,2021-07-22,1,2021-07-22,2
L08,july_2021_arm_1,ento_form_1a_immediately_processed_summary,3,2021-07-30,,6,0,0,0,0,0,0,,0,6,3,3,7,0,19,,77,,6,2021-08-04,1,2021-08-04,2
L08,august_2021_arm_1,ento_form_1a_immediately_processed_summary,1,2021-08-06,,4,0,0,0,0,0,0,,0,1,0,4,7,0,12,,65,,6,2021-08-19,1,2021-08-19,2
L08,august_2021_arm_1,ento_form_1a_immediately_processed_summary,2,2021-08-27,,5,0,0,0,0,0,0,,0,1,2,6,3,0,12,,37,,6,2021-09-01,1,2021-09-01,2
L08,september_2021_arm_1,ento_form_1a_immediately_processed_summary,1,2021-09-03,,9,0,0,0,0,0,0,,0,0,0,0,2,0,2,,5,,3,2021-10-06,1,2021-10-06,2
L08,september_2021_arm_1,ento_form_1a_immediately_processed_summary,2,2021-09-10,,9,0,0,0,0,0,0,,0,2,0,3,2,0,7,,20,,3,2021-10-07,1,2021-10-07,2
L08,october_2021_arm_1,ento_form_1a_immediately_processed_summary,1,2021-10-01,,7,0,0,0,0,0,0,,0,5,2,1,2,0,10,,11,,3,2021-10-28,1,2021-10-28,2
L08,october_2021_arm_1,ento_form_1a_immediately_processed_summary,2,2021-10-08,,7,0,0,0,0,0,0,,0,7,5,1,6,0,19,,15,,3,2021-10-29,1,2021-10-29,2
L08,october_2021_arm_1,ento_form_1a_immediately_processed_summary,3,2021-10-29,,3,0,0,0,0,0,0,,0,29,0,8,14,3,54,,62,,3,2021-10-29,1,2021-10-29,2
L08,november_2021_arm_1,ento_form_1a_immediately_processed_summary,1,2021-11-26,,10,0,1,0,0,0,1,,0,13,8,4,11,0,36,,56,,3,2021-11-29,1,2021-11-29,2
L08,november_2021_arm_1,ento_form_1a_immediately_processed_summary,2,2021-11-05,,10,0,0,0,0,0,0,,0,12,13,6,15,0,46,,56,,3,2021-12-15,1,2021-12-15,2
L08,december_2021_arm_1,ento_form_1a_immediately_processed_summary,1,2021-12-03,,3,0,0,0,0,0,0,,0,2,6,5,2,0,15,,26,,3,2021-12-21,1,2021-12-21,2
L08,january_2022_arm_1,ento_form_1a_immediately_processed_summary,1,2022-01-28,,2,0,0,0,0,0,0,,0,0,0,0,0,0,0,,2,,3,2022-01-31,1,2022-01-31,2
L08,january_2022_arm_1,ento_form_1a_immediately_processed_summary,2,2022-01-07,,2,0,0,0,0,0,0,,0,0,0,0,0,0,0,,14,,3,2022-01-31,1,2022-01-31,2
L08,february_2022_arm_1,ento_form_1a_immediately_processed_summary,1,2022-02-04,,6,0,0,0,0,0,0,,0,0,0,0,1,0,1,,4,,3,2022-02-16,1,2022-02-16,2
L08,february_2022_arm_1,ento_form_1a_immediately_processed_summary,2,2022-02-25,,6,0,0,0,0,0,0,,0,0,0,0,0,0,0,,4,,3,2022-02-28,1,2022-02-28,2
L08,march_2022_arm_1,ento_form_1a_immediately_processed_summary,1,2022-03-25,,4,0,0,0,0,0,0,,0,0,0,0,0,0,0,,1,,3,2022-03-30,1,2022-03-30,2
L08,march_2022_arm_1,ento_form_1a_immediately_processed_summary,2,2022-03-04,,4,0,1,0,0,0,1,,0,0,0,0,0,0,0,,2,,3,2022-03-30,1,2022-03-30,2
L08,april_2022_arm_1,ento_form_1a_immediately_processed_summary,1,2022-04-14,,7,0,0,0,0,0,0,,0,0,0,0,0,0,0,,0,,3,2022-04-26,1,2022-04-26,2
L08,may_2022_arm_1,ento_form_1a_immediately_processed_summary,1,2022-05-27,,10,0,0,0,0,0,0,,0,7,9,49,10,0,75,,15,,3,2022-06-06,1,2022-06-06,2
L08,may_2022_arm_1,ento_form_1a_immediately_processed_summary,2,2022-05-06,,10,0,0,0,0,0,0,,0,0,0,0,3,0,3,,1,,3,2022-06-06,1,2022-06-06,2
L08,june_2022_arm_1,ento_form_1a_immediately_processed_summary,1,2022-06-24,,2,0,0,0,0,0,0,,0,26,14,67,36,1,144,,33,,3,2022-07-04,1,2022-07-04,2
L08,june_2022_arm_1,ento_form_1a_immediately_processed_summary,2,2022-06-03,,2,0,0,0,0,0,0,,0,13,45,5,22,0,85,,31,,3,2022-07-04,1,2022-07-04,2
L08,july_2022_arm_1,ento_form_1a_immediately_processed_summary,1,2022-07-01,,8,0,0,0,0,0,0,,0,94,24,54,78,2,252,,324,,3,2022-07-19,1,2022-07-19,2
L08,july_2022_arm_1,ento_form_1a_immediately_processed_summary,2,2022-07-29,,8,0,0,0,0,0,0,,0,5,57,20,16,0,98,,19,,4,2022-08-04,1,2022-08-04,2
L08,august_2022_arm_1,ento_form_1a_immediately_processed_summary,1,2022-08-05,,6,0,0,0,0,0,0,,0,11,81,56,53,0,201,,32,,4,2022-08-17,1,2022-08-17,2
L08,august_2022_arm_1,ento_form_1a_immediately_processed_summary,2,2022-08-26,,6,0,0,0,0,0,0,,0,0,7,17,9,0,33,,2,,3,2022-09-01,1,2022-09-01,2
L08,september_2022_arm_1,ento_form_1a_immediately_processed_summary,1,2022-09-30,,3,0,0,0,0,0,0,,0,14,2,38,12,0,66,,20,,3,2022-10-13,1,2022-10-13,2
L08,september_2022_arm_1,ento_form_1a_immediately_processed_summary,2,2022-09-23,,3,0,0,0,0,0,0,,0,4,12,55,9,0,80,,22,,3,2022-10-13,1,2022-10-13,2
L08,september_2022_arm_1,ento_form_1a_immediately_processed_summary,3,2022-09-02,,3,0,1,0,0,0,1,,0,1,1,17,5,0,24,,2,,3,2022-10-13,1,2022-10-13,2
L08,october_2022_arm_1,ento_form_1a_immediately_processed_summary,1,2022-10-28,,7,0,0,0,0,0,0,,0,2,3,67,6,0,78,,17,,12,2022-10-28,1,2022-10-28,2
L08,october_2022_arm_1,ento_form_1a_immediately_processed_summary,2,2022-10-21,,7,0,0,0,0,0,0,,0,2,23,31,7,0,63,,4,,12,2022-10-28,1,2022-10-28,2
L08,november_2022_arm_1,ento_form_1a_immediately_processed_summary,1,2022-11-04,,2,0,0,0,0,0,0,,0,6,41,18,35,0,100,,32,,10,2022-11-04,1,2022-11-04,2
L08,november_2022_arm_1,ento_form_1a_immediately_processed_summary,2,2022-11-25,,5,0,0,0,0,0,0,,0,2,5,3,2,0,12,,13,,13,2022-11-25,1,2022-11-25,2
L08,december_2022_arm_1,ento_form_1a_immediately_processed_summary,1,2022-12-02,,9,0,0,0,0,0,0,,0,1,20,10,4,1,36,,16,,12,2022-12-05,1,2022-12-05,2
L08,december_2022_arm_1,ento_form_1a_immediately_processed_summary,2,2022-12-23,,9,0,0,0,0,0,0,,0,3,4,2,6,0,15,,10,,10,2022-12-23,1,2022-12-23,2
L09,january_2020_arm_1,ento_form_1a_immediately_processed_summary,1,2020-01-17,,6,0,0,0,0,0,0,,0,21,11,83,15,0,130,,35,,3,2020-04-08,1,2020-04-08,1
L09,january_2020_arm_1,ento_form_1a_immediately_processed_summary,2,2020-01-31,,6,0,0,0,0,0,0,,0,17,7,42,30,0,96,,116,,3,2020-04-08,1,2020-04-08,1
L09,february_2020_arm_1,ento_form_1a_immediately_processed_summary,1,2020-02-07,,2,0,0,0,0,0,0,,0,6,38,35,22,0,101,,68,,3,2020-04-17,1,2020-04-17,1
L09,february_2020_arm_1,ento_form_1a_immediately_processed_summary,2,2020-02-28,,2,0,0,0,0,0,0,,0,18,54,39,65,0,176,,78,,3,2020-04-20,1,2020-04-20,1
L09,march_2020_arm_1,ento_form_1a_immediately_processed_summary,1,2020-03-06,,4,0,1,0,0,0,1,,0,9,16,17,19,0,61,,54,,3,2020-04-28,1,2020-04-28,1
L09,march_2020_arm_1,ento_form_1a_immediately_processed_summary,2,2020-03-13,,4,0,0,0,0,0,0,,0,3,14,15,20,2,54,,63,,3,2020-04-28,1,2020-04-28,1
L09,june_2020_arm_1,ento_form_1a_immediately_processed_summary,1,2020-06-05,,3,0,0,0,0,0,0,,0,12,5,29,9,1,56,,43,,3,2020-06-05,1,2020-06-05,1
L09,june_2020_arm_1,ento_form_1a_immediately_processed_summary,2,2020-06-12,,2,0,0,0,0,0,0,,0,30,55,9,25,0,119,,29,,3,2020-06-16,1,2020-06-16,1
L09,june_2020_arm_1,ento_form_1a_immediately_processed_summary,3,2020-06-26,,3,0,0,0,0,0,0,,0,14,6,18,19,4,61,,102,,3,2020-06-30,1,2020-06-30,1
L09,july_2020_arm_1,ento_form_1a_immediately_processed_summary,1,2020-07-17,,2,0,0,0,0,0,0,,0,22,51,24,15,0,112,,20,,5,2020-07-17,1,2020-07-17,1
L09,july_2020_arm_1,ento_form_1a_immediately_processed_summary,2,2020-07-10,,8,0,0,0,0,0,0,,0,7,5,14,4,0,30,,27,,3,2020-07-28,1,2020-07-28,1
L09,july_2020_arm_1,ento_form_1a_immediately_processed_summary,3,2020-07-31,,8,0,0,0,0,0,0,,0,23,24,79,10,1,137,,21,,3,2020-07-31,1,2020-07-31,1
L09,august_2020_arm_1,ento_form_1a_immediately_processed_summary,1,2020-08-07,,5,0,0,0,0,0,0,,0,3,12,17,11,0,43,,15,,3,2020-08-31,1,2020-08-31,2
L09,august_2020_arm_1,ento_form_1a_immediately_processed_summary,2,2020-08-14,,2,0,0,0,0,0,0,,0,8,36,14,19,0,77,,19,,3,2020-08-31,1,2020-08-31,2
L09,august_2020_arm_1,ento_form_1a_immediately_processed_summary,3,2020-08-28,,5,0,0,0,0,0,0,,0,2,3,3,0,0,8,,5,,3,2020-08-31,1,2020-08-31,2
L09,september_2020_arm_1,ento_form_1a_immediately_processed_summary,1,2020-09-04,,2,0,0,0,0,0,0,,0,0,6,3,0,0,9,,2,,3,2020-09-14,1,2020-09-14,2
L09,september_2020_arm_1,ento_form_1a_immediately_processed_summary,2,2020-09-11,,7,0,0,0,0,0,0,,0,4,17,13,4,0,38,,3,,3,2020-09-15,1,2020-09-15,2
L09,september_2020_arm_1,ento_form_1a_immediately_processed_summary,3,2020-09-25,,7,0,0,0,0,0,0,,0,0,0,5,1,0,6,,1,,5,2020-09-25,1,2020-09-25,2
L09,september_2020_arm_1,ento_form_1a_immediately_processed_summary,4,2023-09-29,,6,0,0,0,0,0,0,,0,4,10,7,9,0,30,,13,,10,2023-09-29,1,2023-09-29,2
L09,october_2020_arm_1,ento_form_1a_immediately_processed_summary,1,2020-10-09,,6,0,0,0,0,0,0,,0,10,7,31,21,0,69,,41,,4,2020-10-09,1,2020-10-09,2
L09,october_2020_arm_1,ento_form_1a_immediately_processed_summary,2,2020-10-16,,6,0,0,0,0,0,0,,0,15,24,26,15,0,80,,24,,4,2020-10-21,1,2020-10-21,2
L09,october_2020_arm_1,ento_form_1a_immediately_processed_summary,3,2020-10-30,,6,0,0,0,0,0,0,,0,40,16,39,20,0,115,,45,,4,2020-10-30,1,2020-10-30,2
L09,november_2020_arm_1,ento_form_1a_immediately_processed_summary,1,2020-11-06,,4,0,0,0,0,0,0,,0,17,25,18,32,0,92,,79,,3,2020-11-18,1,2020-11-18,2
L09,november_2020_arm_1,ento_form_1a_immediately_processed_summary,2,2020-11-13,,4,0,0,0,0,0,0,,0,19,16,26,28,3,92,,82,,3,2020-11-18,1,2020-11-18,2
L09,november_2020_arm_1,ento_form_1a_immediately_processed_summary,3,2020-11-27,,4,0,0,0,0,0,0,,0,7,12,11,22,0,52,,41,,5,2020-11-27,1,2020-11-27,2
L09,december_2020_arm_1,ento_form_1a_immediately_processed_summary,1,2020-12-04,,3,0,0,0,0,0,0,,0,2,0,2,1,0,5,,5,,3,2020-12-07,1,2020-12-07,2
L09,december_2020_arm_1,ento_form_1a_immediately_processed_summary,2,2020-12-18,,3,0,0,0,0,0,0,,0,0,0,2,1,0,3,,15,,5,2020-12-18,1,2020-12-18,2
L09,january_2021_arm_1,ento_form_1a_immediately_processed_summary,1,2021-01-08,,2,0,0,0,0,0,0,,0,0,2,0,2,0,4,,8,,4,2021-02-01,1,2021-02-01,2
L09,january_2021_arm_1,ento_form_1a_immediately_processed_summary,2,2021-01-15,,2,0,0,0,0,0,0,,0,0,2,1,0,0,3,,1,,4,2021-02-01,1,2021-02-01,2
L09,january_2021_arm_1,ento_form_1a_immediately_processed_summary,3,2021-01-29,,3,0,0,0,0,0,0,,0,2,0,2,2,0,6,,1,,4,2021-02-01,1,2021-02-01,2
L09,feburary_2021_arm_1,ento_form_1a_immediately_processed_summary,1,2021-02-05,,8,0,0,0,0,0,0,,1,1,0,0,2,0,3,,5,,4,2021-03-01,1,2021-03-01,2
L09,feburary_2021_arm_1,ento_form_1a_immediately_processed_summary,2,2021-02-26,,8,0,0,0,0,0,0,,0,0,0,0,0,0,0,,1,,4,2021-03-01,1,2021-03-01,2
L09,march_2021_arm_1,ento_form_1a_immediately_processed_summary,1,2021-03-05,,7,0,1,0,4,0,5,,0,1,0,2,2,0,5,,4,,3,2021-03-28,1,2021-03-28,2
L09,march_2021_arm_1,ento_form_1a_immediately_processed_summary,2,2021-03-26,,7,0,1,0,1,0,2,,0,0,0,0,2,0,2,,0,,3,2021-03-28,1,2021-03-28,2
L09,april_2021_arm_1,ento_form_1a_immediately_processed_summary,1,2021-04-30,,9,0,0,0,0,0,0,,0,0,0,0,0,0,0,,0,,5,2021-05-11,1,2021-05-11,2
L09,may_2021_arm_1,ento_form_1a_immediately_processed_summary,1,2021-05-07,,4,2,1,1,1,0,5,,1,1,4,3,1,0,9,,0,,5,2021-05-11,1,2021-05-11,2
L09,may_2021_arm_1,ento_form_1a_immediately_processed_summary,2,2021-05-28,,3,0,1,3,1,0,5,,0,3,11,10,6,0,30,,1,,5,2021-06-08,1,2021-06-08,2
L09,june_2021_arm_1,ento_form_1a_immediately_processed_summary,1,2021-06-04,,6,0,0,0,1,0,1,,1,0,21,50,13,0,84,,22,,5,2021-06-08,1,2021-06-08,2
L09,june_2021_arm_1,ento_form_1a_immediately_processed_summary,2,2021-06-25,,2,0,0,0,4,0,4,,1,39,56,27,47,0,169,,84,,4,2021-07-01,1,2021-07-01,2
L09,july_2021_arm_1,ento_form_1a_immediately_processed_summary,1,2021-07-02,,4,0,1,0,0,0,1,,0,6,14,15,22,0,57,,31,,6,2021-07-19,1,2021-07-19,2
L09,july_2021_arm_1,ento_form_1a_immediately_processed_summary,2,2021-07-09,,9,0,0,0,2,0,2,,0,20,10,5,10,0,45,,30,,6,2021-07-22,1,2021-07-22,2
L09,july_2021_arm_1,ento_form_1a_immediately_processed_summary,3,2021-07-30,,6,0,0,0,1,0,1,,0,2,14,14,32,0,62,,52,,6,2021-08-04,1,2021-08-04,2
L09,july_2021_arm_1,ento_form_1a_immediately_processed_summary,4,2021-07-29,,3,0,0,0,0,0,0,,0,6,0,2,1,0,9,,18,,6,2021-08-04,1,2021-08-04,2
L09,august_2021_arm_1,ento_form_1a_immediately_processed_summary,1,2021-08-06,,4,0,0,0,0,0,0,,0,15,7,5,12,1,40,,69,,6,2021-08-19,1,2021-08-19,2
L09,august_2021_arm_1,ento_form_1a_immediately_processed_summary,2,2021-08-27,,5,0,0,0,0,0,0,,1,5,2,4,8,1,20,,33,,6,2021-09-01,1,2021-09-01,2
L09,september_2021_arm_1,ento_form_1a_immediately_processed_summary,1,2021-09-03,,9,0,0,0,0,0,0,,0,0,0,3,4,0,7,,4,,3,2021-10-06,1,2021-10-06,2
L09,september_2021_arm_1,ento_form_1a_immediately_processed_summary,2,2021-09-10,,9,0,0,0,0,0,0,,0,2,0,2,3,0,7,,6,,3,2021-10-07,1,2021-10-07,2
L09,october_2021_arm_1,ento_form_1a_immediately_processed_summary,1,2021-10-01,,7,0,0,0,0,0,0,,0,10,16,12,18,0,56,,25,,3,2021-10-28,1,2021-10-28,2
L09,october_2021_arm_1,ento_form_1a_immediately_processed_summary,2,2021-10-08,,7,0,0,0,0,0,0,,0,6,11,6,18,0,41,,13,,3,2021-10-28,1,2021-10-28,2
L09,october_2021_arm_1,ento_form_1a_immediately_processed_summary,3,2021-10-29,,3,0,0,0,0,0,0,,0,20,5,43,16,2,86,,110,,3,2021-10-29,1,2021-10-29,2
L09,november_2021_arm_1,ento_form_1a_immediately_processed_summary,1,2021-11-26,,10,0,0,0,0,0,0,,0,46,19,30,22,0,117,,85,,3,2021-11-29,1,2021-11-29,2
L09,november_2021_arm_1,ento_form_1a_immediately_processed_summary,2,2021-11-05,,10,0,0,0,0,0,0,,0,18,25,15,32,0,90,,76,,3,2021-12-15,1,2021-12-15,2
L09,december_2021_arm_1,ento_form_1a_immediately_processed_summary,1,2021-12-03,,4,0,0,0,0,0,0,,0,13,23,16,43,0,95,,71,,3,2021-12-21,1,2021-12-21,2
L09,january_2022_arm_1,ento_form_1a_immediately_processed_summary,1,2022-01-28,,2,0,0,0,0,0,0,,0,0,1,0,0,0,1,,2,,3,2022-01-31,1,2022-01-31,2
L09,january_2022_arm_1,ento_form_1a_immediately_processed_summary,2,2022-01-07,,2,0,0,0,0,0,0,,0,0,0,1,9,0,10,,28,,3,2022-01-31,1,2022-01-31,2
L09,february_2022_arm_1,ento_form_1a_immediately_processed_summary,1,2022-02-04,,3,0,0,0,0,0,0,,0,0,0,0,0,0,0,,1,,3,2022-02-16,1,2022-02-16,2
L09,february_2022_arm_1,ento_form_1a_immediately_processed_summary,2,2022-02-25,,6,0,0,0,0,0,0,,0,0,1,0,0,0,1,,1,,3,2022-02-28,1,2022-02-28,2
L09,march_2022_arm_1,ento_form_1a_immediately_processed_summary,1,2022-03-25,,4,0,0,0,0,0,0,,1,0,0,1,0,0,1,,1,,3,2022-03-30,1,2022-03-30,2
L09,march_2022_arm_1,ento_form_1a_immediately_processed_summary,2,2022-03-04,,4,0,0,1,0,0,1,,0,1,0,0,1,0,2,,0,,3,2022-03-30,1,2022-03-30,2
L09,april_2022_arm_1,ento_form_1a_immediately_processed_summary,1,2022-04-14,,7,0,0,0,0,0,0,,1,0,1,0,1,0,2,,0,,3,2022-04-26,1,2022-04-26,2
L09,may_2022_arm_1,ento_form_1a_immediately_processed_summary,1,2022-05-27,,10,0,0,0,0,0,0,,0,7,5,33,6,0,51,,15,,3,2022-06-06,1,2022-06-06,2
L09,may_2022_arm_1,ento_form_1a_immediately_processed_summary,2,2022-05-06,,10,0,0,0,0,0,0,,0,0,0,2,1,0,3,,0,,3,2022-06-06,1,2022-06-06,2
L09,june_2022_arm_1,ento_form_1a_immediately_processed_summary,1,2022-06-24,,2,0,0,0,0,0,0,,0,56,40,64,22,2,184,,57,,3,2022-07-04,1,2022-07-04,2
L09,june_2022_arm_1,ento_form_1a_immediately_processed_summary,2,2022-06-03,,2,0,0,0,0,0,0,,0,14,38,15,7,0,74,,22,,3,2022-07-04,1,2022-07-04,2
L09,july_2022_arm_1,ento_form_1a_immediately_processed_summary,1,2022-07-01,,8,0,0,0,0,0,0,,0,12,17,15,6,0,50,,29,,3,2022-07-19,1,2022-07-19,2
L09,july_2022_arm_1,ento_form_1a_immediately_processed_summary,2,2022-07-29,,8,0,0,0,0,0,0,,0,12,5,28,18,0,63,,40,,4,2022-08-04,1,2022-08-04,2
L09,august_2022_arm_1,ento_form_1a_immediately_processed_summary,1,2022-08-05,,6,0,0,0,0,0,0,,0,13,4,42,8,0,67,,18,,4,2022-08-17,1,2022-08-17,2
L09,august_2022_arm_1,ento_form_1a_immediately_processed_summary,2,2022-08-26,,6,0,0,0,0,0,0,,0,3,0,10,3,0,16,,4,,3,2022-09-01,1,2022-09-01,2
L09,september_2022_arm_1,ento_form_1a_immediately_processed_summary,1,2022-09-30,,3,0,0,0,0,0,0,,0,19,0,30,18,0,67,,30,,3,2022-10-13,1,2022-10-13,2
L09,september_2022_arm_1,ento_form_1a_immediately_processed_summary,2,2022-09-23,,3,0,0,0,0,0,0,,1,5,0,29,12,0,46,,11,,3,2022-10-13,1,2022-10-13,2
L09,september_2022_arm_1,ento_form_1a_immediately_processed_summary,3,2022-09-02,,3,0,0,0,0,0,0,,0,2,0,13,15,1,31,,14,,3,2022-10-13,1,2022-10-13,2
L09,october_2022_arm_1,ento_form_1a_immediately_processed_summary,1,2022-10-28,,2,0,1,0,0,0,1,,0,13,33,20,47,0,113,,79,,12,2022-10-28,1,2022-10-28,2
L09,october_2022_arm_1,ento_form_1a_immediately_processed_summary,2,2022-10-21,,7,0,0,0,0,0,0,,0,4,1,18,10,0,33,,59,,12,2022-10-28,1,2022-10-28,2
L09,november_2022_arm_1,ento_form_1a_immediately_processed_summary,1,2022-11-04,,2,0,0,0,0,0,0,,0,10,23,8,31,0,72,,45,,12,2022-11-04,1,2022-11-04,2
L09,november_2022_arm_1,ento_form_1a_immediately_processed_summary,2,2022-11-25,,5,0,0,0,1,0,1,,0,9,5,9,15,0,38,,75,,13,2022-12-01,1,2022-12-01,2
L09,december_2022_arm_1,ento_form_1a_immediately_processed_summary,1,2022-12-02,,9,0,0,0,0,0,0,,0,0,2,4,12,0,18,,36,,12,2022-12-05,1,2022-12-05,2
L09,december_2022_arm_1,ento_form_1a_immediately_processed_summary,2,2022-12-23,,9,1,0,0,0,0,1,,0,3,4,3,8,0,18,,22,,10,2022-12-23,1,2022-12-23,2
L10,january_2020_arm_1,ento_form_1a_immediately_processed_summary,1,2020-01-17,,9,0,0,0,0,0,0,,0,8,14,4,10,0,36,,40,,3,2020-04-08,1,2020-04-08,1
L10,january_2020_arm_1,ento_form_1a_immediately_processed_summary,2,2020-01-31,,9,0,0,0,0,0,0,,0,4,5,10,12,1,32,,42,,3,2020-04-08,1,2020-04-08,1
L10,february_2020_arm_1,ento_form_1a_immediately_processed_summary,1,2020-02-07,,2,0,0,0,0,0,0,,0,12,30,9,22,0,73,,164,,3,2020-04-17,1,2020-04-17,1
L10,february_2020_arm_1,ento_form_1a_immediately_processed_summary,2,2020-02-28,,2,0,0,0,0,0,0,,0,21,23,16,62,2,124,,234,,3,2020-04-20,1,2020-04-20,1
L10,march_2020_arm_1,ento_form_1a_immediately_processed_summary,1,2020-03-06,,5,0,0,0,0,0,0,,0,25,0,13,34,0,72,,215,,3,2020-04-28,1,2020-04-28,1
L10,march_2020_arm_1,ento_form_1a_immediately_processed_summary,2,2020-03-13,,8,0,0,0,0,0,0,,0,4,3,8,12,1,28,,123,,3,2020-04-28,1,2020-04-28,1
L10,june_2020_arm_1,ento_form_1a_immediately_processed_summary,1,2020-06-05,,7,0,0,0,0,0,0,,0,18,0,0,15,0,33,,80,,3,2020-06-05,1,2020-06-05,1
L10,june_2020_arm_1,ento_form_1a_immediately_processed_summary,2,2020-06-12,,2,0,0,0,0,0,0,,1,62,6,1,23,0,92,,270,,3,2020-06-16,1,2020-06-16,1
L10,june_2020_arm_1,ento_form_1a_immediately_processed_summary,3,2020-06-26,,7,0,0,0,0,0,0,,0,88,3,18,55,0,164,,169,,3,2020-06-30,1,2020-06-30,1
L10,july_2020_arm_1,ento_form_1a_immediately_processed_summary,1,2020-07-17,,2,0,0,0,0,0,0,,0,11,1,0,11,0,23,,49,,5,2020-07-17,1,2020-07-17,1
L10,july_2020_arm_1,ento_form_1a_immediately_processed_summary,2,2020-07-10,,4,0,0,0,0,0,0,,0,21,1,7,24,2,55,,147,,3,2020-07-28,1,2020-07-28,1
L10,july_2020_arm_1,ento_form_1a_immediately_processed_summary,3,2020-07-31,,4,0,0,0,0,0,0,,0,63,14,20,26,0,123,,183,,3,2020-07-31,1,2020-07-31,1
L10,august_2020_arm_1,ento_form_1a_immediately_processed_summary,1,2020-08-07,,2,1,0,0,0,0,1,,0,9,12,15,25,0,61,,135,,3,2020-08-31,1,2020-08-31,2
L10,august_2020_arm_1,ento_form_1a_immediately_processed_summary,2,2020-08-14,,2,0,0,0,0,0,0,,0,8,25,8,26,0,67,,118,,3,2020-08-31,1,2020-08-31,2
L10,august_2020_arm_1,ento_form_1a_immediately_processed_summary,3,2020-08-28,,8,0,0,0,0,0,0,,0,0,0,0,0,0,0,,4,,3,2020-09-01,1,2020-09-01,2
L11,january_2020_arm_1,ento_form_1a_immediately_processed_summary,1,2020-01-17,,9,0,0,0,0,0,0,,0,32,50,30,35,2,149,,130,,3,2020-04-08,1,2020-04-08,1
L11,january_2020_arm_1,ento_form_1a_immediately_processed_summary,2,2020-01-31,,9,0,0,0,0,0,0,,0,10,18,8,22,0,58,,112,,1,2020-04-08,1,2020-04-08,1
L11,february_2020_arm_1,ento_form_1a_immediately_processed_summary,1,2020-02-07,,3,0,0,0,0,0,0,,0,10,1,25,25,0,61,,80,,3,2020-04-17,1,2020-04-17,1
L11,february_2020_arm_1,ento_form_1a_immediately_processed_summary,2,2020-02-28,,3,0,0,0,0,0,0,,0,42,4,96,36,10,188,,248,,3,2020-04-20,1,2020-04-20,1
L11,march_2020_arm_1,ento_form_1a_immediately_processed_summary,1,2020-03-06,,5,0,1,0,0,0,1,,1,19,1,33,32,0,85,,136,,3,2020-04-28,1,2020-04-28,1
L11,march_2020_arm_1,ento_form_1a_immediately_processed_summary,2,2020-03-13,,8,0,0,0,0,0,0,,0,7,4,8,8,0,27,,51,,3,2020-04-28,1,2020-04-28,1
L11,june_2020_arm_1,ento_form_1a_immediately_processed_summary,1,2020-06-05,,7,0,0,0,0,0,0,,0,8,3,20,7,0,38,,59,,3,2020-06-05,1,2020-06-05,1
L11,june_2020_arm_1,ento_form_1a_immediately_processed_summary,2,2020-06-12,,7,0,0,0,0,0,0,,0,8,5,52,14,0,79,,19,,3,2020-06-16,1,2020-06-16,1
L11,june_2020_arm_1,ento_form_1a_immediately_processed_summary,3,2020-06-26,,7,0,0,0,0,0,0,,0,31,2,72,14,0,119,,121,,3,2020-06-30,1,2020-06-30,1
L11,july_2020_arm_1,ento_form_1a_immediately_processed_summary,1,2020-07-17,,4,0,0,0,0,0,0,,0,24,5,25,26,2,82,,141,,3,2020-07-27,1,2020-07-27,1
L11,july_2020_arm_1,ento_form_1a_immediately_processed_summary,2,2020-07-10,,4,0,0,0,0,0,0,,0,17,27,32,40,2,118,,62,,3,2020-07-28,1,2020-07-28,1
L11,july_2020_arm_1,ento_form_1a_immediately_processed_summary,3,2020-07-31,,4,0,0,0,0,0,0,,0,16,2,35,11,0,64,,24,,3,2020-07-31,1,2020-07-31,1
L11,august_2020_arm_1,ento_form_1a_immediately_processed_summary,1,2020-08-07,,2,0,0,0,0,0,0,,0,8,9,3,8,0,28,,23,,3,2020-08-31,1,2020-08-31,2
L11,august_2020_arm_1,ento_form_1a_immediately_processed_summary,2,2020-08-14,,8,0,0,0,0,0,0,,0,9,4,37,14,0,64,,45,,3,2020-08-31,1,2020-08-31,2
L11,august_2020_arm_1,ento_form_1a_immediately_processed_summary,3,2020-08-28,,8,0,0,0,0,0,0,,0,3,0,7,1,0,11,,29,,3,2020-09-01,1,2020-09-01,2
L11,september_2020_arm_1,ento_form_1a_immediately_processed_summary,1,2020-09-04,,6,0,0,0,0,0,0,,0,1,6,15,2,0,24,,14,,3,2020-09-14,1,2020-09-14,2
L11,september_2020_arm_1,ento_form_1a_immediately_processed_summary,2,2020-09-11,,6,0,0,0,0,0,0,,0,2,2,3,3,0,10,,16,,3,2020-09-15,1,2020-09-15,2
L11,september_2020_arm_1,ento_form_1a_immediately_processed_summary,3,2020-09-25,,6,0,0,0,0,0,0,,0,4,5,12,16,0,37,,17,,5,2020-09-25,1,2020-09-25,2
L11,october_2020_arm_1,ento_form_1a_immediately_processed_summary,1,2020-10-09,,6,0,0,0,0,0,0,,0,9,3,24,17,0,53,,40,,4,2020-10-09,1,2020-10-09,2
L11,october_2020_arm_1,ento_form_1a_immediately_processed_summary,2,2020-10-16,,6,0,0,0,0,0,0,,0,9,13,16,15,0,53,,52,,4,2020-10-21,1,2020-10-21,2
L11,october_2020_arm_1,ento_form_1a_immediately_processed_summary,3,2020-10-30,,3,0,0,0,0,0,0,,0,5,2,32,14,1,54,,36,,4,2020-10-30,1,2020-10-30,2
L11,november_2020_arm_1,ento_form_1a_immediately_processed_summary,1,2020-11-06,,2,0,0,0,0,0,0,,0,77,58,74,85,0,294,,324,,3,2020-11-18,1,2020-11-18,2
L11,november_2020_arm_1,ento_form_1a_immediately_processed_summary,2,2020-11-13,,4,0,0,0,0,0,0,,0,24,56,42,64,0,186,,164,,3,2020-11-18,1,2020-11-18,2
L11,november_2020_arm_1,ento_form_1a_immediately_processed_summary,3,2020-11-27,,9,0,0,0,0,0,0,,0,5,16,10,10,0,41,,66,,5,2020-11-27,1,2020-11-27,2
L11,december_2020_arm_1,ento_form_1a_immediately_processed_summary,1,2020-12-04,,5,0,0,0,0,0,0,,0,7,16,9,8,0,40,,77,,3,2020-12-07,1,2020-12-07,2
L11,december_2020_arm_1,ento_form_1a_immediately_processed_summary,2,2020-12-18,,5,0,0,0,0,0,0,,0,4,0,3,2,0,9,,32,,5,2020-12-18,1,2020-12-18,2
L11,january_2021_arm_1,ento_form_1a_immediately_processed_summary,1,2021-01-08,,2,0,0,0,0,0,0,,0,0,0,0,0,0,0,,0,,4,2021-02-01,1,2021-02-01,2
L11,january_2021_arm_1,ento_form_1a_immediately_processed_summary,2,2021-01-15,,7,0,0,0,1,0,1,,0,0,0,2,1,0,3,,3,,4,2021-02-01,1,2021-02-01,2
L11,january_2021_arm_1,ento_form_1a_immediately_processed_summary,3,2021-01-29,,7,0,0,0,0,0,0,,0,0,1,2,0,0,3,,2,,3,2021-02-02,1,2021-02-02,2
L11,feburary_2021_arm_1,ento_form_1a_immediately_processed_summary,1,2021-02-26,,4,0,0,0,0,0,0,,1,0,1,0,1,0,2,,2,,4,2021-03-01,1,2021-03-01,2
L11,feburary_2021_arm_1,ento_form_1a_immediately_processed_summary,2,2021-02-05,,4,0,0,0,0,0,0,,0,0,1,2,0,0,3,,0,,4,2021-03-01,1,2021-03-01,2
L11,march_2021_arm_1,ento_form_1a_immediately_processed_summary,1,2021-03-05,,2,0,0,0,0,0,0,,0,0,0,1,1,0,2,,5,,3,2021-03-28,1,2021-03-28,2
L11,march_2021_arm_1,ento_form_1a_immediately_processed_summary,2,2021-03-26,,2,0,0,0,0,0,0,,1,0,0,0,1,0,1,,0,,3,2021-03-28,1,2021-03-28,2
L11,april_2021_arm_1,ento_form_1a_immediately_processed_summary,1,2021-04-09,,6,0,0,0,0,0,0,,0,0,0,0,0,0,0,,0,,3,2021-04-25,1,2021-04-25,2
L11,april_2021_arm_1,ento_form_1a_immediately_processed_summary,2,2021-04-30,,6,0,0,0,0,0,0,,0,0,2,1,0,0,3,,1,,5,2021-05-11,1,2021-05-11,2
L11,may_2021_arm_1,ento_form_1a_immediately_processed_summary,1,2021-05-07,,4,0,0,0,0,0,0,,0,0,0,1,0,0,1,,1,,5,2021-05-11,1,2021-05-11,2
L11,may_2021_arm_1,ento_form_1a_immediately_processed_summary,2,2021-05-28,,9,0,0,0,1,0,1,,0,0,0,2,1,1,4,,0,,5,2021-06-08,1,2021-06-08,2
L11,june_2021_arm_1,ento_form_1a_immediately_processed_summary,1,2021-06-04,,10,0,0,0,1,0,1,,1,8,33,35,25,0,101,,9,,5,2021-06-08,1,2021-06-08,2
L11,june_2021_arm_1,ento_form_1a_immediately_processed_summary,2,2021-06-25,,10,0,1,0,0,0,1,,0,28,39,14,27,0,108,,62,,4,2021-07-01,1,2021-07-01,2
L11,july_2021_arm_1,ento_form_1a_immediately_processed_summary,1,2021-07-02,,9,0,0,0,0,0,0,,0,2,8,7,9,0,26,,40,,6,2021-07-19,1,2021-07-19,2
L11,july_2021_arm_1,ento_form_1a_immediately_processed_summary,2,2021-07-09,,3,0,0,0,0,0,0,,0,21,14,47,18,2,102,,92,,6,2021-07-22,1,2021-07-22,2
L11,july_2021_arm_1,ento_form_1a_immediately_processed_summary,3,2021-07-30,,3,0,0,0,0,0,0,,0,17,2,31,24,3,77,,49,,6,2021-08-04,1,2021-08-04,2
L11,august_2021_arm_1,ento_form_1a_immediately_processed_summary,1,2021-08-06,,7,0,0,0,0,0,0,,0,12,9,10,24,0,55,,79,,6,2021-08-19,1,2021-08-19,2
L11,august_2021_arm_1,ento_form_1a_immediately_processed_summary,2,2021-08-27,,7,1,0,0,0,0,1,,0,5,7,3,3,0,18,,29,,6,2021-09-01,1,2021-09-01,2
L11,september_2021_arm_1,ento_form_1a_immediately_processed_summary,1,2021-09-03,,5,0,0,0,0,0,0,,0,1,0,17,9,1,28,,11,,3,2021-10-06,1,2021-10-06,2
L11,september_2021_arm_1,ento_form_1a_immediately_processed_summary,2,2021-09-10,,4,0,0,0,0,0,0,,0,3,6,8,11,3,31,,14,,3,2021-10-07,1,2021-10-07,2
L11,october_2021_arm_1,ento_form_1a_immediately_processed_summary,1,2021-10-01,,10,0,0,0,0,0,0,,0,4,15,10,11,0,40,,11,,3,2021-10-28,1,2021-10-28,2
L11,october_2021_arm_1,ento_form_1a_immediately_processed_summary,2,2021-10-08,,10,0,0,0,0,0,0,,0,1,18,3,1,0,23,,1,,3,2021-10-28,1,2021-10-28,2
L11,october_2021_arm_1,ento_form_1a_immediately_processed_summary,3,2021-10-29,,10,0,0,0,0,0,0,,0,47,0,48,16,0,111,,77,,3,2021-10-29,1,2021-10-29,2
L11,november_2021_arm_1,ento_form_1a_immediately_processed_summary,1,2021-11-26,,6,0,0,0,0,0,0,,0,26,79,35,20,0,160,,62,,3,2021-11-29,1,2021-11-29,2
L11,november_2021_arm_1,ento_form_1a_immediately_processed_summary,2,2021-11-05,,6,0,0,0,0,0,0,,0,18,17,4,11,0,50,,42,,3,2021-12-15,1,2021-12-15,2
L11,december_2021_arm_1,ento_form_1a_immediately_processed_summary,1,2021-12-03,,9,0,0,0,0,0,0,,0,12,12,10,20,0,54,,42,,3,2021-12-21,1,2021-12-21,2
L11,january_2022_arm_1,ento_form_1a_immediately_processed_summary,1,2022-01-28,,10,0,0,0,0,0,0,,0,3,3,1,4,0,11,,22,,3,2022-01-31,1,2022-01-31,2
L11,january_2022_arm_1,ento_form_1a_immediately_processed_summary,2,2022-01-07,,10,0,0,0,0,0,0,,0,0,0,0,12,0,12,,54,,3,2022-01-31,1,2022-01-31,2
L11,february_2022_arm_1,ento_form_1a_immediately_processed_summary,1,2022-02-04,,3,0,0,0,0,0,0,,0,0,0,0,3,1,4,,3,,3,2022-02-16,1,2022-02-16,2
L11,february_2022_arm_1,ento_form_1a_immediately_processed_summary,2,2022-02-25,,4,0,0,0,0,0,0,,0,0,0,0,2,0,2,,1,,3,2022-02-28,1,2022-02-28,2
L11,march_2022_arm_1,ento_form_1a_immediately_processed_summary,1,2022-03-25,,7,0,0,0,1,0,1,,0,0,0,0,0,0,0,,0,,3,2022-03-30,1,2022-03-30,2
L11,march_2022_arm_1,ento_form_1a_immediately_processed_summary,2,2022-03-04,,7,0,0,0,1,0,1,,1,0,3,0,1,0,4,,4,,3,2022-03-30,1,2022-03-30,2
L11,april_2022_arm_1,ento_form_1a_immediately_processed_summary,1,2022-04-14,,2,0,0,0,0,0,0,,0,0,0,1,0,0,1,,0,,3,2022-04-26,1,2022-04-26,2
L11,may_2022_arm_1,ento_form_1a_immediately_processed_summary,1,2022-05-27,,9,0,0,0,0,0,0,,0,3,0,7,3,0,13,,6,,3,2022-06-06,1,2022-06-06,2
L11,may_2022_arm_1,ento_form_1a_immediately_processed_summary,2,2022-05-06,,8,0,0,0,0,0,0,,0,0,1,0,1,0,2,,1,,3,2022-06-06,1,2022-06-06,2
L11,june_2022_arm_1,ento_form_1a_immediately_processed_summary,1,2022-06-24,,8,0,0,0,0,0,0,,0,63,72,28,11,0,174,,44,,3,2022-07-04,1,2022-07-04,2
L11,june_2022_arm_1,ento_form_1a_immediately_processed_summary,2,2022-06-03,,8,0,0,0,0,0,0,,0,11,38,20,12,2,83,,7,,3,2022-07-04,1,2022-07-04,2
L11,july_2022_arm_1,ento_form_1a_immediately_processed_summary,1,2022-07-01,,3,0,0,0,0,0,0,,0,78,30,84,17,0,209,,63,,3,2022-07-19,1,2022-07-19,2
L11,july_2022_arm_1,ento_form_1a_immediately_processed_summary,2,2022-07-29,,3,0,1,0,1,0,2,,0,14,19,28,21,5,87,,45,,4,2022-08-04,1,2022-08-04,2
L11,august_2022_arm_1,ento_form_1a_immediately_processed_summary,1,2022-08-05,,9,0,0,0,0,0,0,,1,1,22,24,24,0,71,,41,,4,2022-08-17,1,2022-08-17,2
L11,august_2022_arm_1,ento_form_1a_immediately_processed_summary,2,2022-08-26,,7,0,0,0,0,0,0,,0,5,6,16,7,0,34,,11,,3,2022-09-01,1,2022-09-01,2
L11,september_2022_arm_1,ento_form_1a_immediately_processed_summary,1,2022-09-30,,7,0,0,0,0,0,0,,0,8,12,38,32,0,90,,82,,3,2022-10-13,1,2022-10-13,2
L11,september_2022_arm_1,ento_form_1a_immediately_processed_summary,2,2022-09-23,,4,0,0,0,0,0,0,,0,7,10,8,17,0,42,,19,,3,2022-10-13,1,2022-10-13,2
L11,september_2022_arm_1,ento_form_1a_immediately_processed_summary,3,2022-09-02,,4,0,0,0,0,0,0,,0,4,7,5,10,1,27,,26,,3,2022-10-14,1,2022-10-14,2
L11,october_2022_arm_1,ento_form_1a_immediately_processed_summary,1,2022-10-28,,5,0,0,0,0,0,0,,0,39,26,44,35,0,144,,118,,12,2022-10-28,1,2022-10-28,2
L11,october_2022_arm_1,ento_form_1a_immediately_processed_summary,2,2022-10-21,,5,0,0,0,0,0,0,,0,24,16,22,17,2,81,,78,,12,2022-10-28,1,2022-10-28,2
L11,november_2022_arm_1,ento_form_1a_immediately_processed_summary,1,2022-11-04,,6,0,0,0,0,0,0,,0,36,46,20,48,0,150,,120,,12,2022-11-04,1,2022-11-04,2
L11,november_2022_arm_1,ento_form_1a_immediately_processed_summary,2,2022-11-25,,6,0,0,0,0,0,0,,0,7,15,19,15,0,56,,76,,13,2022-11-29,1,2022-11-29,2
L11,december_2022_arm_1,ento_form_1a_immediately_processed_summary,1,2022-12-02,,2,0,0,0,0,0,0,,0,5,19,7,7,0,38,,47,,12,2022-12-05,1,2022-12-05,2
L11,december_2022_arm_1,ento_form_1a_immediately_processed_summary,2,2022-12-23,,7,0,0,0,0,0,0,,0,0,1,2,1,0,4,,2,,10,2022-12-23,1,2022-12-23,2
L12,january_2020_arm_1,ento_form_1a_immediately_processed_summary,1,2020-01-17,,9,0,0,0,0,0,0,,1,18,21,14,8,0,61,,110,,3,2020-04-08,1,2020-04-08,1
L12,january_2020_arm_1,ento_form_1a_immediately_processed_summary,2,2020-01-31,,9,0,0,0,0,0,0,,0,16,15,9,21,2,63,,91,,3,2020-04-08,1,2020-04-08,1
L12,february_2020_arm_1,ento_form_1a_immediately_processed_summary,1,2020-02-07,,3,0,0,0,0,0,0,,0,19,2,22,14,0,57,,142,,3,2020-04-17,1,2020-04-17,1
L12,february_2020_arm_1,ento_form_1a_immediately_processed_summary,2,2020-02-28,,3,0,0,0,0,0,0,,0,52,6,47,36,5,146,,220,,3,2020-04-20,1,2020-04-20,1
L12,march_2020_arm_1,ento_form_1a_immediately_processed_summary,1,2020-03-06,,5,0,0,0,0,0,0,,0,45,11,41,24,0,121,,249,,3,2020-04-28,1,2020-04-28,1
L12,march_2020_arm_1,ento_form_1a_immediately_processed_summary,2,2020-03-13,,8,0,0,0,0,0,0,,0,3,9,15,15,0,42,,74,,3,2020-04-28,1,2020-04-28,1
L12,june_2020_arm_1,ento_form_1a_immediately_processed_summary,1,2020-06-05,,7,0,0,0,0,0,0,,0,60,9,44,63,0,176,,282,,3,2020-06-05,1,2020-06-05,1
L12,june_2020_arm_1,ento_form_1a_immediately_processed_summary,2,2020-06-12,,7,0,0,0,0,0,0,,0,26,13,118,25,0,182,,196,,3,2020-06-16,1,2020-06-16,1
L12,june_2020_arm_1,ento_form_1a_immediately_processed_summary,3,2020-06-26,,7,0,0,0,0,0,0,,0,22,16,48,7,0,93,,24,,3,2020-06-30,1,2020-06-30,1
L12,july_2020_arm_1,ento_form_1a_immediately_processed_summary,1,2020-07-17,,4,0,0,0,0,0,0,,0,18,24,14,41,10,107,,172,,3,2020-07-27,1,2020-07-27,1
L12,july_2020_arm_1,ento_form_1a_immediately_processed_summary,2,2020-07-10,,4,0,0,0,0,0,0,,0,19,34,34,53,2,142,,151,,3,2020-07-28,1,2020-07-28,1
L12,july_2020_arm_1,ento_form_1a_immediately_processed_summary,3,2020-07-31,,4,0,0,0,0,0,0,,0,6,29,13,20,1,69,,46,,3,2020-07-31,1,2020-07-31,1
L12,august_2020_arm_1,ento_form_1a_immediately_processed_summary,1,2020-08-07,,2,0,0,0,0,0,0,,0,5,36,12,34,0,87,,73,,3,2020-08-31,1,2020-08-31,2
L12,august_2020_arm_1,ento_form_1a_immediately_processed_summary,2,2020-08-14,,8,0,0,0,0,0,0,,0,6,14,31,18,1,70,,79,,3,2020-08-31,1,2020-08-31,2
L12,august_2020_arm_1,ento_form_1a_immediately_processed_summary,3,2020-08-28,,8,0,0,0,0,0,0,,0,0,0,1,1,0,2,,8,,3,2020-09-01,1,2020-09-01,2
L12,september_2020_arm_1,ento_form_1a_immediately_processed_summary,1,2020-09-04,,6,0,0,0,0,0,0,,0,1,1,7,0,0,9,,6,,3,2020-09-14,1,2020-09-14,2
L12,september_2020_arm_1,ento_form_1a_immediately_processed_summary,2,2020-09-11,,6,0,0,0,0,0,0,,0,3,7,4,2,0,16,,9,,3,2020-09-15,1,2020-09-15,2
L12,september_2020_arm_1,ento_form_1a_immediately_processed_summary,3,2020-09-25,,6,0,0,0,0,0,0,,0,3,3,9,3,0,18,,7,,5,2020-09-25,1,2020-09-25,2
L12,october_2020_arm_1,ento_form_1a_immediately_processed_summary,1,2020-10-09,,3,0,0,0,0,0,0,,0,10,10,31,16,2,69,,65,,4,2020-10-09,1,2020-10-09,2
L12,october_2020_arm_1,ento_form_1a_immediately_processed_summary,2,2020-10-16,,3,0,0,0,0,0,0,,0,13,3,57,8,2,83,,51,,4,2020-10-21,1,2020-10-21,2
L12,october_2020_arm_1,ento_form_1a_immediately_processed_summary,3,2020-10-30,,3,0,0,0,0,0,0,,0,20,7,32,33,4,96,,92,,4,2020-10-30,1,2020-10-30,2
L12,november_2020_arm_1,ento_form_1a_immediately_processed_summary,1,2020-11-06,,2,0,0,0,0,0,0,,0,95,81,33,94,1,304,,281,,3,2020-11-18,1,2020-11-18,2
L12,november_2020_arm_1,ento_form_1a_immediately_processed_summary,2,2020-11-13,,9,0,0,0,0,0,0,,0,12,68,50,30,0,160,,36,,3,2020-11-18,1,2020-11-18,2
L12,november_2020_arm_1,ento_form_1a_immediately_processed_summary,3,2020-11-27,,9,0,0,0,0,0,0,,0,10,18,16,14,1,59,,96,,5,2020-11-27,1,2020-11-27,2
L12,december_2020_arm_1,ento_form_1a_immediately_processed_summary,1,2020-12-04,,5,0,0,0,0,0,0,,0,23,10,12,23,0,68,,163,,3,2020-12-07,1,2020-12-07,2
L12,december_2020_arm_1,ento_form_1a_immediately_processed_summary,2,2020-12-18,,5,0,0,0,0,0,0,,0,1,5,5,11,1,23,,67,,5,2020-12-18,1,2020-12-18,2
L12,january_2021_arm_1,ento_form_1a_immediately_processed_summary,1,2021-01-08,,7,0,0,0,0,0,0,,0,0,1,0,0,0,1,,9,,4,2021-02-01,1,2021-02-01,2
L12,january_2021_arm_1,ento_form_1a_immediately_processed_summary,2,2021-01-15,,7,0,0,1,0,0,1,,0,0,0,2,5,0,7,,8,,4,2021-02-01,1,2021-02-01,2
L12,january_2021_arm_1,ento_form_1a_immediately_processed_summary,3,2021-01-29,,7,0,0,0,1,0,1,,0,0,1,2,0,0,3,,4,,3,2021-02-02,1,2021-02-02,2
L12,feburary_2021_arm_1,ento_form_1a_immediately_processed_summary,1,2021-02-05,,4,0,0,0,0,0,0,,0,1,0,0,1,0,2,,11,,4,2021-03-01,1,2021-03-01,2
L12,feburary_2021_arm_1,ento_form_1a_immediately_processed_summary,2,2021-02-26,,4,0,1,0,1,0,2,,0,0,0,0,0,0,0,,0,,4,2021-03-01,1,2021-03-01,2
L12,march_2021_arm_1,ento_form_1a_immediately_processed_summary,1,2021-03-05,,2,0,0,0,0,0,0,,0,0,0,0,0,0,0,,0,,3,2021-03-28,1,2021-03-28,2
L12,march_2021_arm_1,ento_form_1a_immediately_processed_summary,2,2021-03-26,,2,0,0,0,2,0,2,,0,0,0,0,0,0,0,,0,,3,2021-03-28,1,2021-03-28,2
L12,april_2021_arm_1,ento_form_1a_immediately_processed_summary,1,2021-04-09,,6,0,1,0,1,0,2,,0,0,0,0,0,0,0,,0,,3,2021-04-25,1,2021-04-25,2
L12,april_2021_arm_1,ento_form_1a_immediately_processed_summary,2,2021-04-30,,6,0,0,0,0,0,0,,1,0,1,0,0,0,1,,1,,5,2021-05-11,1,2021-05-11,2
L12,may_2021_arm_1,ento_form_1a_immediately_processed_summary,1,2021-05-07,,9,0,0,0,0,0,0,,0,0,0,0,0,0,0,,0,,5,2021-05-11,1,2021-05-11,2
L12,may_2021_arm_1,ento_form_1a_immediately_processed_summary,2,2021-05-28,,9,0,0,0,0,0,0,,0,3,1,2,2,0,8,,5,,5,2021-06-08,1,2021-06-08,2
L12,june_2021_arm_1,ento_form_1a_immediately_processed_summary,1,2021-06-04,,10,0,1,1,1,0,3,,2,32,1,40,18,4,95,,46,,5,2021-06-08,1,2021-06-08,2
L12,june_2021_arm_1,ento_form_1a_immediately_processed_summary,2,2021-06-25,,10,1,0,0,0,0,1,,0,34,17,12,25,1,89,,182,,4,2021-07-01,1,2021-07-01,2
L12,july_2021_arm_1,ento_form_1a_immediately_processed_summary,1,2021-07-02,,9,0,0,0,0,0,0,,0,0,6,2,3,0,11,,16,,6,2021-07-19,1,2021-07-19,2
L12,july_2021_arm_1,ento_form_1a_immediately_processed_summary,2,2021-07-09,,3,0,0,0,0,0,0,,0,14,0,34,8,0,56,,38,,6,2021-07-22,1,2021-07-22,2
L12,july_2021_arm_1,ento_form_1a_immediately_processed_summary,3,2021-07-30,,3,0,0,0,0,0,0,,0,32,5,19,21,4,81,,72,,6,2021-08-04,1,2021-08-04,2
L12,august_2021_arm_1,ento_form_1a_immediately_processed_summary,1,2021-08-06,,7,0,0,1,0,0,1,,7,39,27,40,42,0,148,,472,,6,2021-08-19,1,2021-08-19,2
L12,august_2021_arm_1,ento_form_1a_immediately_processed_summary,2,2021-08-27,,7,0,3,0,0,0,3,,1,8,9,3,17,0,37,,118,,6,2021-09-01,1,2021-09-01,2
L12,september_2021_arm_1,ento_form_1a_immediately_processed_summary,1,2021-09-03,,5,0,0,0,0,0,0,,0,0,1,3,2,0,6,,2,,3,2021-10-06,1,2021-10-06,2
L12,september_2021_arm_1,ento_form_1a_immediately_processed_summary,2,2021-09-10,,4,0,0,0,1,0,1,,0,8,0,13,19,1,41,,58,,3,2021-10-07,1,2021-10-07,2
L12,october_2021_arm_1,ento_form_1a_immediately_processed_summary,1,2021-10-01,,10,0,0,0,0,0,0,,0,2,3,2,1,0,8,,7,,3,2021-10-28,1,2021-10-28,2
L12,october_2021_arm_1,ento_form_1a_immediately_processed_summary,2,2021-10-08,,10,0,0,0,0,0,0,,0,28,29,17,28,0,102,,78,,3,2021-10-28,1,2021-10-28,2
L12,october_2021_arm_1,ento_form_1a_immediately_processed_summary,3,2021-10-29,,10,0,0,0,0,0,0,,0,51,68,69,22,4,214,,221,,3,2021-10-29,1,2021-10-29,2
L12,november_2021_arm_1,ento_form_1a_immediately_processed_summary,1,2021-11-26,,6,0,0,0,0,0,0,,0,65,48,40,52,0,205,,297,,3,2021-11-29,1,2021-11-29,2
L12,november_2021_arm_1,ento_form_1a_immediately_processed_summary,2,2021-11-05,,6,0,0,0,0,0,0,,0,33,43,22,38,0,136,,247,,3,2021-12-02,1,2021-12-02,2
L12,december_2021_arm_1,ento_form_1a_immediately_processed_summary,1,2021-12-03,,9,0,0,0,0,0,0,,0,20,25,10,36,0,91,,120,,3,2021-12-21,1,2021-12-21,2
L12,january_2022_arm_1,ento_form_1a_immediately_processed_summary,1,2022-01-28,,10,0,1,0,0,0,1,,0,1,0,2,3,1,7,,20,,3,2022-01-31,1,2022-01-31,2
L12,january_2022_arm_1,ento_form_1a_immediately_processed_summary,2,2022-01-07,,10,0,0,0,0,0,0,,0,5,4,7,7,0,23,,72,,3,2022-01-31,1,2022-01-31,2
L12,february_2022_arm_1,ento_form_1a_immediately_processed_summary,1,2022-02-04,,4,0,1,0,2,0,3,,0,0,1,2,2,0,5,,15,,3,2022-02-16,1,2022-02-16,2
L12,february_2022_arm_1,ento_form_1a_immediately_processed_summary,2,2022-02-25,,4,0,0,0,1,0,1,,0,0,0,1,0,1,2,,30,,3,2022-02-28,1,2022-02-28,2
L12,march_2022_arm_1,ento_form_1a_immediately_processed_summary,1,2022-03-25,,7,0,1,0,1,0,2,,0,0,0,0,0,0,0,,2,,3,2022-03-30,1,2022-03-30,2
L12,march_2022_arm_1,ento_form_1a_immediately_processed_summary,2,2022-03-04,,7,0,0,1,0,0,1,,0,2,2,0,1,0,5,,17,,3,2022-03-30,1,2022-03-30,2
L12,april_2022_arm_1,ento_form_1a_immediately_processed_summary,1,2022-04-14,,2,0,0,1,0,0,1,,0,2,0,0,2,0,4,,2,,3,2022-04-26,1,2022-04-26,2
L12,may_2022_arm_1,ento_form_1a_immediately_processed_summary,1,2022-05-27,,9,0,0,1,0,0,1,,0,3,3,5,8,1,20,,16,,3,2022-06-06,1,2022-06-06,2
L12,may_2022_arm_1,ento_form_1a_immediately_processed_summary,2,2022-05-06,,9,0,0,0,0,0,0,,0,1,0,0,1,0,2,,1,,3,2022-06-06,1,2022-06-06,2
L12,june_2022_arm_1,ento_form_1a_immediately_processed_summary,1,2022-06-24,,8,0,0,0,0,0,0,,0,98,29,51,61,4,243,,330,,3,2022-07-04,1,2022-07-04,2
L12,june_2022_arm_1,ento_form_1a_immediately_processed_summary,2,2022-06-03,,8,0,0,0,0,0,0,,0,3,22,3,6,0,34,,4,,3,2022-07-04,1,2022-07-04,2
L12,july_2022_arm_1,ento_form_1a_immediately_processed_summary,1,2022-07-01,,3,0,0,0,0,0,0,,0,106,27,35,48,0,216,,330,,3,2022-07-19,1,2022-07-19,2
L12,july_2022_arm_1,ento_form_1a_immediately_processed_summary,2,2022-07-29,,3,0,0,0,0,0,0,,2,74,1,48,75,9,207,,558,,4,2022-08-04,1,2022-08-04,2
L12,august_2022_arm_1,ento_form_1a_immediately_processed_summary,1,2022-08-05,,9,0,0,0,0,0,0,,0,26,17,18,36,0,97,,397,,4,2022-08-17,1,2022-08-17,2
L12,august_2022_arm_1,ento_form_1a_immediately_processed_summary,2,2022-08-26,,7,0,0,0,0,0,0,,0,22,5,14,24,3,68,,126,,3,2022-09-01,1,2022-09-01,2
L12,september_2022_arm_1,ento_form_1a_immediately_processed_summary,1,2022-09-30,,7,0,0,0,1,0,1,,0,32,4,12,40,0,88,,270,,3,2022-10-13,1,2022-10-13,2
L12,september_2022_arm_1,ento_form_1a_immediately_processed_summary,2,2022-09-23,,4,0,0,0,0,0,0,,0,19,10,18,33,2,82,,160,,3,2022-10-13,1,2022-10-13,2
L12,september_2022_arm_1,ento_form_1a_immediately_processed_summary,3,2022-09-02,,4,0,0,0,0,0,0,,0,8,5,10,13,0,36,,87,,3,2022-10-14,1,2022-10-14,2
L12,october_2022_arm_1,ento_form_1a_immediately_processed_summary,1,2022-10-28,,5,0,0,0,0,0,0,,0,46,19,25,55,0,145,,521,,12,2022-10-28,1,2022-10-28,2
L12,october_2022_arm_1,ento_form_1a_immediately_processed_summary,2,2022-10-21,,5,0,0,0,0,0,0,,0,78,8,13,23,3,125,,449,,12,2022-10-28,1,2022-10-28,2
L12,november_2022_arm_1,ento_form_1a_immediately_processed_summary,1,2022-11-04,,6,0,1,0,2,0,3,,0,50,29,27,56,0,162,,656,,12,2022-11-04,1,2022-11-04,2
L12,november_2022_arm_1,ento_form_1a_immediately_processed_summary,2,2022-11-25,,6,0,1,0,0,0,1,,0,4,5,9,23,0,41,,164,,13,2022-11-29,1,2022-11-29,2
L12,december_2022_arm_1,ento_form_1a_immediately_processed_summary,1,2022-12-02,,2,0,0,0,0,0,0,,0,6,5,2,6,0,19,,96,,12,2022-12-05,1,2022-12-05,2
L12,december_2022_arm_1,ento_form_1a_immediately_processed_summary,2,2022-12-23,,7,0,0,0,1,0,1,,1,4,7,16,38,0,65,,212,,3,2023-02-03,1,2023-02-03,2
L13,january_2020_arm_1,ento_form_1a_immediately_processed_summary,1,2020-01-17,,8,0,0,0,0,0,0,,0,110,12,54,46,2,224,,388,,3,2020-04-08,1,2020-04-08,1
L13,january_2020_arm_1,ento_form_1a_immediately_processed_summary,2,2020-01-31,,8,0,0,0,0,0,0,,0,51,2,64,40,0,157,,255,,3,2020-04-08,1,2020-04-08,1
L13,february_2020_arm_1,ento_form_1a_immediately_processed_summary,1,2020-02-07,,4,0,0,0,0,0,0,,0,72,1,22,37,0,132,,203,,3,2020-04-17,1,2020-04-17,1
L13,february_2020_arm_1,ento_form_1a_immediately_processed_summary,2,2020-02-28,,4,0,0,0,0,0,0,,0,150,25,47,130,4,356,,1002,,3,2020-04-20,1,2020-04-20,1
L13,march_2020_arm_1,ento_form_1a_immediately_processed_summary,1,2020-03-06,,3,0,0,0,0,0,0,,0,373,14,111,81,16,595,,2769,,3,2020-04-28,1,2020-04-28,1
L13,march_2020_arm_1,ento_form_1a_immediately_processed_summary,2,2020-03-13,,3,0,0,0,0,0,0,,0,165,0,85,137,4,391,,1329,,3,2020-04-28,1,2020-04-28,1
L13,june_2020_arm_1,ento_form_1a_immediately_processed_summary,1,2020-06-05,,6,0,0,0,0,0,0,,0,107,12,69,81,0,269,,373,,3,2020-06-05,1,2020-06-05,1
L13,june_2020_arm_1,ento_form_1a_immediately_processed_summary,2,2020-06-12,,6,0,0,0,0,0,0,,0,52,9,43,47,0,151,,226,,3,2020-06-16,1,2020-06-16,1
L13,june_2020_arm_1,ento_form_1a_immediately_processed_summary,3,2020-06-26,,6,0,0,0,0,0,0,,0,21,24,35,51,0,131,,123,,3,2020-06-30,1,2020-06-30,1
L13,july_2020_arm_1,ento_form_1a_immediately_processed_summary,1,2020-07-17,,5,0,0,0,0,0,0,,0,44,29,120,48,2,243,,201,,4,2020-07-17,1,2020-07-17,1
L13,july_2020_arm_1,ento_form_1a_immediately_processed_summary,2,2020-07-10,,5,0,0,0,0,0,0,,0,103,18,73,64,0,258,,387,,3,2020-07-28,1,2020-07-28,1
L13,july_2020_arm_1,ento_form_1a_immediately_processed_summary,3,2020-07-31,,5,0,0,0,0,0,0,,0,119,19,58,58,0,254,,293,,3,2020-07-31,1,2020-07-31,1
L13,august_2020_arm_1,ento_form_1a_immediately_processed_summary,1,2020-08-07,,7,0,0,0,0,0,0,,0,21,17,11,25,0,74,,93,,3,2020-08-31,1,2020-08-31,2
L13,august_2020_arm_1,ento_form_1a_immediately_processed_summary,2,2020-08-14,,7,0,0,0,0,0,0,,0,67,19,29,49,0,164,,222,,3,2020-08-31,1,2020-08-31,2
L13,august_2020_arm_1,ento_form_1a_immediately_processed_summary,3,2020-08-28,,7,0,0,0,0,0,0,,1,2,0,1,5,0,8,,30,,3,2020-09-01,1,2020-09-01,2
L13,september_2020_arm_1,ento_form_1a_immediately_processed_summary,1,2020-09-04,,9,0,0,0,0,0,0,,0,8,10,20,15,0,53,,30,,3,2020-09-14,1,2020-09-14,2
L13,september_2020_arm_1,ento_form_1a_immediately_processed_summary,2,2020-09-11,,9,0,0,0,0,0,0,,0,5,8,7,10,0,30,,20,,3,2020-09-15,1,2020-09-15,2
L13,september_2020_arm_1,ento_form_1a_immediately_processed_summary,3,2020-09-25,,9,0,0,0,0,0,0,,1,6,5,4,8,0,23,,10,,5,2020-09-25,1,2020-09-25,2
L13,october_2020_arm_1,ento_form_1a_immediately_processed_summary,1,2020-10-09,,8,0,0,0,0,0,0,,0,41,8,24,29,1,103,,120,,4,2020-10-09,1,2020-10-09,2
L13,october_2020_arm_1,ento_form_1a_immediately_processed_summary,2,2020-10-16,,8,1,0,0,0,0,1,,0,38,1,26,35,4,104,,158,,3,2020-10-21,1,2020-10-21,2
L13,october_2020_arm_1,ento_form_1a_immediately_processed_summary,3,2020-10-30,,8,0,0,0,0,0,0,,0,31,18,36,22,0,107,,128,,4,2020-10-30,1,2020-10-30,2
L13,november_2020_arm_1,ento_form_1a_immediately_processed_summary,1,2020-11-06,,5,0,0,0,0,0,0,,0,83,54,37,104,1,279,,245,,3,2020-11-18,1,2020-11-18,2
L13,november_2020_arm_1,ento_form_1a_immediately_processed_summary,2,2020-11-13,,5,0,0,0,0,0,0,,0,70,26,50,72,0,218,,276,,3,2020-11-18,1,2020-11-18,2
L13,november_2020_arm_1,ento_form_1a_immediately_processed_summary,3,2020-11-27,,5,0,0,0,0,0,0,,0,28,43,33,36,0,140,,251,,5,2020-11-27,1,2020-11-27,2
L13,december_2020_arm_1,ento_form_1a_immediately_processed_summary,1,2020-12-04,,4,0,0,0,0,0,0,,0,11,3,9,21,0,44,,88,,3,2020-12-07,1,2020-12-07,2
L13,december_2020_arm_1,ento_form_1a_immediately_processed_summary,2,2020-12-18,,4,0,0,0,0,0,0,,0,2,0,2,11,0,15,,61,,5,2020-12-18,1,2020-12-18,2
L13,january_2021_arm_1,ento_form_1a_immediately_processed_summary,1,2021-01-08,,6,0,0,0,0,0,0,,0,0,0,0,0,0,0,,2,,4,2021-02-01,1,2021-02-01,2
L13,january_2021_arm_1,ento_form_1a_immediately_processed_summary,2,2021-01-15,,6,0,1,0,0,0,1,,0,0,0,1,0,0,1,,9,,4,2021-02-01,1,2021-02-01,2
L13,january_2021_arm_1,ento_form_1a_immediately_processed_summary,3,2021-01-29,,6,0,0,0,0,0,0,,0,0,0,0,0,0,0,,0,,4,2021-02-01,1,2021-02-01,2
L13,feburary_2021_arm_1,ento_form_1a_immediately_processed_summary,1,2021-02-26,,2,0,0,0,0,0,0,,0,0,0,0,0,0,0,,0,,4,2021-03-01,1,2021-03-01,2
L13,feburary_2021_arm_1,ento_form_1a_immediately_processed_summary,2,2021-02-26,,2,0,0,0,0,0,0,,0,0,0,0,1,0,1,,1,,4,2021-03-01,1,2021-03-01,2
L13,march_2021_arm_1,ento_form_1a_immediately_processed_summary,1,2021-03-05,,8,0,0,0,0,0,0,,0,0,0,0,0,0,0,,4,,3,2021-03-28,1,2021-03-28,2
L13,march_2021_arm_1,ento_form_1a_immediately_processed_summary,2,2021-03-26,,8,0,0,0,0,0,0,,1,0,0,0,0,0,0,,1,,3,2021-03-28,1,2021-03-28,2
L13,april_2021_arm_1,ento_form_1a_immediately_processed_summary,1,2021-04-09,,4,0,0,0,0,0,0,,2,0,0,0,0,0,0,,0,,3,2021-04-25,1,2021-04-25,2
L13,april_2021_arm_1,ento_form_1a_immediately_processed_summary,2,2021-04-30,,5,0,0,0,0,0,0,,0,3,4,1,3,0,11,,5,,5,2021-05-11,1,2021-05-11,2
L13,may_2021_arm_1,ento_form_1a_immediately_processed_summary,1,2021-05-07,,6,0,1,0,1,0,2,,0,0,2,0,1,0,3,,3,,5,2021-05-11,1,2021-05-11,2
L13,may_2021_arm_1,ento_form_1a_immediately_processed_summary,2,2021-05-28,,6,0,0,0,0,0,0,,0,5,25,5,14,0,49,,0,,5,2021-06-24,1,2021-06-24,2
L13,june_2021_arm_1,ento_form_1a_immediately_processed_summary,1,2021-06-04,,4,0,1,0,1,0,2,,3,42,15,22,22,0,101,,110,,5,2021-06-08,1,2021-06-08,2
L13,june_2021_arm_1,ento_form_1a_immediately_processed_summary,2,2021-06-25,,4,0,0,0,0,0,0,,1,70,41,31,61,0,203,,258,,4,2021-07-01,1,2021-07-01,2
L13,july_2021_arm_1,ento_form_1a_immediately_processed_summary,1,2021-07-02,,7,0,0,0,0,0,0,,2,64,7,48,42,0,161,,257,,6,2021-07-19,1,2021-07-19,2
L13,july_2021_arm_1,ento_form_1a_immediately_processed_summary,2,2021-07-09,,7,0,0,0,0,0,0,,0,34,6,19,9,0,68,,137,,6,2021-07-22,1,2021-07-22,2
L13,july_2021_arm_1,ento_form_1a_immediately_processed_summary,3,2021-07-30,,4,0,0,0,0,0,0,,1,40,5,12,17,3,77,,148,,6,2021-08-04,1,2021-08-04,2
L13,august_2021_arm_1,ento_form_1a_immediately_processed_summary,1,2021-08-27,,3,0,0,0,0,0,0,,0,4,2,0,0,1,7,,17,,6,2021-09-01,1,2021-09-01,2
L13,september_2021_arm_1,ento_form_1a_immediately_processed_summary,1,2021-09-03,,6,0,0,0,0,0,0,,0,3,1,0,4,0,8,,6,,3,2021-10-06,1,2021-10-06,2
L13,september_2021_arm_1,ento_form_1a_immediately_processed_summary,2,2021-09-10,,6,0,0,0,0,0,0,,0,7,0,12,6,0,25,,25,,3,2021-10-07,1,2021-10-07,2
L13,october_2021_arm_1,ento_form_1a_immediately_processed_summary,1,2021-10-01,,3,0,0,0,0,0,0,,0,1,6,0,0,0,7,,5,,3,2021-10-28,1,2021-10-28,2
L13,october_2021_arm_1,ento_form_1a_immediately_processed_summary,2,2021-10-08,,4,0,0,0,0,0,0,,0,22,7,6,10,0,45,,35,,3,2021-10-28,1,2021-10-28,2
L13,october_2021_arm_1,ento_form_1a_immediately_processed_summary,3,2021-10-29,,2,0,0,0,0,0,0,,0,23,8,9,19,0,59,,92,,3,2021-10-29,1,2021-10-29,2
L13,november_2021_arm_1,ento_form_1a_immediately_processed_summary,1,2021-11-26,,9,0,0,0,0,0,0,,0,8,1,4,7,0,20,,12,,3,2021-11-29,1,2021-11-29,2
L13,november_2021_arm_1,ento_form_1a_immediately_processed_summary,2,2021-11-05,,9,0,0,0,0,0,0,,0,14,3,4,8,0,29,,25,,3,2021-12-15,1,2021-12-15,2
L13,december_2021_arm_1,ento_form_1a_immediately_processed_summary,1,2021-12-03,,6,0,0,0,0,0,0,,0,46,20,6,22,0,94,,162,,3,2021-12-21,1,2021-12-21,2
L13,january_2022_arm_1,ento_form_1a_immediately_processed_summary,1,2022-01-28,,4,0,0,1,0,0,1,,0,0,0,1,2,0,3,,4,,3,2022-01-31,1,2022-01-31,2
L13,january_2022_arm_1,ento_form_1a_immediately_processed_summary,2,2022-01-07,,4,0,0,0,0,0,0,,0,0,1,3,4,0,8,,18,,3,2022-01-31,1,2022-01-31,2
L13,february_2022_arm_1,ento_form_1a_immediately_processed_summary,1,2022-02-04,,7,0,0,0,0,0,0,,0,0,0,0,3,0,3,,5,,3,2022-02-16,1,2022-02-16,2
L13,february_2022_arm_1,ento_form_1a_immediately_processed_summary,2,2022-02-25,,7,0,0,0,0,0,0,,0,0,0,0,1,0,1,,2,,3,2022-02-28,1,2022-02-28,2
L13,march_2022_arm_1,ento_form_1a_immediately_processed_summary,1,2022-03-25,,8,0,0,0,0,0,0,,0,0,0,0,0,0,0,,0,,3,2022-03-30,1,2022-03-30,2
L13,march_2022_arm_1,ento_form_1a_immediately_processed_summary,2,2022-03-04,,8,0,0,0,0,0,0,,0,0,0,0,0,0,0,,1,,3,2022-03-30,1,2022-03-30,2
L13,april_2022_arm_1,ento_form_1a_immediately_processed_summary,1,2022-04-14,,9,0,0,0,0,0,0,,0,0,0,0,0,0,0,,0,,3,2022-04-26,1,2022-04-26,2
L13,may_2022_arm_1,ento_form_1a_immediately_processed_summary,1,2022-05-27,,2,0,0,0,0,0,0,,0,12,18,8,8,0,46,,49,,3,2022-06-06,1,2022-06-06,2
L13,may_2022_arm_1,ento_form_1a_immediately_processed_summary,2,2022-05-06,,2,0,0,0,0,0,0,,0,0,0,0,0,0,0,,0,,3,2022-06-06,1,2022-06-06,2
L13,june_2022_arm_1,ento_form_1a_immediately_processed_summary,1,2022-06-24,,3,0,0,0,0,0,0,,0,22,9,3,4,0,38,,49,,3,2022-07-04,1,2022-07-04,2
L13,june_2022_arm_1,ento_form_1a_immediately_processed_summary,2,2022-06-03,,3,0,1,0,0,0,1,,0,13,3,5,5,2,28,,31,,3,2022-07-04,1,2022-07-04,2
L13,july_2022_arm_1,ento_form_1a_immediately_processed_summary,1,2022-07-01,,6,0,0,0,0,0,0,,0,40,12,5,22,2,81,,67,,3,2022-07-19,1,2022-07-19,2
L13,july_2022_arm_1,ento_form_1a_immediately_processed_summary,2,2022-07-29,,6,0,0,0,0,0,0,,0,16,6,9,7,0,38,,36,,4,2022-08-04,1,2022-08-04,2
L13,august_2022_arm_1,ento_form_1a_immediately_processed_summary,1,2022-08-05,,7,0,0,0,0,0,0,,0,6,40,32,10,0,88,,37,,4,2022-08-17,1,2022-08-17,2
L13,august_2022_arm_1,ento_form_1a_immediately_processed_summary,2,2022-08-26,,5,0,0,0,0,0,0,,0,5,5,7,7,0,24,,21,,3,2022-09-01,1,2022-09-01,2
L13,september_2022_arm_1,ento_form_1a_immediately_processed_summary,1,2022-09-30,,8,0,0,0,0,0,0,,0,5,0,8,10,0,23,,46,,3,2022-10-13,1,2022-10-13,2
L13,september_2022_arm_1,ento_form_1a_immediately_processed_summary,2,2022-09-23,,8,0,0,0,0,0,0,,0,15,19,22,12,0,68,,59,,3,2022-10-13,1,2022-10-13,2
L13,september_2022_arm_1,ento_form_1a_immediately_processed_summary,3,2022-09-02,,6,0,0,0,0,0,0,,0,20,9,12,11,1,53,,43,,3,2022-10-13,1,2022-10-13,2
L13,october_2022_arm_1,ento_form_1a_immediately_processed_summary,1,2022-10-28,,4,0,0,0,0,0,0,,0,6,6,3,8,0,23,,31,,12,2022-10-28,1,2022-10-28,2
L13,october_2022_arm_1,ento_form_1a_immediately_processed_summary,2,2022-10-21,,4,0,0,0,0,0,0,,0,2,3,5,3,0,13,,32,,12,2022-10-28,1,2022-10-28,2
L13,november_2022_arm_1,ento_form_1a_immediately_processed_summary,1,2022-11-04,,9,0,0,0,0,0,0,,0,2,8,0,1,0,11,,6,,12,2022-11-04,1,2022-11-04,2
L13,november_2022_arm_1,ento_form_1a_immediately_processed_summary,2,2022-11-25,,9,0,0,0,0,0,0,,0,1,0,1,0,0,2,,2,,13,2022-11-29,1,2022-11-29,2
L13,november_2022_arm_1,ento_form_1a_immediately_processed_summary,3,2022-11-25,,9,0,0,0,0,0,0,,0,1,0,1,0,0,2,,2,,13,2022-11-29,1,2022-11-29,2
L13,december_2022_arm_1,ento_form_1a_immediately_processed_summary,1,2022-12-02,,5,0,1,0,0,0,1,,0,1,0,4,2,0,7,,8,,12,2022-12-05,1,2022-12-05,2
L13,december_2022_arm_1,ento_form_1a_immediately_processed_summary,2,2022-12-23,,2,0,0,0,0,0,0,,0,2,4,14,9,1,30,,14,,10,2022-12-23,1,2022-12-23,2
L14,january_2020_arm_1,ento_form_1a_immediately_processed_summary,1,2020-01-17,,5,0,0,0,0,0,0,,0,60,2,79,73,0,214,,696,,3,2020-04-08,1,2020-04-08,1
L14,january_2020_arm_1,ento_form_1a_immediately_processed_summary,2,2020-01-31,,5,0,0,0,0,0,0,,0,27,0,31,15,1,74,,324,,3,2020-04-08,1,2020-04-08,1
L14,february_2020_arm_1,ento_form_1a_immediately_processed_summary,1,2020-02-07,,7,0,0,0,0,0,0,,0,5,0,8,6,0,19,,54,,3,2020-04-16,1,2020-04-16,1
L14,february_2020_arm_1,ento_form_1a_immediately_processed_summary,2,2020-02-28,,7,0,0,0,0,0,0,,0,17,5,61,15,0,98,,161,,3,2020-04-20,1,2020-04-20,1
L14,march_2020_arm_1,ento_form_1a_immediately_processed_summary,1,2020-03-06,,9,0,0,0,0,0,0,,0,18,10,10,8,1,47,,70,,3,2020-04-28,1,2020-04-28,1
L14,march_2020_arm_1,ento_form_1a_immediately_processed_summary,2,2020-03-13,,9,0,0,0,0,0,0,,0,12,1,10,17,0,40,,110,,3,2020-04-28,1,2020-04-28,1
L14,june_2020_arm_1,ento_form_1a_immediately_processed_summary,1,2020-06-05,,8,0,0,0,0,0,0,,0,29,3,41,19,0,92,,82,,3,2020-06-05,1,2020-06-05,1
L14,june_2020_arm_1,ento_form_1a_immediately_processed_summary,2,2020-06-12,,8,0,0,0,0,0,0,,0,48,13,52,24,0,137,,146,,3,2020-06-16,1,2020-06-16,1
L14,june_2020_arm_1,ento_form_1a_immediately_processed_summary,3,2020-06-26,,8,0,0,0,0,0,0,,0,80,2,16,15,1,114,,236,,3,2020-06-29,1,2020-06-29,1
L14,july_2020_arm_1,ento_form_1a_immediately_processed_summary,1,2020-07-17,,3,0,0,0,0,0,0,,0,4,0,4,2,0,10,,48,,3,2020-07-28,1,2020-07-28,1
L14,july_2020_arm_1,ento_form_1a_immediately_processed_summary,2,2020-07-10,,3,0,0,0,0,0,0,,0,5,0,6,9,3,23,,15,,3,2020-07-28,1,2020-07-28,1
L14,july_2020_arm_1,ento_form_1a_immediately_processed_summary,3,2020-07-31,,3,0,0,0,0,0,0,,0,11,0,11,2,1,25,,10,,3,2020-07-31,1,2020-07-31,1
L14,august_2020_arm_1,ento_form_1a_immediately_processed_summary,1,2020-08-07,,6,0,1,0,0,0,1,,0,7,0,16,7,0,30,,41,,3,2020-08-31,1,2020-08-31,2
L14,august_2020_arm_1,ento_form_1a_immediately_processed_summary,2,2020-08-14,,6,0,0,0,0,0,0,,0,2,0,10,4,0,16,,9,,3,2020-08-31,1,2020-08-31,2
L14,august_2020_arm_1,ento_form_1a_immediately_processed_summary,3,2020-08-28,,6,0,0,0,0,0,0,,0,0,0,0,0,0,0,,7,,3,2020-09-01,1,2020-09-01,2
L14,september_2020_arm_1,ento_form_1a_immediately_processed_summary,1,2020-09-04,,4,0,0,0,0,0,0,,0,0,1,0,1,0,2,,2,,3,2020-09-14,1,2020-09-14,2
L14,september_2020_arm_1,ento_form_1a_immediately_processed_summary,2,2020-09-11,,4,0,0,0,0,0,0,,0,2,3,3,1,0,9,,10,,3,2020-09-15,1,2020-09-15,2
L14,september_2020_arm_1,ento_form_1a_immediately_processed_summary,3,2020-09-25,,4,0,0,0,0,0,0,,0,4,3,9,8,1,25,,44,,5,2020-09-25,1,2020-09-25,2
L14,october_2020_arm_1,ento_form_1a_immediately_processed_summary,1,2020-10-09,,9,0,0,0,0,0,0,,0,0,4,3,0,0,7,,3,,4,2020-10-09,1,2020-10-09,2
L14,october_2020_arm_1,ento_form_1a_immediately_processed_summary,2,2020-10-16,,9,0,0,0,0,0,0,,0,1,6,8,6,0,21,,10,,4,2020-10-21,1,2020-10-21,2
L14,october_2020_arm_1,ento_form_1a_immediately_processed_summary,3,2020-10-30,,9,0,0,0,0,0,0,,0,8,10,15,20,0,53,,60,,4,2020-10-30,1,2020-10-30,2
L14,november_2020_arm_1,ento_form_1a_immediately_processed_summary,1,2020-11-06,,8,0,0,0,0,0,0,,0,2,1,11,3,0,17,,17,,3,2020-11-18,1,2020-11-18,2
L14,november_2020_arm_1,ento_form_1a_immediately_processed_summary,2,2020-11-13,,8,0,0,0,0,0,0,,0,5,0,18,8,0,31,,32,,3,2020-11-18,1,2020-11-18,2
L14,november_2020_arm_1,ento_form_1a_immediately_processed_summary,3,2020-11-27,,8,0,0,0,0,0,0,,0,22,0,13,20,2,57,,201,,5,2020-11-27,1,2020-11-27,2
L14,december_2020_arm_1,ento_form_1a_immediately_processed_summary,1,2020-12-04,,7,0,0,0,0,0,0,,1,1,2,1,4,0,8,,8,,3,2020-12-10,1,2020-12-10,2
L14,december_2020_arm_1,ento_form_1a_immediately_processed_summary,2,2020-12-18,,7,0,0,0,0,0,0,,0,0,1,0,2,0,3,,5,,5,2020-12-18,1,2020-12-18,2
L14,january_2021_arm_1,ento_form_1a_immediately_processed_summary,1,2021-01-08,,3,0,0,0,0,0,0,,1,0,0,0,0,0,0,,1,,4,2021-02-01,1,2021-02-01,2
L14,january_2021_arm_1,ento_form_1a_immediately_processed_summary,2,2021-01-15,,3,0,0,0,0,0,0,,0,1,0,0,1,0,2,,7,,4,2021-02-01,1,2021-02-01,2
L14,january_2021_arm_1,ento_form_1a_immediately_processed_summary,3,2021-01-29,,2,0,0,0,0,0,0,,0,0,0,0,0,0,0,,1,,4,2021-02-01,1,2021-02-01,2
L14,feburary_2021_arm_1,ento_form_1a_immediately_processed_summary,1,2021-02-05,,3,0,0,0,0,0,0,,0,1,0,1,1,0,3,,3,,4,2021-03-01,1,2021-03-01,2
L14,feburary_2021_arm_1,ento_form_1a_immediately_processed_summary,2,2021-02-26,,3,0,0,0,0,0,0,,1,1,0,1,1,0,3,,3,,4,2021-03-01,1,2021-03-01,2
L14,march_2021_arm_1,ento_form_1a_immediately_processed_summary,1,2021-03-05,,9,0,0,0,0,0,0,,0,0,0,0,0,0,0,,0,,3,2021-03-28,1,2021-03-28,2
L14,march_2021_arm_1,ento_form_1a_immediately_processed_summary,2,2021-03-26,,9,0,0,0,0,0,0,,0,0,0,0,0,0,0,,0,,3,2021-03-28,1,2021-03-28,2
L14,april_2021_arm_1,ento_form_1a_immediately_processed_summary,1,2021-04-09,,4,0,0,0,0,0,0,,2,0,0,0,1,0,1,,0,,3,2021-04-25,1,2021-04-25,2
L14,april_2021_arm_1,ento_form_1a_immediately_processed_summary,2,2021-04-30,,10,0,0,0,0,0,0,,0,0,1,0,1,0,2,,0,,5,2021-05-11,1,2021-05-11,2
L14,may_2021_arm_1,ento_form_1a_immediately_processed_summary,1,2021-05-07,,10,0,0,0,1,0,1,,1,0,2,0,3,0,5,,7,,5,2021-05-11,1,2021-05-11,2
L14,may_2021_arm_1,ento_form_1a_immediately_processed_summary,2,2021-05-28,,7,0,0,0,0,0,0,,2,3,2,1,3,0,9,,14,,5,2021-06-08,1,2021-06-08,2
L14,june_2021_arm_1,ento_form_1a_immediately_processed_summary,1,2021-06-04,,4,0,0,0,1,0,1,,0,2,6,14,3,0,25,,16,,5,2021-06-08,1,2021-06-08,2
L14,june_2021_arm_1,ento_form_1a_immediately_processed_summary,2,2021-06-25,,9,0,0,0,0,0,0,,0,6,10,5,6,0,27,,45,,4,2021-07-01,1,2021-07-01,2
L14,july_2021_arm_1,ento_form_1a_immediately_processed_summary,1,2021-07-02,,2,0,1,0,0,0,1,,1,31,22,10,23,0,86,,108,,6,2021-07-19,1,2021-07-19,2
L14,july_2021_arm_1,ento_form_1a_immediately_processed_summary,2,2021-07-09,,2,0,0,0,1,0,1,,2,62,26,15,26,0,129,,250,,6,2021-07-22,1,2021-07-22,2
L14,july_2021_arm_1,ento_form_1a_immediately_processed_summary,3,2021-07-30,,2,0,0,0,0,0,0,,0,46,37,9,29,0,121,,227,,6,2021-08-04,1,2021-08-04,2
L14,august_2021_arm_1,ento_form_1a_immediately_processed_summary,1,2021-08-06,,6,0,0,0,1,0,1,,2,33,22,13,29,0,97,,195,,6,2021-08-19,1,2021-08-19,2
L14,august_2021_arm_1,ento_form_1a_immediately_processed_summary,2,2021-08-27,,6,0,0,0,0,0,0,,0,2,3,0,2,0,7,,4,,6,2021-09-01,1,2021-09-01,2
L14,september_2021_arm_1,ento_form_1a_immediately_processed_summary,1,2021-09-03,,3,0,0,0,0,0,0,,0,3,1,14,3,0,21,,5,,3,2021-10-06,1,2021-10-06,2
L14,september_2021_arm_1,ento_form_1a_immediately_processed_summary,2,2021-09-10,,3,0,0,0,0,0,0,,0,2,1,9,4,0,16,,24,,3,2021-10-07,1,2021-10-07,2
L14,october_2021_arm_1,ento_form_1a_immediately_processed_summary,1,2021-10-01,,2,0,0,0,0,0,0,,0,3,12,5,5,0,25,,25,,3,2021-10-28,1,2021-10-28,2
L14,october_2021_arm_1,ento_form_1a_immediately_processed_summary,2,2021-10-08,,4,0,0,0,0,0,0,,0,13,10,13,16,0,52,,39,,3,2021-10-28,1,2021-10-28,2
L14,october_2021_arm_1,ento_form_1a_immediately_processed_summary,3,2021-10-29,,9,0,0,0,0,0,0,,0,11,0,9,9,0,29,,67,,3,2021-10-29,1,2021-10-29,2
L14,november_2021_arm_1,ento_form_1a_immediately_processed_summary,1,2021-11-26,,4,0,0,0,0,0,0,,0,21,19,15,4,0,59,,98,,3,2021-11-29,1,2021-11-29,2
L14,november_2021_arm_1,ento_form_1a_immediately_processed_summary,2,2021-11-05,,4,0,0,0,0,0,0,,0,42,20,13,25,0,100,,242,,3,2021-12-15,1,2021-12-15,2
L14,december_2021_arm_1,ento_form_1a_immediately_processed_summary,1,2021-12-03,,7,0,0,0,0,0,0,,0,34,11,27,28,0,100,,246,,3,2021-12-21,1,2021-12-21,2
L14,january_2022_arm_1,ento_form_1a_immediately_processed_summary,1,2022-01-28,,9,0,0,0,0,0,0,,0,0,0,0,0,0,0,,2,,3,2022-01-31,1,2022-01-31,2
L14,january_2022_arm_1,ento_form_1a_immediately_processed_summary,2,2022-01-07,,9,0,0,0,0,0,0,,0,0,1,0,1,0,2,,1,,3,2022-01-31,1,2022-01-31,2
L14,february_2022_arm_1,ento_form_1a_immediately_processed_summary,1,2022-02-04,,7,0,0,0,0,0,0,,0,0,0,0,0,0,0,,1,,3,2022-02-16,1,2022-02-16,2
L14,february_2022_arm_1,ento_form_1a_immediately_processed_summary,2,2022-02-25,,8,0,0,0,0,0,0,,0,0,0,0,0,0,0,,2,,3,2022-02-28,1,2022-02-28,2
L14,march_2022_arm_1,ento_form_1a_immediately_processed_summary,1,2022-03-25,,6,0,0,0,0,0,0,,0,0,0,0,0,0,0,,0,,3,2022-03-30,1,2022-03-30,2
L14,march_2022_arm_1,ento_form_1a_immediately_processed_summary,2,2022-03-04,,6,0,0,0,0,0,0,,0,0,0,0,0,0,0,,1,,3,2022-03-30,1,2022-03-30,2
L14,april_2022_arm_1,ento_form_1a_immediately_processed_summary,1,2022-04-14,,10,0,0,0,0,0,0,,0,0,0,0,0,0,0,,0,,3,2022-04-26,1,2022-04-26,2
L14,may_2022_arm_1,ento_form_1a_immediately_processed_summary,1,2022-05-27,,7,0,0,0,0,0,0,,0,3,3,1,5,0,12,,18,,3,2022-06-06,1,2022-06-06,2
L14,may_2022_arm_1,ento_form_1a_immediately_processed_summary,2,2022-05-06,,7,0,0,0,0,0,0,,0,0,0,1,0,0,1,,0,,3,2022-06-06,1,2022-06-06,2
L14,june_2022_arm_1,ento_form_1a_immediately_processed_summary,1,2022-06-24,,4,0,0,0,0,0,0,,0,33,7,24,31,2,97,,132,,3,2022-07-04,1,2022-07-04,2
L14,june_2022_arm_1,ento_form_1a_immediately_processed_summary,2,2022-06-03,,4,0,0,0,0,0,0,,1,19,15,5,11,0,50,,37,,3,2022-07-04,1,2022-07-04,2
L14,july_2022_arm_1,ento_form_1a_immediately_processed_summary,1,2022-07-01,,9,0,1,0,0,0,1,,0,19,17,3,31,0,70,,131,,3,2022-07-19,1,2022-07-19,2
L14,july_2022_arm_1,ento_form_1a_immediately_processed_summary,2,2022-07-29,,7,0,0,0,0,0,0,,0,2,0,8,1,0,11,,9,,4,2022-08-04,1,2022-08-04,2
L14,august_2022_arm_1,ento_form_1a_immediately_processed_summary,1,2022-08-05,,5,0,0,0,0,0,0,,0,15,3,8,19,0,45,,113,,4,2022-08-17,1,2022-08-17,2
L14,august_2022_arm_1,ento_form_1a_immediately_processed_summary,2,2022-08-26,,5,0,0,0,0,0,0,,0,0,0,3,3,0,6,,10,,3,2022-09-01,1,2022-09-01,2
L14,september_2022_arm_1,ento_form_1a_immediately_processed_summary,1,2022-09-30,,6,0,0,0,0,0,0,,0,16,7,14,15,2,54,,84,,3,2022-10-13,1,2022-10-13,2
L14,september_2022_arm_1,ento_form_1a_immediately_processed_summary,2,2022-09-23,,6,0,0,0,0,0,0,,0,19,9,9,7,0,44,,64,,3,2022-10-13,1,2022-10-13,2
L14,september_2022_arm_1,ento_form_1a_immediately_processed_summary,3,2022-09-02,,6,0,0,0,0,0,0,,0,1,0,1,5,0,7,,18,,3,2022-10-13,1,2022-10-13,2
L14,october_2022_arm_1,ento_form_1a_immediately_processed_summary,1,2022-10-28,,8,0,0,0,0,0,0,,0,12,4,7,8,0,31,,99,,12,2022-10-28,1,2022-10-28,2
L14,october_2022_arm_1,ento_form_1a_immediately_processed_summary,2,2022-10-21,,8,0,0,0,0,0,0,,0,5,1,2,2,1,11,,61,,12,2022-10-28,1,2022-10-28,2
L14,november_2022_arm_1,ento_form_1a_immediately_processed_summary,1,2022-11-04,,9,0,0,0,0,0,0,,0,19,1,9,9,0,38,,79,,12,2022-11-04,1,2022-11-04,2
L14,november_2022_arm_1,ento_form_1a_immediately_processed_summary,2,2022-11-25,,2,0,0,0,0,0,0,,0,4,4,4,7,0,19,,38,,13,2022-11-29,1,2022-11-29,2
L14,december_2022_arm_1,ento_form_1a_immediately_processed_summary,1,2022-12-02,,3,0,0,0,0,0,0,,0,1,0,3,3,0,7,,11,,12,2022-12-05,1,2022-12-05,2
L14,december_2022_arm_1,ento_form_1a_immediately_processed_summary,2,2022-12-23,,3,0,0,0,0,0,0,,0,2,0,4,6,0,12,,21,,10,2022-12-23,1,2022-12-23,2
L15,january_2020_arm_1,ento_form_1a_immediately_processed_summary,1,2020-01-17,,5,0,0,0,0,0,0,,0,57,1,36,21,0,115,,542,,3,2020-04-08,1,2020-04-08,1
L15,january_2020_arm_1,ento_form_1a_immediately_processed_summary,2,2020-01-31,,5,0,0,0,0,0,0,,0,20,0,30,8,0,58,,36,,3,2020-04-08,1,2020-04-08,1
L15,february_2020_arm_1,ento_form_1a_immediately_processed_summary,1,2020-02-07,,7,0,0,0,0,0,0,,0,5,2,13,6,0,26,,49,,3,2020-04-16,1,2020-04-16,1
L15,february_2020_arm_1,ento_form_1a_immediately_processed_summary,2,2020-02-28,,7,0,0,0,0,0,0,,0,111,5,104,39,0,259,,509,,3,2020-04-20,1,2020-04-20,1
L15,march_2020_arm_1,ento_form_1a_immediately_processed_summary,1,2020-03-06,,9,0,0,0,0,0,0,,0,10,6,6,4,0,26,,64,,3,2020-04-28,1,2020-04-28,1
L15,march_2020_arm_1,ento_form_1a_immediately_processed_summary,2,2020-03-13,,9,0,0,0,0,0,0,,0,7,4,10,7,0,28,,20,,3,2020-04-28,1,2020-04-28,1
L15,june_2020_arm_1,ento_form_1a_immediately_processed_summary,1,2020-06-05,,8,0,0,0,0,0,0,,0,67,6,38,17,0,128,,247,,3,2020-06-05,1,2020-06-05,1
L15,june_2020_arm_1,ento_form_1a_immediately_processed_summary,2,2020-06-12,,8,0,0,0,0,0,0,,0,99,17,53,28,0,197,,354,,3,2020-06-16,1,2020-06-16,1
L15,june_2020_arm_1,ento_form_1a_immediately_processed_summary,3,2020-06-26,,8,0,0,0,0,0,0,,0,8,11,10,11,0,40,,30,,3,2020-06-29,1,2020-06-29,1
L15,july_2020_arm_1,ento_form_1a_immediately_processed_summary,1,2020-07-17,,3,0,0,0,0,0,0,,0,13,0,23,5,2,43,,56,,3,2020-07-27,1,2020-07-27,1
L15,july_2020_arm_1,ento_form_1a_immediately_processed_summary,2,2020-07-10,,3,0,0,0,0,0,0,,0,51,3,31,15,4,104,,192,,3,2020-07-28,1,2020-07-28,1
L15,july_2020_arm_1,ento_form_1a_immediately_processed_summary,3,2020-07-31,,3,0,0,0,0,0,0,,0,52,0,71,18,1,142,,131,,3,2020-07-31,1,2020-07-31,1
L15,august_2020_arm_1,ento_form_1a_immediately_processed_summary,1,2020-08-07,,6,0,0,0,0,0,0,,0,11,1,24,22,0,58,,154,,3,2020-08-31,1,2020-08-31,2
L15,august_2020_arm_1,ento_form_1a_immediately_processed_summary,2,2020-08-14,,6,0,0,0,0,0,0,,0,61,0,48,12,2,123,,78,,3,2020-08-31,1,2020-08-31,2
L15,august_2020_arm_1,ento_form_1a_immediately_processed_summary,3,2020-08-28,,6,0,0,0,0,0,0,,0,3,0,8,1,0,12,,9,,3,2020-09-01,1,2020-09-01,2
L15,september_2020_arm_1,ento_form_1a_immediately_processed_summary,1,2020-09-04,,4,0,0,0,0,0,0,,0,0,5,4,2,0,11,,6,,3,2020-09-14,1,2020-09-14,2
L15,september_2020_arm_1,ento_form_1a_immediately_processed_summary,2,2020-09-11,,4,0,0,0,0,0,0,,0,10,17,10,5,3,45,,89,,3,2020-09-15,1,2020-09-15,2
L15,september_2020_arm_1,ento_form_1a_immediately_processed_summary,3,2020-09-25,,4,0,0,0,0,0,0,,0,14,9,8,20,0,51,,74,,3,2020-09-25,1,2020-09-25,2
L15,october_2020_arm_1,ento_form_1a_immediately_processed_summary,1,2020-10-09,,9,0,0,0,0,0,0,,0,10,6,6,10,0,32,,48,,4,2020-10-09,1,2020-10-09,2
L15,october_2020_arm_1,ento_form_1a_immediately_processed_summary,2,2020-10-16,,9,0,0,0,0,0,0,,0,54,18,14,24,1,111,,245,,4,2020-10-21,1,2020-10-21,2
L15,october_2020_arm_1,ento_form_1a_immediately_processed_summary,3,2020-10-30,,9,0,0,0,0,0,0,,0,12,22,21,20,2,77,,90,,4,2020-10-30,1,2020-10-30,2
L15,november_2020_arm_1,ento_form_1a_immediately_processed_summary,1,2020-11-06,,8,0,0,0,0,0,0,,0,77,5,59,14,0,155,,194,,3,2020-11-18,1,2020-11-18,2
L15,november_2020_arm_1,ento_form_1a_immediately_processed_summary,2,2020-11-13,,8,0,0,0,0,0,0,,0,14,0,29,3,0,46,,38,,3,2020-11-18,1,2020-11-18,2
L15,november_2020_arm_1,ento_form_1a_immediately_processed_summary,3,2020-11-27,,8,0,0,0,0,0,0,,0,6,0,11,7,0,24,,35,,5,2020-11-27,1,2020-11-27,2
L15,december_2020_arm_1,ento_form_1a_immediately_processed_summary,1,2020-12-04,,7,0,0,0,0,0,0,,0,4,4,3,10,0,21,,19,,3,2020-12-10,1,2020-12-10,2
L15,december_2020_arm_1,ento_form_1a_immediately_processed_summary,2,2020-12-18,,7,0,0,0,0,0,0,,0,1,0,4,2,0,7,,5,,5,2020-12-18,1,2020-12-18,2
L15,january_2021_arm_1,ento_form_1a_immediately_processed_summary,1,2021-01-08,,3,0,0,0,0,0,0,,2,1,2,3,2,0,8,,4,,4,2021-02-01,1,2021-02-01,2
L15,january_2021_arm_1,ento_form_1a_immediately_processed_summary,2,2021-01-15,,3,0,0,0,0,0,0,,0,1,0,0,2,0,3,,5,,4,2021-02-01,1,2021-02-01,2
L15,january_2021_arm_1,ento_form_1a_immediately_processed_summary,3,2021-01-29,,2,0,0,0,0,0,0,,0,1,0,0,0,0,1,,0,,4,2021-02-01,1,2021-02-01,2
L16,january_2020_arm_1,ento_form_1a_immediately_processed_summary,1,2020-01-31,,7,0,0,0,1,0,1,,0,12,1,0,10,0,23,,76,,3,2020-04-08,1,2020-04-08,1
L16,february_2020_arm_1,ento_form_1a_immediately_processed_summary,1,2020-02-07,,8,0,1,0,0,0,1,,1,5,4,24,24,0,57,,123,,3,2020-04-20,1,2020-04-20,1
L16,february_2020_arm_1,ento_form_1a_immediately_processed_summary,2,2020-02-28,,8,1,0,0,0,0,1,,0,5,2,10,5,0,22,,34,,3,2020-04-20,1,2020-04-20,1
L16,march_2020_arm_1,ento_form_1a_immediately_processed_summary,1,2020-03-06,,2,0,0,0,2,0,2,,1,7,4,5,20,0,36,,71,,3,2020-04-28,1,2020-04-28,1
L16,march_2020_arm_1,ento_form_1a_immediately_processed_summary,2,2020-03-13,,2,0,0,0,1,0,1,,1,9,2,4,16,0,31,,92,,3,2020-04-28,1,2020-04-28,1
L16,june_2020_arm_1,ento_form_1a_immediately_processed_summary,1,2020-06-05,,5,0,1,1,0,0,2,,0,63,6,53,44,0,166,,240,,3,2020-06-05,1,2020-06-05,1
L16,june_2020_arm_1,ento_form_1a_immediately_processed_summary,2,2020-06-12,,5,1,2,0,0,0,3,,2,37,8,73,49,2,169,,253,,3,2020-06-16,1,2020-06-16,1
L16,june_2020_arm_1,ento_form_1a_immediately_processed_summary,3,2020-06-26,,5,0,1,1,1,0,3,,0,50,2,33,39,0,124,,136,,3,2020-06-29,1,2020-06-29,1
L16,july_2020_arm_1,ento_form_1a_immediately_processed_summary,1,2020-07-17,,6,0,0,0,0,0,0,,0,5,0,5,11,0,21,,20,,3,2020-07-28,1,2020-07-28,1
L16,july_2020_arm_1,ento_form_1a_immediately_processed_summary,2,2020-07-10,,6,0,0,0,0,0,0,,0,5,1,6,14,0,26,,49,,3,2020-07-28,1,2020-07-28,1
L16,july_2020_arm_1,ento_form_1a_immediately_processed_summary,3,2020-07-31,,6,0,0,0,0,0,0,,0,1,3,2,7,0,13,,9,,3,2020-07-31,1,2020-07-31,1
L16,august_2020_arm_1,ento_form_1a_immediately_processed_summary,1,2020-08-07,,9,0,0,0,0,0,0,,0,0,2,6,12,0,20,,20,,3,2020-08-31,1,2020-08-31,2
L16,august_2020_arm_1,ento_form_1a_immediately_processed_summary,2,2020-08-14,,9,0,0,0,0,0,0,,0,7,0,1,3,0,11,,12,,3,2020-08-31,1,2020-08-31,2
L16,august_2020_arm_1,ento_form_1a_immediately_processed_summary,3,2020-08-28,,9,0,0,0,0,0,0,,0,3,0,0,1,0,4,,6,,3,2020-09-01,1,2020-09-01,2
L16,september_2020_arm_1,ento_form_1a_immediately_processed_summary,1,2020-09-04,,3,0,0,0,0,0,0,,0,1,0,0,0,0,1,,4,,3,2020-09-14,1,2020-09-14,2
L16,september_2020_arm_1,ento_form_1a_immediately_processed_summary,2,2020-09-11,,5,0,0,0,0,0,0,,1,2,2,2,1,0,7,,4,,3,2020-09-15,1,2020-09-15,2
L16,september_2020_arm_1,ento_form_1a_immediately_processed_summary,3,2020-09-25,,3,0,0,0,0,0,0,,0,0,0,0,2,0,2,,0,,5,2020-09-25,1,2020-09-25,2
L16,october_2020_arm_1,ento_form_1a_immediately_processed_summary,1,2020-10-09,,4,0,0,0,0,0,0,,0,17,6,14,23,0,60,,109,,4,2020-10-09,1,2020-10-09,2
L16,october_2020_arm_1,ento_form_1a_immediately_processed_summary,2,2020-10-16,,4,0,1,0,0,0,1,,0,39,6,36,46,1,128,,189,,3,2020-10-21,1,2020-10-21,2
L16,october_2020_arm_1,ento_form_1a_immediately_processed_summary,3,2020-10-30,,4,0,0,0,0,0,0,,0,146,73,87,87,7,400,,483,,4,2020-10-30,1,2020-10-30,2
L16,november_2020_arm_1,ento_form_1a_immediately_processed_summary,1,2020-11-06,,3,0,0,0,1,0,1,,0,9,1,19,12,3,44,,179,,3,2020-11-18,1,2020-11-18,2
L16,november_2020_arm_1,ento_form_1a_immediately_processed_summary,2,2020-11-13,,3,0,0,0,0,0,0,,0,14,0,14,12,4,44,,119,,3,2020-11-18,1,2020-11-18,2
L16,november_2020_arm_1,ento_form_1a_immediately_processed_summary,3,2020-11-27,,3,0,0,0,0,0,0,,0,9,2,10,5,0,26,,98,,5,2020-11-27,1,2020-11-27,2
L16,december_2020_arm_1,ento_form_1a_immediately_processed_summary,1,2020-12-04,,8,0,0,0,0,0,0,,0,6,0,6,5,0,17,,68,,3,2020-12-07,1,2020-12-07,2
L16,december_2020_arm_1,ento_form_1a_immediately_processed_summary,2,2020-12-18,,8,0,0,0,0,0,0,,0,3,0,3,6,0,12,,44,,5,2020-12-18,1,2020-12-18,2
L16,january_2021_arm_1,ento_form_1a_immediately_processed_summary,1,2021-01-08,,9,0,0,0,0,0,0,,0,0,0,0,0,0,0,,8,,4,2021-02-01,1,2021-02-01,2
L16,january_2021_arm_1,ento_form_1a_immediately_processed_summary,2,2021-01-15,,9,0,0,0,1,0,1,,0,3,0,3,4,0,10,,7,,4,2021-02-01,1,2021-02-01,2
L16,feburary_2021_arm_1,ento_form_1a_immediately_processed_summary,1,2021-02-05,,7,0,0,0,0,0,0,,2,0,0,3,1,0,4,,6,,4,2021-03-01,1,2021-03-01,2
L16,feburary_2021_arm_1,ento_form_1a_immediately_processed_summary,2,2021-02-26,,7,0,2,0,0,0,2,,2,2,1,2,3,0,8,,6,,4,2021-03-01,1,2021-03-01,2
L16,march_2021_arm_1,ento_form_1a_immediately_processed_summary,1,2021-03-05,,6,0,0,0,0,0,0,,0,0,0,0,0,0,0,,1,,3,2021-03-28,1,2021-03-28,2
L16,march_2021_arm_1,ento_form_1a_immediately_processed_summary,2,2021-03-26,,6,0,0,0,1,0,1,,0,0,0,1,0,0,1,,5,,3,2021-03-28,1,2021-03-28,2
L16,april_2021_arm_1,ento_form_1a_immediately_processed_summary,1,2021-04-09,,7,0,1,1,2,0,4,,7,1,0,0,3,0,4,,4,,3,2021-04-25,1,2021-04-25,2
L16,april_2021_arm_1,ento_form_1a_immediately_processed_summary,2,2021-04-30,,2,0,0,0,1,0,1,,1,0,0,0,1,0,1,,2,,5,2021-05-11,1,2021-05-11,0
L16,may_2021_arm_1,ento_form_1a_immediately_processed_summary,1,2021-05-07,,4,0,1,1,1,0,3,,0,0,0,0,1,0,1,,5,,5,2021-05-11,1,2021-05-11,2
L16,may_2021_arm_1,ento_form_1a_immediately_processed_summary,2,2021-05-28,,4,0,0,2,2,0,4,,3,9,3,5,12,0,29,,39,,5,2021-06-08,1,2021-06-08,2
L16,june_2021_arm_1,ento_form_1a_immediately_processed_summary,1,2021-06-04,,3,0,0,0,0,0,0,,0,7,2,55,12,4,80,,16,,5,2021-06-08,1,2021-06-08,2
L16,june_2021_arm_1,ento_form_1a_immediately_processed_summary,2,2021-06-25,,3,0,0,0,0,0,0,,1,0,0,0,0,0,0,,102,,4,2021-07-01,1,2021-07-01,2
L16,july_2021_arm_1,ento_form_1a_immediately_processed_summary,1,2021-07-02,,10,0,0,0,0,0,0,,1,38,3,12,30,0,83,,151,,6,2021-07-19,1,2021-07-19,2
L16,july_2021_arm_1,ento_form_1a_immediately_processed_summary,2,2021-07-09,,10,1,1,0,0,0,2,,0,74,3,37,20,0,134,,292,,6,2021-07-22,1,2021-07-22,2
L16,july_2021_arm_1,ento_form_1a_immediately_processed_summary,3,2021-07-30,,10,0,0,0,0,0,0,,0,30,0,8,24,1,63,,135,,6,2021-08-04,1,2021-08-04,2
L16,august_2021_arm_1,ento_form_1a_immediately_processed_summary,1,2021-08-06,,3,0,0,0,0,0,0,,0,24,0,16,31,03,74,,101,,6,2021-08-19,1,2021-08-19,2
L16,august_2021_arm_1,ento_form_1a_immediately_processed_summary,2,2021-08-27,,9,0,0,0,0,0,0,,0,6,3,2,3,3,17,,34,,6,2021-09-01,1,2021-09-01,2
L16,september_2021_arm_1,ento_form_1a_immediately_processed_summary,1,2021-09-03,,7,0,0,0,0,0,0,,0,36,12,17,3,0,68,,178,,3,2021-10-06,1,2021-10-06,2
L16,september_2021_arm_1,ento_form_1a_immediately_processed_summary,2,2021-09-10,,7,0,1,0,0,0,1,,0,19,27,43,37,0,126,,179,,3,2021-10-07,1,2021-10-07,2
L16,october_2021_arm_1,ento_form_1a_immediately_processed_summary,1,2021-10-01,,6,0,0,0,0,0,0,,0,25,6,13,26,0,70,,122,,3,2021-10-28,1,2021-10-28,2
L16,october_2021_arm_1,ento_form_1a_immediately_processed_summary,2,2021-10-08,,3,0,2,0,0,0,2,,0,33,33,17,23,0,106,,104,,3,2021-10-29,1,2021-10-29,2
L16,october_2021_arm_1,ento_form_1a_immediately_processed_summary,3,2021-10-29,,6,0,0,0,0,0,0,,0,31,28,3,26,0,88,,168,,3,2021-10-29,1,2021-10-29,2
L16,november_2021_arm_1,ento_form_1a_immediately_processed_summary,1,2021-11-26,,2,0,1,0,0,0,1,,0,77,58,27,62,3,227,,422,,3,2021-11-29,1,2021-11-29,2
L16,november_2021_arm_1,ento_form_1a_immediately_processed_summary,2,2021-11-05,,2,0,0,0,0,0,0,,0,65,66,36,66,0,233,,384,,3,2021-11-29,1,2021-11-29,2
L16,december_2021_arm_1,ento_form_1a_immediately_processed_summary,1,2021-12-03,,5,0,0,0,0,0,0,,0,40,22,4,46,0,112,,325,,3,2021-12-21,1,2021-12-21,2
L16,january_2022_arm_1,ento_form_1a_immediately_processed_summary,1,2022-01-28,,8,0,0,0,0,0,0,,0,1,0,0,1,0,2,,9,,3,2022-01-31,1,2022-01-31,2
L16,january_2022_arm_1,ento_form_1a_immediately_processed_summary,2,2022-01-07,,3,0,0,0,0,0,0,,0,5,0,4,2,0,11,,47,,3,2022-01-31,1,2022-01-31,2
L16,february_2022_arm_1,ento_form_1a_immediately_processed_summary,1,2022-02-04,,5,0,0,0,0,0,0,,0,1,0,0,2,0,3,,16,,3,2022-02-16,1,2022-02-16,2
L16,february_2022_arm_1,ento_form_1a_immediately_processed_summary,2,2022-02-25,,2,0,0,0,0,0,0,,0,0,0,0,2,0,2,,4,,3,2022-02-28,1,2022-02-28,2
L16,march_2022_arm_1,ento_form_1a_immediately_processed_summary,1,2022-03-25,,9,0,0,0,0,0,0,,0,1,0,0,1,0,2,,4,,3,2022-03-30,1,2022-03-30,2
L16,march_2022_arm_1,ento_form_1a_immediately_processed_summary,2,2022-03-04,,9,0,0,0,0,0,0,,0,0,0,0,1,0,1,,6,,3,2022-03-30,1,2022-03-30,2
L16,april_2022_arm_1,ento_form_1a_immediately_processed_summary,1,2022-04-14,,4,0,1,0,0,0,1,,0,0,0,0,3,0,3,,1,,3,2022-04-26,1,2022-04-26,2
L16,may_2022_arm_1,ento_form_1a_immediately_processed_summary,1,2022-05-27,,6,0,0,0,0,0,0,,0,26,9,28,23,0,86,,103,,3,2022-06-06,1,2022-06-06,2
L16,may_2022_arm_1,ento_form_1a_immediately_processed_summary,2,2022-05-06,,6,0,0,0,0,0,0,,0,4,3,8,9,0,24,,57,,3,2022-06-06,1,2022-06-06,2
L16,june_2022_arm_1,ento_form_1a_immediately_processed_summary,1,2022-06-24,,9,0,0,0,1,0,1,,0,81,81,47,39,0,248,,202,,3,2022-07-04,1,2022-07-04,2
L16,june_2022_arm_1,ento_form_1a_immediately_processed_summary,2,2022-06-03,,9,0,1,0,0,0,1,,0,22,1,12,8,2,45,,41,,3,2022-07-04,1,2022-07-04,2
L16,july_2022_arm_1,ento_form_1a_immediately_processed_summary,1,2022-07-01,,7,0,0,1,0,0,1,,0,99,171,78,135,0,483,,330,,3,2022-07-19,1,2022-07-19,2
L16,july_2022_arm_1,ento_form_1a_immediately_processed_summary,2,2022-07-29,,4,1,0,0,0,0,1,,0,82,3,22,45,0,152,,253,,4,2022-08-04,1,2022-08-04,2
L16,august_2022_arm_1,ento_form_1a_immediately_processed_summary,1,2022-08-05,,8,0,0,0,0,0,0,,0,51,13,20,32,0,116,,91,,4,2022-08-17,1,2022-08-17,2
L16,august_2022_arm_1,ento_form_1a_immediately_processed_summary,2,2022-08-26,,2,0,0,0,0,0,0,,0,7,10,9,9,0,35,,15,,3,2022-09-01,1,2022-09-01,2
L16,september_2022_arm_1,ento_form_1a_immediately_processed_summary,1,2022-09-30,,5,0,0,0,0,0,0,,0,16,6,15,18,0,55,,51,,3,2022-10-13,1,2022-10-13,2
L16,september_2022_arm_1,ento_form_1a_immediately_processed_summary,2,2022-09-23,,5,0,0,0,0,0,0,,0,12,1,2,3,0,18,,23,,3,2022-10-13,1,2022-10-13,2
L16,september_2022_arm_1,ento_form_1a_immediately_processed_summary,3,2022-09-02,,5,0,0,0,0,0,0,,0,10,2,4,3,0,19,,13,,3,2022-10-13,1,2022-10-13,2
L16,october_2022_arm_1,ento_form_1a_immediately_processed_summary,1,2022-10-28,,3,0,0,0,0,0,0,,0,16,0,14,17,0,47,,59,,12,2022-10-28,1,2022-10-28,2
L16,october_2022_arm_1,ento_form_1a_immediately_processed_summary,2,2022-10-21,,3,0,0,0,0,0,0,,0,12,0,10,11,0,33,,18,,12,2022-10-28,1,2022-10-28,2
L16,november_2022_arm_1,ento_form_1a_immediately_processed_summary,1,2022-11-04,,9,0,0,0,0,0,0,,0,24,0,3,17,0,44,,99,,12,2022-11-04,1,2022-11-04,2
L16,november_2022_arm_1,ento_form_1a_immediately_processed_summary,2,2022-11-25,,4,0,0,0,0,0,0,,0,5,3,2,6,0,16,,24,,13,2022-11-29,1,2022-11-29,2
L16,december_2022_arm_1,ento_form_1a_immediately_processed_summary,1,2022-12-02,,6,0,0,0,0,0,0,,0,7,0,5,9,0,21,,24,,12,2022-12-05,1,2022-12-05,2
L16,december_2022_arm_1,ento_form_1a_immediately_processed_summary,2,2022-12-23,,6,0,0,0,0,0,0,,0,6,0,3,15,0,24,,27,,10,2022-12-23,1,2022-12-23,2
L17,september_2020_arm_1,ento_form_1a_immediately_processed_summary,1,2020-09-25,,6,0,0,0,0,0,0,,0,0,1,1,2,0,4,,1,,5,2020-09-25,1,2020-09-25,2
L17,october_2020_arm_1,ento_form_1a_immediately_processed_summary,1,2020-10-09,,7,0,0,0,0,0,0,,0,1,3,1,0,0,5,,0,,4,2020-10-09,1,2020-10-09,2
L17,october_2020_arm_1,ento_form_1a_immediately_processed_summary,2,2020-10-16,,7,0,0,0,0,0,0,,0,18,4,6,10,0,38,,48,,4,2020-10-21,1,2020-10-21,2
L17,october_2020_arm_1,ento_form_1a_immediately_processed_summary,3,2020-10-30,,7,0,0,0,0,0,0,,0,14,3,6,9,0,32,,20,,4,2020-10-30,1,2020-10-30,2
L17,november_2020_arm_1,ento_form_1a_immediately_processed_summary,1,2020-11-06,,6,0,0,0,0,0,0,,0,21,11,15,22,0,69,,91,,3,2020-11-16,1,2020-11-16,2
L17,november_2020_arm_1,ento_form_1a_immediately_processed_summary,2,2020-11-13,,6,0,0,0,0,0,0,,0,41,13,18,27,0,99,,136,,3,2020-11-18,1,2020-11-18,2
L17,november_2020_arm_1,ento_form_1a_immediately_processed_summary,3,2020-11-27,,6,0,0,0,0,0,0,,0,3,0,1,4,0,8,,25,,5,2020-11-27,1,2020-11-27,2
L17,december_2020_arm_1,ento_form_1a_immediately_processed_summary,1,2020-12-04,,9,0,0,0,0,0,0,,0,8,3,4,3,0,18,,4,,3,2020-12-10,1,2020-12-10,2
L17,december_2020_arm_1,ento_form_1a_immediately_processed_summary,2,2020-12-18,,9,0,0,0,0,0,0,,0,1,3,4,1,0,9,,5,,5,2020-12-18,1,2020-12-18,2
L17,january_2021_arm_1,ento_form_1a_immediately_processed_summary,1,2021-01-08,,8,0,0,0,0,0,0,,0,0,0,0,0,0,0,,0,,4,2021-02-01,1,2021-02-01,2
L17,january_2021_arm_1,ento_form_1a_immediately_processed_summary,2,2021-01-15,,8,0,0,0,0,0,0,,0,0,1,0,0,0,1,,3,,4,2021-02-01,1,2021-02-01,2
L17,january_2021_arm_1,ento_form_1a_immediately_processed_summary,3,2021-01-29,,8,0,0,0,0,0,0,,0,0,0,0,0,0,0,,0,,4,2021-02-01,1,2021-02-01,2
L17,feburary_2021_arm_1,ento_form_1a_immediately_processed_summary,1,2021-02-05,,6,0,0,0,0,0,0,,0,0,0,0,0,0,0,,0,,4,2021-03-01,1,2021-03-01,2
L17,feburary_2021_arm_1,ento_form_1a_immediately_processed_summary,2,2021-02-26,,6,0,0,0,0,0,0,,0,0,0,0,0,0,0,,0,,4,2021-03-01,1,2021-03-01,2
L17,march_2021_arm_1,ento_form_1a_immediately_processed_summary,1,2021-03-05,,4,0,0,0,0,0,0,,0,0,0,0,0,0,0,,0,,3,2021-03-28,1,2021-03-28,2
L17,march_2021_arm_1,ento_form_1a_immediately_processed_summary,2,2021-03-26,,4,0,1,0,0,0,1,,0,0,0,0,0,0,0,,0,,3,2021-03-28,1,2021-03-28,2
L17,april_2021_arm_1,ento_form_1a_immediately_processed_summary,1,2021-04-09,,2,0,0,0,0,0,0,,0,0,0,0,0,0,0,,0,,3,2021-04-25,1,2021-04-25,2
L17,april_2021_arm_1,ento_form_1a_immediately_processed_summary,2,2021-04-30,,3,0,0,0,0,0,0,,0,0,0,0,0,0,0,,0,,5,2021-05-11,1,2021-05-11,2
L17,may_2021_arm_1,ento_form_1a_immediately_processed_summary,1,2021-05-07,,5,0,0,0,0,0,0,,0,0,1,0,0,0,1,,2,,5,2021-05-11,1,2021-05-11,2
L17,may_2021_arm_1,ento_form_1a_immediately_processed_summary,2,2021-05-28,,10,0,0,0,0,0,0,,0,0,2,5,0,0,7,,0,,5,2021-06-09,1,2021-06-09,2
L17,june_2021_arm_1,ento_form_1a_immediately_processed_summary,1,2021-06-04,,7,0,0,0,0,0,0,,0,18,3,9,12,0,42,,5,,5,2021-06-08,1,2021-06-08,2
L17,june_2021_arm_1,ento_form_1a_immediately_processed_summary,2,2021-06-25,,7,00,0,0,0,0,0,,0,7,6,7,1,0,21,,12,,6,2021-07-01,1,2021-07-01,2
L17,july_2021_arm_1,ento_form_1a_immediately_processed_summary,1,2021-07-02,,4,0,0,0,0,0,0,,0,7,6,7,1,0,21,,7,,6,2021-07-19,1,2021-07-19,2
L17,july_2021_arm_1,ento_form_1a_immediately_processed_summary,2,2021-07-09,,4,0,0,0,0,0,0,,0,8,6,6,2,0,22,,6,,6,2021-07-22,1,2021-07-22,2
L17,august_2021_arm_1,ento_form_1a_immediately_processed_summary,1,2021-08-06,,10,0,0,0,0,0,0,,0,4,0,1,0,0,5,,2,,6,2021-08-19,1,2021-08-19,2
L17,august_2021_arm_1,ento_form_1a_immediately_processed_summary,2,2021-08-27,,2,0,0,0,0,0,0,,0,6,2,0,3,0,11,,3,,6,2021-09-01,1,2021-09-01,2
L17,september_2021_arm_1,ento_form_1a_immediately_processed_summary,1,2021-09-03,,2,0,0,0,0,0,0,,0,6,1,0,6,0,13,,17,,3,2021-10-06,1,2021-10-06,2
L17,september_2021_arm_1,ento_form_1a_immediately_processed_summary,2,2021-09-10,,2,0,0,0,0,0,0,,0,2,1,0,1,0,4,,10,,3,2021-10-07,1,2021-10-07,2
L17,october_2021_arm_1,ento_form_1a_immediately_processed_summary,1,2021-10-01,,4,0,0,0,0,0,0,,0,0,0,2,1,0,3,,3,,3,2021-10-28,1,2021-10-28,2
L17,october_2021_arm_1,ento_form_1a_immediately_processed_summary,2,2021-10-08,,2,0,0,0,0,0,0,,0,7,0,1,4,0,12,,12,,3,2021-10-28,1,2021-10-28,2
L17,november_2021_arm_1,ento_form_1a_immediately_processed_summary,1,2021-11-26,,3,0,0,0,0,0,0,,0,2,0,0,1,0,3,,2,,3,2021-11-29,1,2021-11-29,2
L17,november_2021_arm_1,ento_form_1a_immediately_processed_summary,2,2021-11-05,,3,0,0,0,0,0,0,,0,8,1,7,2,0,18,,15,,3,2021-11-29,1,2021-11-29,2
L17,december_2021_arm_1,ento_form_1a_immediately_processed_summary,1,2021-12-03,,2,0,0,0,0,0,0,,0,2,4,2,5,0,13,,50,,3,2021-12-21,1,2021-12-21,2
L17,january_2022_arm_1,ento_form_1a_immediately_processed_summary,1,2022-01-28,,7,0,0,0,0,0,0,,0,1,0,0,0,0,1,,0,,3,2022-01-31,1,2022-01-31,2
L17,january_2022_arm_1,ento_form_1a_immediately_processed_summary,2,2022-01-07,,7,0,0,0,0,0,0,,0,0,0,0,2,0,2,,4,,3,2022-01-31,1,2022-01-31,2
L17,february_2022_arm_1,ento_form_1a_immediately_processed_summary,1,2022-02-04,,9,0,0,0,0,0,0,,0,0,0,0,0,0,0,,0,,3,2022-02-16,1,2022-02-16,2
L17,february_2022_arm_1,ento_form_1a_immediately_processed_summary,2,2022-02-25,,9,0,0,0,0,0,0,,0,0,0,0,1,0,1,,0,,3,2022-02-28,1,2022-02-28,2
L17,march_2022_arm_1,ento_form_1a_immediately_processed_summary,1,2022-03-25,,10,0,0,0,0,0,0,,1,0,0,0,0,0,0,,0,,3,2022-03-30,1,2022-03-30,2
L17,march_2022_arm_1,ento_form_1a_immediately_processed_summary,2,2022-03-04,,10,0,0,0,0,0,0,,0,0,0,0,1,0,1,,0,,3,2022-03-30,1,2022-03-30,2
L17,april_2022_arm_1,ento_form_1a_immediately_processed_summary,1,2022-04-14,,6,0,0,0,0,0,0,,0,0,0,0,0,0,0,,0,,3,2022-04-26,1,2022-04-26,2
L17,may_2022_arm_1,ento_form_1a_immediately_processed_summary,1,2022-05-27,,8,0,0,0,0,0,0,,0,13,8,6,2,0,29,,10,,3,2022-06-06,1,2022-06-06,2
L17,may_2022_arm_1,ento_form_1a_immediately_processed_summary,2,2022-05-06,,8,0,0,0,0,0,0,,0,0,0,0,0,0,0,,1,,3,2022-06-06,1,2022-06-06,2
L17,june_2022_arm_1,ento_form_1a_immediately_processed_summary,1,2022-06-24,,7,0,0,0,0,0,0,,0,78,68,2,13,0,161,,85,,3,2022-07-04,1,2022-07-04,2
L17,june_2022_arm_1,ento_form_1a_immediately_processed_summary,2,2022-06-03,,7,0,0,0,0,0,0,,0,21,5,26,8,0,60,,32,,3,2022-07-04,1,2022-07-04,2
L17,july_2022_arm_1,ento_form_1a_immediately_processed_summary,1,2022-07-01,,2,0,0,0,0,0,0,,0,25,7,1,4,0,37,,5,,3,2022-07-19,1,2022-07-19,2
L17,july_2022_arm_1,ento_form_1a_immediately_processed_summary,2,2022-07-29,,5,0,0,0,0,0,0,,0,36,36,20,31,0,123,,110,,4,2022-08-04,1,2022-08-04,2
L17,august_2022_arm_1,ento_form_1a_immediately_processed_summary,1,2022-08-05,,4,0,0,0,0,0,0,,0,25,25,24,35,0,109,,26,,4,2022-08-17,1,2022-08-17,2
L17,august_2022_arm_1,ento_form_1a_immediately_processed_summary,2,2022-08-26,,4,0,0,0,0,0,0,,0,0,6,5,12,0,23,,6,,3,2022-09-01,1,2022-09-01,2
L17,september_2022_arm_1,ento_form_1a_immediately_processed_summary,1,2022-09-30,,10,0,0,0,0,0,0,,0,14,6,6,9,0,35,,23,,3,2022-10-13,1,2022-10-13,2
L17,september_2022_arm_1,ento_form_1a_immediately_processed_summary,2,2022-09-23,,2,0,0,0,0,0,0,,0,19,0,9,6,0,34,,32,,3,2022-10-13,1,2022-10-13,2
L17,september_2022_arm_1,ento_form_1a_immediately_processed_summary,3,2022-09-02,,8,0,0,0,0,0,0,,0,2,3,4,5,0,14,,10,,3,2022-10-14,1,2022-10-14,2
L17,october_2022_arm_1,ento_form_1a_immediately_processed_summary,1,2022-10-28,,6,0,0,0,0,0,0,,0,4,5,4,5,0,18,,7,,12,2022-10-28,1,2022-10-28,2
L17,october_2022_arm_1,ento_form_1a_immediately_processed_summary,2,2022-10-21,,2,0,0,0,0,0,0,,0,7,2,5,8,0,22,,6,,12,2022-10-28,1,2022-10-28,2
L17,november_2022_arm_1,ento_form_1a_immediately_processed_summary,1,2022-11-04,,3,0,0,0,0,0,0,,0,3,1,14,1,0,19,,16,,12,2022-11-04,1,2022-11-04,2
L17,november_2022_arm_1,ento_form_1a_immediately_processed_summary,2,2022-11-25,,3,0,0,0,0,0,0,,0,14,0,14,3,0,31,,18,,13,2022-11-29,1,2022-11-29,2
L17,december_2022_arm_1,ento_form_1a_immediately_processed_summary,1,2022-12-02,,8,0,0,0,0,0,0,,0,13,3,8,8,0,32,,6,,12,2022-12-05,1,2022-12-05,2
L17,december_2022_arm_1,ento_form_1a_immediately_processed_summary,2,2022-12-23,,8,0,0,0,0,0,0,,0,3,0,3,0,0,6,,5,,11,2022-12-23,1,2022-12-23,2
L18,september_2020_arm_1,ento_form_1a_immediately_processed_summary,1,2020-09-25,,6,0,0,0,0,0,0,,0,4,3,6,4,0,17,,31,,5,2020-09-25,1,2020-09-25,2
L18,october_2020_arm_1,ento_form_1a_immediately_processed_summary,1,2020-10-09,,3,0,0,0,0,0,0,,0,6,0,10,4,0,20,,22,,4,2020-10-09,1,2020-10-09,2
L18,october_2020_arm_1,ento_form_1a_immediately_processed_summary,2,2020-10-16,,3,0,0,0,0,0,0,,0,21,6,48,18,1,94,,56,,4,2020-10-21,1,2020-10-21,2
L18,october_2020_arm_1,ento_form_1a_immediately_processed_summary,3,2020-10-30,,3,0,0,0,0,0,0,,0,19,14,110,42,4,189,,198,,4,2020-10-30,1,2020-10-30,2
L18,november_2020_arm_1,ento_form_1a_immediately_processed_summary,1,2020-11-06,,2,0,0,0,0,0,0,,0,31,140,40,103,0,314,,264,,3,2020-11-18,1,2020-11-18,2
L18,november_2020_arm_1,ento_form_1a_immediately_processed_summary,2,2020-11-13,,9,0,0,0,0,0,0,,0,26,80,60,36,3,205,,252,,3,2020-11-18,1,2020-11-18,2
L18,november_2020_arm_1,ento_form_1a_immediately_processed_summary,3,2020-11-27,,9,0,0,0,0,0,0,,0,10,32,20,38,0,100,,244,,5,2020-11-27,1,2020-11-27,2
L18,december_2020_arm_1,ento_form_1a_immediately_processed_summary,1,2020-12-04,,5,0,0,0,0,0,0,,0,11,30,28,18,0,87,,287,,3,2020-12-07,1,2020-12-07,2
L18,december_2020_arm_1,ento_form_1a_immediately_processed_summary,2,2020-12-18,,5,0,0,0,0,0,0,,0,2,5,7,11,0,25,,154,,5,2020-12-18,1,2020-12-18,2
L18,january_2021_arm_1,ento_form_1a_immediately_processed_summary,1,2021-01-08,,7,0,0,0,1,0,1,,0,0,1,0,0,0,1,,8,,4,2021-02-01,1,2021-02-01,2
L18,january_2021_arm_1,ento_form_1a_immediately_processed_summary,2,2021-01-15,,7,0,1,0,1,0,2,,0,0,0,2,2,0,4,,6,,4,2021-02-01,1,2021-02-01,2
L18,january_2021_arm_1,ento_form_1a_immediately_processed_summary,3,2021-01-29,,7,0,0,0,0,0,0,,0,0,1,0,2,0,3,,4,,3,2021-02-02,1,2021-02-02,2
L18,feburary_2021_arm_1,ento_form_1a_immediately_processed_summary,1,2021-02-05,,4,0,0,0,1,0,1,,0,0,0,0,2,0,2,,2,,4,2021-03-01,1,2021-03-01,2
L18,feburary_2021_arm_1,ento_form_1a_immediately_processed_summary,2,2021-02-26,,4,0,1,0,0,0,1,,0,0,0,0,0,0,0,,1,,4,2021-03-01,1,2021-03-01,2
L18,march_2021_arm_1,ento_form_1a_immediately_processed_summary,1,2021-03-05,,2,0,0,0,0,0,0,,1,0,0,0,0,0,0,,0,,3,2021-03-28,1,2021-03-28,2
L18,march_2021_arm_1,ento_form_1a_immediately_processed_summary,2,2021-03-05,,2,0,0,0,2,0,2,,4,0,0,0,0,0,0,,0,,3,2021-03-28,1,2021-03-28,2
L18,april_2021_arm_1,ento_form_1a_immediately_processed_summary,1,2021-04-09,,6,0,0,0,0,0,0,,0,0,0,0,0,0,0,,0,,3,2021-04-25,1,2021-04-25,2
L18,april_2021_arm_1,ento_form_1a_immediately_processed_summary,2,2021-04-30,,6,0,0,0,1,0,1,,0,1,1,0,0,0,2,,4,,5,2021-05-11,1,2021-05-11,2
L18,may_2021_arm_1,ento_form_1a_immediately_processed_summary,1,2021-05-07,,9,1,1,0,0,0,2,,0,0,3,0,0,0,3,,0,,5,2021-05-11,1,2021-05-11,2
L18,may_2021_arm_1,ento_form_1a_immediately_processed_summary,2,2021-05-28,,9,0,0,0,0,0,0,,0,1,3,6,8,0,18,,5,,5,2021-06-09,1,2021-06-09,2
L18,june_2021_arm_1,ento_form_1a_immediately_processed_summary,1,2021-06-04,,10,1,2,1,1,0,5,,1,14,1,61,18,02,96,,24,,5,2021-06-08,1,2021-06-08,2
L18,june_2021_arm_1,ento_form_1a_immediately_processed_summary,2,2021-06-25,,10,0,0,0,0,0,0,,0,25,46,13,27,0,111,,109,,6,2021-07-01,1,2021-07-01,2
L18,july_2021_arm_1,ento_form_1a_immediately_processed_summary,1,2021-07-02,,9,0,1,1,1,0,3,,0,19,73,31,38,0,161,,95,,6,2021-07-19,1,2021-07-19,2
L18,july_2021_arm_1,ento_form_1a_immediately_processed_summary,2,2021-07-09,,3,0,2,0,1,0,3,,0,10,10,49,38,4,111,,124,,6,2021-07-22,1,2021-07-22,2
L18,july_2021_arm_1,ento_form_1a_immediately_processed_summary,3,2021-07-30,,3,0,0,0,0,0,0,,0,10,1,42,21,2,76,,32,,6,2021-08-04,1,2021-08-04,2
L18,august_2021_arm_1,ento_form_1a_immediately_processed_summary,1,2021-08-06,,7,0,0,0,0,0,0,,0,8,8,20,21,0,57,,63,,6,2021-08-19,1,2021-08-19,2
L18,august_2021_arm_1,ento_form_1a_immediately_processed_summary,2,2021-08-27,,7,0,0,0,0,0,0,,0,3,4,3,2,0,12,,16,,6,2021-09-01,1,2021-09-01,2
L18,september_2021_arm_1,ento_form_1a_immediately_processed_summary,1,2021-09-03,,5,0,0,0,0,0,0,,0,5,13,6,7,0,31,,14,,3,2021-10-06,1,2021-10-06,2
L18,september_2021_arm_1,ento_form_1a_immediately_processed_summary,2,2021-09-10,,4,0,0,0,0,0,0,,0,6,3,12,9,1,31,,14,,3,2021-10-07,1,2021-10-07,2
L18,october_2021_arm_1,ento_form_1a_immediately_processed_summary,1,2021-10-01,,10,0,0,0,0,0,0,,0,2,4,24,3,0,33,,18,,3,2021-10-28,1,2021-10-28,2
L18,october_2021_arm_1,ento_form_1a_immediately_processed_summary,2,2021-10-08,,10,0,0,0,0,0,0,,0,16,32,16,17,1,82,,41,,3,2021-10-28,1,2021-10-28,2
L18,october_2021_arm_1,ento_form_1a_immediately_processed_summary,3,2021-10-29,,10,0,0,0,0,0,0,,0,24,15,24,25,0,88,,55,,3,2021-10-29,1,2021-10-29,2
L18,november_2021_arm_1,ento_form_1a_immediately_processed_summary,1,2021-11-26,,6,0,0,0,0,0,0,,0,13,31,34,41,0,119,,51,,3,2021-11-29,1,2021-11-29,2
L18,november_2021_arm_1,ento_form_1a_immediately_processed_summary,2,2021-11-05,,6,0,0,0,0,0,0,,0,10,19,21,8,0,58,,22,,3,2021-11-29,1,2021-11-29,2
L18,december_2021_arm_1,ento_form_1a_immediately_processed_summary,1,2021-12-03,,9,0,0,0,0,0,0,,0,2,36,22,18,0,78,,36,,3,2021-12-21,1,2021-12-21,2
L18,january_2022_arm_1,ento_form_1a_immediately_processed_summary,1,2022-01-28,,10,0,0,0,0,0,0,,0,1,0,1,1,0,3,,0,,3,2022-01-31,1,2022-01-31,2
L18,january_2022_arm_1,ento_form_1a_immediately_processed_summary,2,2022-01-07,,10,0,0,0,0,0,0,,0,1,5,9,0,0,15,,6,,3,2022-01-31,1,2022-01-31,2
L18,february_2022_arm_1,ento_form_1a_immediately_processed_summary,1,2022-02-04,,4,0,0,0,0,0,0,,0,0,0,0,0,0,0,,0,,3,2022-02-16,1,2022-02-16,2
L18,february_2022_arm_1,ento_form_1a_immediately_processed_summary,2,2022-02-25,,4,0,0,0,0,0,0,,0,0,0,0,0,0,0,,2,,3,2022-02-28,1,2022-02-28,2
L18,march_2022_arm_1,ento_form_1a_immediately_processed_summary,1,2022-03-29,,7,0,0,0,0,0,0,,0,0,0,0,0,0,0,,0,,3,2022-03-30,1,2022-03-30,2
L18,march_2022_arm_1,ento_form_1a_immediately_processed_summary,2,2022-03-04,,7,0,0,0,0,0,0,,0,1,0,0,0,0,1,,1,,3,2022-03-30,1,2022-03-30,2
L18,april_2022_arm_1,ento_form_1a_immediately_processed_summary,1,2022-04-14,,2,0,0,0,0,0,0,,0,0,0,0,0,0,0,,1,,3,2022-04-26,1,2022-04-26,2
L18,may_2022_arm_1,ento_form_1a_immediately_processed_summary,1,2022-05-27,,9,0,0,0,0,0,0,,0,4,11,8,4,0,27,,6,,3,2022-06-06,1,2022-06-06,2
L18,may_2022_arm_1,ento_form_1a_immediately_processed_summary,2,2022-05-06,,9,0,0,0,0,0,0,,0,0,2,0,1,0,3,,0,,3,2022-06-06,1,2022-06-06,2
L18,june_2022_arm_1,ento_form_1a_immediately_processed_summary,1,2022-06-24,,8,0,0,0,0,0,0,,0,26,180,12,30,0,248,,47,,3,2022-07-04,1,2022-07-04,2
L18,june_2022_arm_1,ento_form_1a_immediately_processed_summary,2,2022-06-03,,8,0,0,0,0,0,0,,0,4,51,34,20,1,110,,12,,3,2022-07-04,1,2022-07-04,2
L18,july_2022_arm_1,ento_form_1a_immediately_processed_summary,1,2022-07-01,,3,0,0,0,0,0,0,,0,23,102,106,54,2,287,,4,,3,2022-07-19,1,2022-07-19,2
L18,july_2022_arm_1,ento_form_1a_immediately_processed_summary,2,2022-07-29,,3,0,0,0,0,0,0,,0,7,7,22,8,1,45,,19,,4,2022-08-04,1,2022-08-04,2
L18,august_2022_arm_1,ento_form_1a_immediately_processed_summary,1,2022-08-05,,8,0,0,0,0,0,0,,0,7,22,27,19,0,75,,39,,4,2022-08-17,1,2022-08-17,2
L18,august_2022_arm_1,ento_form_1a_immediately_processed_summary,2,2022-08-26,,7,0,0,0,0,0,0,,0,3,4,16,9,0,32,,18,,3,2022-09-01,1,2022-09-01,2
L18,september_2022_arm_1,ento_form_1a_immediately_processed_summary,1,2022-09-30,,7,0,0,0,0,0,0,,0,8,19,64,18,0,109,,38,,3,2022-10-13,1,2022-10-13,2
L18,september_2022_arm_1,ento_form_1a_immediately_processed_summary,2,2022-09-23,,4,0,0,0,0,0,0,,0,14,40,23,16,0,93,,45,,3,2022-10-13,1,2022-10-13,2
L18,september_2022_arm_1,ento_form_1a_immediately_processed_summary,3,2022-09-02,,4,0,0,0,0,0,0,,0,2,4,8,1,0,15,,11,,3,2022-10-14,1,2022-10-14,2
L18,october_2022_arm_1,ento_form_1a_immediately_processed_summary,1,2022-10-28,,5,0,0,0,0,0,0,,0,6,16,18,3,0,43,,25,,12,2022-10-28,1,2022-10-28,2
L18,october_2022_arm_1,ento_form_1a_immediately_processed_summary,2,2022-10-21,,5,0,0,0,0,0,0,,0,8,19,18,7,0,52,,36,,12,2022-10-28,1,2022-10-28,2
L18,november_2022_arm_1,ento_form_1a_immediately_processed_summary,1,2022-11-04,,6,0,0,0,0,0,0,,0,17,33,39,26,0,115,,63,,12,2022-11-04,1,2022-11-04,2
L18,november_2022_arm_1,ento_form_1a_immediately_processed_summary,2,2022-11-25,,6,0,0,0,0,0,0,,0,3,13,11,6,0,33,,11,,13,2022-11-29,1,2022-11-29,2
L18,december_2022_arm_1,ento_form_1a_immediately_processed_summary,1,2022-12-05,,3,0,0,0,0,0,0,,0,3,0,3,1,0,7,,7,,12,2022-12-05,1,2022-12-05,2
L18,december_2022_arm_1,ento_form_1a_immediately_processed_summary,2,2022-12-02,,2,0,0,0,0,0,0,,0,0,13,4,4,0,21,,2,,12,2022-12-05,1,2022-12-05,2
L18,december_2022_arm_1,ento_form_1a_immediately_processed_summary,3,2022-12-23,,7,0,0,0,0,0,0,,0,0,0,12,5,0,17,,0,,10,2022-12-23,1,2022-12-23,2
L19,feburary_2021_arm_1,ento_form_1a_immediately_processed_summary,1,2021-02-26,,3,0,0,0,0,0,0,,0,1,0,0,0,0,1,,1,,3,2021-03-19,1,2021-03-19,2
L19,march_2021_arm_1,ento_form_1a_immediately_processed_summary,1,2021-03-05,,9,0,0,0,0,0,0,,0,0,1,0,1,0,2,,3,,3,2021-03-28,1,2021-03-28,2
L19,march_2021_arm_1,ento_form_1a_immediately_processed_summary,2,2021-03-26,,9,0,0,0,0,0,0,,0,0,0,0,0,0,0,,0,,3,2021-03-28,1,2021-03-28,2
L19,april_2021_arm_1,ento_form_1a_immediately_processed_summary,1,2021-04-09,,4,0,0,0,0,0,0,,0,0,0,0,0,0,0,,0,,3,2021-04-25,1,2021-04-25,2
L19,april_2021_arm_1,ento_form_1a_immediately_processed_summary,2,2021-04-30,,10,0,0,0,0,0,0,,0,0,0,0,1,0,1,,1,,5,2021-05-11,1,2021-05-11,2
L19,may_2021_arm_1,ento_form_1a_immediately_processed_summary,1,2021-05-07,,10,0,1,0,0,0,1,,0,2,0,0,0,0,2,,4,,5,2021-05-11,1,2021-05-11,2
L19,may_2021_arm_1,ento_form_1a_immediately_processed_summary,2,2021-05-28,,7,0,0,0,0,0,0,,0,4,5,0,8,0,17,,25,,5,2021-06-08,1,2021-06-08,2
L19,june_2021_arm_1,ento_form_1a_immediately_processed_summary,1,2021-06-04,,4,1,0,0,0,0,1,,1,6,0,13,4,0,23,,18,,5,2021-06-08,1,2021-06-08,2
L19,june_2021_arm_1,ento_form_1a_immediately_processed_summary,2,2021-06-25,,9,0,0,0,0,0,0,,0,6,5,4,3,0,18,,16,,6,2021-07-01,1,2021-07-01,2
L19,july_2021_arm_1,ento_form_1a_immediately_processed_summary,1,2021-07-02,,2,0,0,0,1,0,1,,0,20,15,4,29,0,68,,92,,6,2021-07-19,1,2021-07-19,2
L19,july_2021_arm_1,ento_form_1a_immediately_processed_summary,2,2021-07-09,,2,0,0,0,0,0,0,,1,25,33,15,27,0,100,,122,,6,2021-07-22,1,2021-07-22,2
L19,july_2021_arm_1,ento_form_1a_immediately_processed_summary,3,2021-07-30,,2,0,0,0,0,0,0,,0,4,8,9,22,0,43,,62,,6,2021-08-04,1,2021-08-04,2
L19,august_2021_arm_1,ento_form_1a_immediately_processed_summary,1,2021-08-06,,6,0,0,0,0,0,0,,0,3,3,5,7,0,18,,58,,6,2021-08-19,1,2021-08-19,2
L19,august_2021_arm_1,ento_form_1a_immediately_processed_summary,2,2021-08-27,,6,0,0,0,0,0,0,,0,3,0,0,4,0,7,,28,,6,2021-09-01,1,2021-09-01,2
L19,september_2021_arm_1,ento_form_1a_immediately_processed_summary,1,2021-09-03,,3,0,0,0,0,0,0,,0,9,8,1,8,0,26,,40,,3,2021-10-06,1,2021-10-06,2
L19,september_2021_arm_1,ento_form_1a_immediately_processed_summary,2,2021-09-10,,3,0,0,0,0,0,0,,0,3,0,4,4,0,11,,19,,3,2021-10-07,1,2021-10-07,2
L19,october_2021_arm_1,ento_form_1a_immediately_processed_summary,1,2021-10-01,,2,0,0,0,0,0,0,,0,1,8,15,10,0,34,,29,,3,2021-10-28,1,2021-10-28,2
L19,october_2021_arm_1,ento_form_1a_immediately_processed_summary,2,2021-10-08,,4,0,0,0,0,0,0,,0,10,12,2,7,0,31,,46,,3,2021-10-28,1,2021-10-28,2
L19,october_2021_arm_1,ento_form_1a_immediately_processed_summary,3,2021-10-29,,9,0,0,0,0,0,0,,0,2,6,9,10,0,27,,32,,3,2021-10-29,1,2021-10-29,2
L19,november_2021_arm_1,ento_form_1a_immediately_processed_summary,1,2021-11-26,,4,0,0,0,0,0,0,,0,39,16,42,22,0,119,,156,,3,2021-11-29,1,2021-11-29,2
L19,november_2021_arm_1,ento_form_1a_immediately_processed_summary,2,2021-11-05,,4,0,0,0,0,0,0,,0,22,22,15,14,0,73,,110,,3,2021-12-15,1,2021-12-15,2
L19,december_2021_arm_1,ento_form_1a_immediately_processed_summary,1,2021-12-03,,7,0,0,0,0,0,0,,0,21,71,10,29,0,131,,185,,3,2021-12-21,1,2021-12-21,2
L19,january_2022_arm_1,ento_form_1a_immediately_processed_summary,1,2022-01-28,,9,0,0,0,0,0,0,,0,0,0,0,0,0,0,,1,,3,2022-01-31,1,2022-01-31,2
L19,january_2022_arm_1,ento_form_1a_immediately_processed_summary,2,2022-01-07,,9,0,0,0,0,0,0,,0,0,0,1,0,0,1,,2,,3,2022-01-31,1,2022-01-31,2
L19,february_2022_arm_1,ento_form_1a_immediately_processed_summary,1,2022-02-04,,8,0,0,0,0,0,0,,0,1,0,0,0,0,1,,1,,3,2022-02-16,1,2022-02-16,2
L19,february_2022_arm_1,ento_form_1a_immediately_processed_summary,2,2022-02-25,,8,0,0,0,0,0,0,,0,0,0,0,0,0,0,,0,,3,2022-02-28,1,2022-02-28,2
L19,march_2022_arm_1,ento_form_1a_immediately_processed_summary,1,2022-03-25,,6,0,0,0,0,0,0,,0,0,0,0,0,0,0,,0,,3,2022-03-30,1,2022-03-30,2
L19,march_2022_arm_1,ento_form_1a_immediately_processed_summary,2,2022-03-04,,6,0,0,0,0,0,0,,0,0,0,0,0,0,0,,0,,3,2022-03-30,1,2022-03-30,2
L19,april_2022_arm_1,ento_form_1a_immediately_processed_summary,1,2022-04-14,,10,0,0,0,0,0,0,,0,0,0,0,0,0,0,,1,,3,2022-04-26,1,2022-04-26,2
L19,may_2022_arm_1,ento_form_1a_immediately_processed_summary,1,2022-05-27,,7,0,0,0,0,0,0,,0,17,10,19,11,0,57,,123,,3,2022-06-06,1,2022-06-06,2
L19,may_2022_arm_1,ento_form_1a_immediately_processed_summary,2,2022-05-06,,7,0,0,0,0,0,0,,0,0,0,1,0,0,1,,2,,3,2022-06-06,1,2022-06-06,2
L19,june_2022_arm_1,ento_form_1a_immediately_processed_summary,1,2022-06-24,,4,0,0,0,0,0,0,,0,11,58,1,6,2,78,,75,,3,2022-07-04,1,2022-07-04,2
L19,june_2022_arm_1,ento_form_1a_immediately_processed_summary,2,2022-06-03,,4,0,0,0,0,0,0,,0,7,5,17,6,0,35,,44,,3,2022-07-04,1,2022-07-04,2
L19,july_2022_arm_1,ento_form_1a_immediately_processed_summary,1,2022-07-01,,9,0,0,0,0,0,0,,0,5,30,8,5,3,51,,16,,3,2022-07-19,1,2022-07-19,2
L19,july_2022_arm_1,ento_form_1a_immediately_processed_summary,2,2022-07-29,,7,0,0,0,0,0,0,,0,6,8,14,4,0,32,,57,,4,2022-08-04,1,2022-08-04,2
L19,august_2022_arm_1,ento_form_1a_immediately_processed_summary,1,2022-08-05,,5,0,0,0,0,0,0,,0,6,2,6,10,2,26,,62,,4,2022-08-17,1,2022-08-17,2
L19,august_2022_arm_1,ento_form_1a_immediately_processed_summary,2,2022-08-26,,5,0,0,0,0,0,0,,0,1,0,7,6,0,14,,21,,3,2022-09-01,1,2022-09-01,2
L19,september_2022_arm_1,ento_form_1a_immediately_processed_summary,1,2022-09-30,,6,0,0,0,0,0,0,,0,9,15,8,17,0,49,,49,,3,2022-10-13,1,2022-10-13,2
L19,september_2022_arm_1,ento_form_1a_immediately_processed_summary,2,2022-09-23,,6,0,0,0,0,0,0,,0,7,6,5,13,0,31,,63,,3,2022-10-13,1,2022-10-13,2
L19,september_2022_arm_1,ento_form_1a_immediately_processed_summary,3,2022-09-02,,6,0,0,0,0,0,0,,0,0,1,3,6,0,10,,11,,3,2022-10-13,1,2022-10-13,2
L19,october_2022_arm_1,ento_form_1a_immediately_processed_summary,1,2022-10-28,,8,0,0,0,0,0,0,,0,7,2,10,8,0,27,,37,,12,2022-10-28,1,2022-10-28,2
L19,october_2022_arm_1,ento_form_1a_immediately_processed_summary,2,2022-10-21,,8,0,0,0,0,0,0,,0,13,3,6,5,1,28,,41,,12,2022-10-28,1,2022-10-28,2
L19,november_2022_arm_1,ento_form_1a_immediately_processed_summary,1,2022-11-04,,7,0,0,0,0,0,0,,0,6,0,12,19,0,37,,74,,12,2022-11-04,1,2022-11-04,2
L19,november_2022_arm_1,ento_form_1a_immediately_processed_summary,2,2022-11-25,,2,0,0,0,0,0,0,,0,12,0,5,6,0,23,,36,,13,2022-11-29,1,2022-11-29,2
L19,december_2022_arm_1,ento_form_1a_immediately_processed_summary,1,2022-12-02,,3,0,0,0,0,0,0,,0,3,0,3,1,0,7,,7,,12,2022-12-05,1,2022-12-05,2
L19,december_2022_arm_1,ento_form_1a_immediately_processed_summary,2,2022-12-23,,4,0,0,0,0,0,0,,0,15,0,25,9,0,49,,78,,10,2022-12-23,1,2022-12-23,2
M01,january_2020_arm_1,ento_form_1a_immediately_processed_summary,1,2020-01-21,,6,0,0,2,0,0,2,,0,7,0,7,7,0,21,,8,,3,2020-04-09,1,2020-04-09,1
M01,january_2020_arm_1,ento_form_1a_immediately_processed_summary,2,2020-01-28,,6,1,0,0,0,0,1,,0,0,0,5,9,0,14,,9,,3,2020-04-09,1,2020-04-09,1
M01,february_2020_arm_1,ento_form_1a_immediately_processed_summary,1,2020-02-04,,9,0,0,0,0,0,0,,1,1,1,1,3,0,6,,5,,3,2020-04-20,1,2020-04-20,1
M01,february_2020_arm_1,ento_form_1a_immediately_processed_summary,2,2020-02-18,,9,0,0,0,0,0,0,,0,1,1,2,2,1,7,,6,,3,2020-04-20,1,2020-04-20,1
M01,february_2020_arm_1,ento_form_1a_immediately_processed_summary,3,2020-02-25,,9,0,0,0,0,0,0,,0,0,3,2,0,0,5,,10,,3,2020-04-20,1,2020-04-20,1
M01,march_2020_arm_1,ento_form_1a_immediately_processed_summary,1,2020-03-03,,6,0,0,0,0,0,0,,0,0,1,2,6,0,9,,7,,3,2020-04-28,1,2020-04-28,1
M01,march_2020_arm_1,ento_form_1a_immediately_processed_summary,2,2020-03-17,,6,0,0,0,0,0,0,,1,2,0,2,4,0,8,,2,,3,2020-04-30,1,2020-04-30,1
M01,june_2020_arm_1,ento_form_1a_immediately_processed_summary,1,2020-06-02,,6,0,0,0,1,0,1,,0,66,3,19,43,2,133,,104,,3,2020-06-04,1,2020-06-04,1
M01,june_2020_arm_1,ento_form_1a_immediately_processed_summary,2,2020-06-16,,6,0,0,0,0,0,0,,1,14,3,29,32,0,78,,110,,3,2020-06-17,1,2020-06-17,1
M01,june_2020_arm_1,ento_form_1a_immediately_processed_summary,3,2020-06-23,,2,0,0,1,1,0,2,,1,11,12,5,14,0,42,,29,,3,2020-06-29,1,2020-06-29,1
M01,july_2020_arm_1,ento_form_1a_immediately_processed_summary,1,2020-07-07,,8,0,0,0,0,0,0,,0,14,5,4,24,0,47,,27,,3,2020-07-09,1,2020-07-09,1
M01,july_2020_arm_1,ento_form_1a_immediately_processed_summary,2,2020-07-21,,8,0,0,0,0,0,0,,0,2,0,2,5,0,9,,14,,5,2020-07-28,1,2020-07-28,1
M01,july_2020_arm_1,ento_form_1a_immediately_processed_summary,3,2020-07-28,,8,0,0,0,0,0,0,,0,2,3,5,5,0,15,,5,,5,2020-07-28,1,2020-07-28,1
M01,august_2020_arm_1,ento_form_1a_immediately_processed_summary,1,2020-08-04,,9,0,0,1,0,0,1,,0,3,0,2,4,0,9,,2,,3,2020-08-27,1,2020-08-27,2
M01,august_2020_arm_1,ento_form_1a_immediately_processed_summary,2,2020-08-18,,9,0,0,0,0,0,0,,0,0,1,1,2,0,4,,2,,3,2020-08-28,1,2020-08-28,2
M01,august_2020_arm_1,ento_form_1a_immediately_processed_summary,3,2020-08-25,,9,0,0,0,0,0,0,,0,0,0,1,6,0,7,,2,,3,2020-08-28,1,2020-08-28,2
M01,september_2020_arm_1,ento_form_1a_immediately_processed_summary,1,2020-09-01,,3,0,0,0,0,0,0,,0,3,0,2,4,0,9,,4,,5,2020-09-14,1,2020-09-14,2
M01,september_2020_arm_1,ento_form_1a_immediately_processed_summary,2,2020-09-15,,3,0,0,0,0,0,0,,1,2,0,4,5,0,11,,4,,3,2020-09-15,1,2020-09-15,2
M01,september_2020_arm_1,ento_form_1a_immediately_processed_summary,3,2020-09-22,,3,1,0,0,0,0,1,,0,1,0,0,1,0,2,,2,,3,2020-09-23,1,2020-09-23,2
M01,october_2020_arm_1,ento_form_1a_immediately_processed_summary,1,2020-10-06,,4,0,0,0,0,0,0,,0,1,2,2,4,0,9,,2,,3,2020-10-06,1,2020-10-06,2
M01,october_2020_arm_1,ento_form_1a_immediately_processed_summary,2,2020-10-27,,4,0,1,0,0,0,1,,0,1,5,3,28,1,38,,68,,4,2020-10-27,1,2020-10-27,2
M01,november_2020_arm_1,ento_form_1a_immediately_processed_summary,1,2020-11-03,,5,0,0,1,0,0,1,,0,2,0,5,6,0,13,,31,,5,2020-11-03,1,2020-11-03,2
M01,november_2020_arm_1,ento_form_1a_immediately_processed_summary,2,2020-11-17,,5,0,0,0,0,0,0,,0,3,5,2,10,0,20,,23,,3,2020-11-18,1,2020-11-18,2
M01,november_2020_arm_1,ento_form_1a_immediately_processed_summary,3,2020-11-24,,5,0,0,0,0,0,0,,0,3,10,14,8,0,35,,21,,4,2020-11-30,1,2020-11-30,2
M01,december_2020_arm_1,ento_form_1a_immediately_processed_summary,1,2020-12-01,,8,0,0,0,0,0,0,,0,0,0,6,3,0,9,,13,,3,2020-12-01,1,2020-12-01,2
M01,december_2020_arm_1,ento_form_1a_immediately_processed_summary,2,2020-12-15,,8,0,0,0,0,0,0,,0,1,3,8,13,0,25,,26,,3,2020-12-15,1,2020-12-15,2
M01,january_2021_arm_1,ento_form_1a_immediately_processed_summary,1,2021-01-05,,6,0,1,1,0,0,2,,0,6,0,7,8,0,21,,18,,3,2021-01-07,1,2021-01-07,2
M01,january_2021_arm_1,ento_form_1a_immediately_processed_summary,2,2021-01-19,,6,0,0,2,1,0,3,,0,1,0,4,4,0,9,,15,,3,2021-02-01,1,2021-02-01,2
M01,january_2021_arm_1,ento_form_1a_immediately_processed_summary,3,2021-01-26,,6,0,0,0,0,0,0,,0,1,0,0,1,0,2,,11,,3,2021-02-01,1,2021-02-01,2
M01,feburary_2021_arm_1,ento_form_1a_immediately_processed_summary,1,2021-02-16,,7,0,0,1,0,0,1,,1,0,0,2,6,0,8,,9,,3,2021-03-01,1,2021-03-01,2
M01,feburary_2021_arm_1,ento_form_1a_immediately_processed_summary,2,2021-02-23,,7,0,1,2,2,0,5,,2,2,0,0,2,0,4,,0,,3,2021-03-03,1,2021-03-03,2
M01,march_2021_arm_1,ento_form_1a_immediately_processed_summary,1,2021-03-16,,2,0,1,2,0,0,3,,0,0,0,1,2,0,3,,3,,3,2021-03-29,1,2021-03-29,2
M01,march_2021_arm_1,ento_form_1a_immediately_processed_summary,2,2021-03-23,,2,0,1,1,0,0,2,,3,0,0,1,1,0,2,,1,,3,2021-03-29,1,2021-03-29,2
M01,march_2021_arm_1,ento_form_1a_immediately_processed_summary,3,2021-03-30,,2,0,2,0,4,0,6,,3,0,0,2,1,0,3,,1,,3,2021-03-31,1,2021-03-31,2
M01,april_2021_arm_1,ento_form_1a_immediately_processed_summary,1,2021-04-20,,4,0,4,1,4,0,9,,2,0,1,0,0,0,1,,2,,3,2021-04-26,1,2021-04-26,2
M01,april_2021_arm_1,ento_form_1a_immediately_processed_summary,2,2021-04-27,,5,0,5,0,2,0,7,,7,1,0,4,2,0,7,,2,,5,2021-04-28,1,2021-04-28,2
M01,may_2021_arm_1,ento_form_1a_immediately_processed_summary,1,2021-05-25,,3,6,29,3,16,0,54,,9,4,2,3,4,0,13,,13,,5,2021-06-09,1,2021-06-09,2
M01,may_2021_arm_1,ento_form_1a_immediately_processed_summary,2,2021-05-18,,3,3,29,0,15,0,47,,14,1,2,0,0,0,3,,0,,5,2021-06-09,1,2021-06-09,2
M01,june_2021_arm_1,ento_form_1a_immediately_processed_summary,1,2021-06-15,,7,1,27,11,4,0,43,,9,1,2,2,3,0,8,,3,,4,2021-07-01,1,2021-07-01,2
M01,june_2021_arm_1,ento_form_1a_immediately_processed_summary,2,2021-06-22,,7,1,14,5,9,0,29,,1,0,2,10,2,0,14,,1,,6,2021-07-02,1,2021-07-02,2
M01,june_2021_arm_1,ento_form_1a_immediately_processed_summary,3,2021-06-29,,7,0,1,0,0,0,1,,2,0,0,1,2,0,3,,1,,6,2021-07-02,1,2021-07-02,2
M01,july_2021_arm_1,ento_form_1a_immediately_processed_summary,1,2021-07-27,,4,1,0,0,1,0,2,,3,4,2,1,6,1,14,,5,,6,2021-08-04,1,2021-08-04,2
M01,august_2021_arm_1,ento_form_1a_immediately_processed_summary,1,2021-08-24,,6,0,1,0,0,0,1,,1,0,0,0,2,0,2,,6,,6,2021-09-01,1,2021-09-01,2
M01,august_2021_arm_1,ento_form_1a_immediately_processed_summary,2,2021-08-17,,6,0,0,0,0,0,0,,0,4,0,3,1,0,8,,9,,6,2021-09-01,1,2021-09-01,2
M01,august_2021_arm_1,ento_form_1a_immediately_processed_summary,3,2021-08-31,,6,0,0,0,0,0,0,,0,0,0,0,3,0,3,,1,,6,2021-09-02,1,2021-09-02,2
M01,september_2021_arm_1,ento_form_1a_immediately_processed_summary,1,2021-09-21,,9,0,0,0,0,0,0,,0,1,1,0,7,0,9,,0,,3,2021-09-28,1,2021-09-28,2
M01,september_2021_arm_1,ento_form_1a_immediately_processed_summary,2,2021-09-28,,6,0,0,0,0,0,0,,1,2,2,0,8,0,12,,2,,3,2021-09-28,1,2021-09-28,2
M01,october_2021_arm_1,ento_form_1a_immediately_processed_summary,1,2021-10-19,,2,0,0,0,0,0,0,,1,0,2,2,2,0,6,,1,,3,2021-10-25,1,2021-10-25,2
M01,october_2021_arm_1,ento_form_1a_immediately_processed_summary,2,2021-10-26,,2,0,0,0,0,0,0,,0,4,6,13,11,0,34,,7,,3,2021-10-27,1,2021-10-27,2
M01,november_2021_arm_1,ento_form_1a_immediately_processed_summary,1,2021-11-23,,4,0,0,0,0,0,0,,0,5,5,6,4,1,21,,2,,3,2021-11-24,1,2021-11-24,2
M01,november_2021_arm_1,ento_form_1a_immediately_processed_summary,2,2021-11-16,,4,0,0,0,0,0,0,,1,4,19,10,23,0,56,,33,,3,2021-11-24,1,2021-11-24,2
M01,december_2021_arm_1,ento_form_1a_immediately_processed_summary,1,2021-12-14,,3,0,0,0,0,0,0,,0,4,0,9,12,1,26,,22,,3,2021-12-20,1,2021-12-20,2
M01,january_2022_arm_1,ento_form_1a_immediately_processed_summary,1,2022-01-25,,7,0,1,0,0,0,1,,0,0,1,1,4,0,6,,17,,3,2022-01-25,1,2022-01-25,2
M01,january_2022_arm_1,ento_form_1a_immediately_processed_summary,2,2022-01-18,,7,0,0,0,0,0,0,,0,3,0,3,3,0,9,,4,,3,2022-01-25,1,2022-01-25,2
M01,february_2022_arm_1,ento_form_1a_immediately_processed_summary,1,2022-02-15,,9,0,0,0,1,0,1,,0,0,3,0,2,0,5,,4,,3,2022-02-16,1,2022-02-16,2
M01,february_2022_arm_1,ento_form_1a_immediately_processed_summary,2,2022-02-22,,9,0,0,0,0,0,0,,0,1,0,1,2,0,4,,1,,3,2022-02-23,1,2022-02-23,2
M01,march_2022_arm_1,ento_form_1a_immediately_processed_summary,1,2022-03-22,,6,0,0,0,1,0,1,,0,1,0,0,0,0,1,,3,,3,2022-03-23,1,2022-03-23,2
M01,march_2022_arm_1,ento_form_1a_immediately_processed_summary,2,2022-03-15,,6,0,0,0,0,0,0,,0,0,0,0,0,0,0,,0,,3,2022-03-23,1,2022-03-23,2
M01,march_2022_arm_1,ento_form_1a_immediately_processed_summary,3,2022-03-29,,6,0,1,0,1,0,2,,0,0,0,1,0,0,1,,3,,3,2022-03-30,1,2022-03-30,2
M01,april_2022_arm_1,ento_form_1a_immediately_processed_summary,1,2022-04-27,,5,0,0,0,0,0,0,,0,0,0,0,0,0,0,,1,,3,2022-04-27,1,2022-04-27,2
M01,april_2022_arm_1,ento_form_1a_immediately_processed_summary,2,2022-04-05,,4,0,1,0,0,0,1,,0,1,0,0,0,0,1,,0,,3,2022-04-27,1,2022-04-27,2
M01,may_2022_arm_1,ento_form_1a_immediately_processed_summary,1,2022-05-24,,10,0,0,0,0,0,0,,0,0,0,4,1,0,5,,0,,3,2022-05-30,1,2022-05-30,2
M01,may_2022_arm_1,ento_form_1a_immediately_processed_summary,2,2022-05-17,,10,0,0,0,0,0,0,,0,0,0,3,0,0,3,,0,,3,2022-05-30,1,2022-05-30,2
M01,june_2022_arm_1,ento_form_1a_immediately_processed_summary,1,2022-06-21,,7,0,0,0,0,0,0,,0,10,4,11,12,0,37,,2,,3,2022-06-30,1,2022-06-30,2
M01,june_2022_arm_1,ento_form_1a_immediately_processed_summary,2,2022-06-14,,7,0,0,0,0,0,0,,0,8,2,20,14,0,44,,2,,3,2022-06-30,1,2022-06-30,2
M01,july_2022_arm_1,ento_form_1a_immediately_processed_summary,1,2022-07-12,,9,0,0,0,0,0,0,,0,4,3,5,1,0,13,,5,,3,2022-07-19,1,2022-07-19,2
M01,july_2022_arm_1,ento_form_1a_immediately_processed_summary,2,2022-07-19,,4,0,0,0,0,0,0,,1,6,5,5,2,0,18,,7,,3,2022-07-19,1,2022-07-19,2
M01,july_2022_arm_1,ento_form_1a_immediately_processed_summary,3,2022-07-26,,4,0,0,0,0,0,0,,0,1,8,0,1,0,10,,1,,4,2022-08-02,1,2022-08-02,2
M01,august_2022_arm_1,ento_form_1a_immediately_processed_summary,1,2022-08-02,,9,0,0,0,0,0,0,,0,1,2,3,4,0,10,,1,,4,2022-08-04,1,2022-08-04,2
M01,august_2022_arm_1,ento_form_1a_immediately_processed_summary,2,2022-08-23,,9,0,1,1,0,0,2,,0,0,0,0,2,0,2,,5,,3,2022-09-01,1,2022-09-01,2
M01,september_2022_arm_1,ento_form_1a_immediately_processed_summary,1,2022-09-20,,6,0,0,0,0,0,0,,0,6,3,3,6,0,18,,9,,3,2022-09-23,1,2022-09-23,2
M01,september_2022_arm_1,ento_form_1a_immediately_processed_summary,2,2022-09-13,,6,0,0,0,1,0,1,,0,0,0,4,7,0,11,,8,,3,2022-09-23,1,2022-09-23,2
M01,october_2022_arm_1,ento_form_1a_immediately_processed_summary,1,2022-10-11,,5,0,0,0,0,0,0,,0,2,0,0,1,0,3,,3,,4,2022-10-19,1,2022-10-19,2
M01,october_2022_arm_1,ento_form_1a_immediately_processed_summary,2,2022-10-18,,5,0,0,0,0,0,0,,0,6,0,2,5,0,13,,11,,4,2022-10-19,1,2022-10-19,2
M01,october_2022_arm_1,ento_form_1a_immediately_processed_summary,3,2022-10-25,,5,0,0,0,0,0,0,,0,3,6,4,6,0,19,,9,,11,2022-10-27,1,2022-10-27,2
M01,november_2022_arm_1,ento_form_1a_immediately_processed_summary,1,2022-11-15,,7,0,0,0,0,0,0,,0,1,6,16,9,0,32,,24,,12,2022-11-15,1,2022-11-15,2
M01,november_2022_arm_1,ento_form_1a_immediately_processed_summary,2,2022-11-22,,2,0,0,0,0,0,0,,0,2,5,2,5,0,14,,7,,12,2022-11-22,1,2022-11-22,2
M01,december_2022_arm_1,ento_form_1a_immediately_processed_summary,1,2022-12-13,,9,0,0,0,0,0,0,,0,2,4,5,3,0,14,,5,,10,2022-12-13,1,2022-12-13,2
M01,december_2022_arm_1,ento_form_1a_immediately_processed_summary,2,2022-12-20,,9,0,0,0,0,0,0,,0,2,6,3,6,0,17,,10,,12,2022-12-20,1,2022-12-20,2
M03,january_2020_arm_1,ento_form_1a_immediately_processed_summary,1,2020-01-21,,6,0,0,0,0,0,0,,1,6,2,5,10,0,23,,13,,3,2020-04-09,1,2020-04-09,1
M03,january_2020_arm_1,ento_form_1a_immediately_processed_summary,2,2020-01-28,,6,0,0,0,0,0,0,,1,0,0,5,3,0,8,,2,,3,2020-04-09,1,2020-04-09,1
M03,february_2020_arm_1,ento_form_1a_immediately_processed_summary,1,2020-02-04,,9,0,0,0,1,0,1,,1,0,0,1,0,0,1,,1,,3,2020-04-20,1,2020-04-20,1
M03,february_2020_arm_1,ento_form_1a_immediately_processed_summary,2,2020-02-18,,9,0,0,0,0,0,0,,0,2,1,1,3,1,8,,10,,3,2020-04-20,1,2020-04-20,1
M03,february_2020_arm_1,ento_form_1a_immediately_processed_summary,3,2020-02-25,,9,0,0,0,0,0,0,,0,2,2,3,1,0,8,,5,,3,2020-04-20,1,2020-04-20,1
M03,march_2020_arm_1,ento_form_1a_immediately_processed_summary,1,2020-03-03,,6,0,0,0,0,0,0,,0,1,0,4,3,0,8,,4,,3,2020-04-28,1,2020-04-28,1
M03,march_2020_arm_1,ento_form_1a_immediately_processed_summary,2,2020-03-17,,6,0,0,0,0,0,0,,0,1,0,0,3,0,4,,6,,3,2020-04-30,1,2020-04-30,1
M03,june_2020_arm_1,ento_form_1a_immediately_processed_summary,1,2020-06-02,,6,0,0,0,0,0,0,,1,36,2,3,15,0,56,,55,,3,2020-06-04,1,2020-06-04,1
M03,june_2020_arm_1,ento_form_1a_immediately_processed_summary,2,2020-06-16,,6,0,0,0,0,0,0,,1,22,2,7,17,0,48,,53,,3,2020-06-17,1,2020-06-17,1
M03,june_2020_arm_1,ento_form_1a_immediately_processed_summary,3,2020-06-23,,2,1,1,0,0,0,2,,0,5,4,7,11,1,28,,53,,3,2020-06-29,1,2020-06-29,1
M03,july_2020_arm_1,ento_form_1a_immediately_processed_summary,1,2020-07-07,,8,0,0,0,0,0,0,,0,7,1,3,9,0,20,,37,,3,2020-07-09,1,2020-07-09,1
M03,july_2020_arm_1,ento_form_1a_immediately_processed_summary,2,2020-07-21,,8,0,0,0,0,0,0,,0,4,6,2,4,0,16,,15,,5,2020-07-28,1,2020-07-28,1
M03,july_2020_arm_1,ento_form_1a_immediately_processed_summary,3,2020-07-28,,8,0,0,0,0,0,0,,0,0,1,6,8,0,15,,4,,4,2020-07-28,1,2020-07-28,1
M03,august_2020_arm_1,ento_form_1a_immediately_processed_summary,1,2020-08-04,,9,0,1,0,0,0,1,,0,0,0,1,2,0,3,,2,,3,2020-08-27,1,2020-08-27,2
M03,august_2020_arm_1,ento_form_1a_immediately_processed_summary,2,2020-08-18,,9,0,0,0,0,0,0,,0,1,1,0,3,1,6,,3,,3,2020-08-28,1,2020-08-28,2
M03,august_2020_arm_1,ento_form_1a_immediately_processed_summary,3,2020-08-25,,9,1,0,0,0,0,1,,0,0,1,1,3,0,5,,4,,3,2020-08-28,1,2020-08-28,2
M03,september_2020_arm_1,ento_form_1a_immediately_processed_summary,1,2020-09-01,,3,0,0,0,1,0,1,,0,2,0,2,1,0,5,,3,,5,2020-09-14,1,2020-09-14,2
M03,september_2020_arm_1,ento_form_1a_immediately_processed_summary,2,2020-09-15,,3,0,0,0,0,0,0,,0,2,0,1,5,0,8,,4,,3,2020-09-15,1,2020-09-15,2
M03,september_2020_arm_1,ento_form_1a_immediately_processed_summary,3,2020-09-22,,3,0,0,1,1,0,2,,0,3,1,3,2,0,9,,2,,3,2020-09-23,1,2020-09-23,2
M03,october_2020_arm_1,ento_form_1a_immediately_processed_summary,1,2020-10-06,,4,0,0,0,0,0,0,,0,3,2,0,3,0,8,,5,,3,2020-10-06,1,2020-10-06,2
M03,october_2020_arm_1,ento_form_1a_immediately_processed_summary,2,2020-10-27,,4,0,0,0,0,0,0,,0,5,0,2,23,1,31,,38,,4,2020-10-27,1,2020-10-27,2
M03,november_2020_arm_1,ento_form_1a_immediately_processed_summary,1,2020-11-03,,5,0,0,0,0,0,0,,0,0,0,2,2,0,4,,12,,5,2020-11-03,1,2020-11-03,2
M03,november_2020_arm_1,ento_form_1a_immediately_processed_summary,2,2020-11-17,,5,0,0,0,0,0,0,,0,3,0,3,8,0,14,,11,,3,2020-11-18,1,2020-11-18,2
M03,november_2020_arm_1,ento_form_1a_immediately_processed_summary,3,2020-11-24,,5,0,0,0,2,0,2,,0,3,5,1,8,0,17,,23,,4,2020-11-30,1,2020-11-30,2
M03,december_2020_arm_1,ento_form_1a_immediately_processed_summary,1,2020-12-01,,8,0,0,0,0,0,0,,0,2,0,0,5,0,7,,14,,3,2020-12-01,1,2020-12-01,2
M03,december_2020_arm_1,ento_form_1a_immediately_processed_summary,2,2020-12-15,,8,0,0,0,0,0,0,,0,6,0,5,16,0,27,,15,,3,2020-12-15,1,2020-12-15,2
M03,january_2021_arm_1,ento_form_1a_immediately_processed_summary,1,2021-01-05,,6,0,0,0,0,0,0,,0,0,0,3,6,0,9,,11,,3,2021-01-07,1,2021-01-07,2
M03,january_2021_arm_1,ento_form_1a_immediately_processed_summary,2,2021-01-19,,6,0,0,0,0,0,0,,1,0,0,0,1,0,1,,15,,3,2021-02-01,1,2021-02-01,2
M03,january_2021_arm_1,ento_form_1a_immediately_processed_summary,3,2021-01-26,,6,1,0,0,2,0,3,,3,1,0,0,7,0,8,,16,,3,2021-02-01,1,2021-02-01,2
M03,feburary_2021_arm_1,ento_form_1a_immediately_processed_summary,1,2021-02-16,,7,1,0,0,0,0,1,,1,0,0,2,2,0,4,,6,,3,2021-02-23,1,2021-02-23,2
M03,feburary_2021_arm_1,ento_form_1a_immediately_processed_summary,2,2021-02-23,,7,0,0,0,0,0,0,,3,0,0,0,0,1,1,,0,,3,2021-03-03,1,2021-03-03,2
M03,march_2021_arm_1,ento_form_1a_immediately_processed_summary,1,2021-03-16,,2,0,0,0,0,0,0,,5,0,1,0,1,0,2,,2,,3,2021-03-29,1,2021-03-29,2
M03,march_2021_arm_1,ento_form_1a_immediately_processed_summary,2,2021-03-23,,2,1,1,0,1,0,3,,6,0,1,1,0,0,2,,1,,3,2021-03-29,1,2021-03-29,2
M03,march_2021_arm_1,ento_form_1a_immediately_processed_summary,3,2021-03-30,,2,0,1,6,0,0,7,,6,0,0,2,2,0,4,,2,,3,2021-03-31,1,2021-03-31,2
M03,april_2021_arm_1,ento_form_1a_immediately_processed_summary,1,2021-04-20,,4,0,2,0,0,0,2,,5,2,1,0,1,0,4,,3,,3,2021-04-25,1,2021-04-25,2
M03,may_2021_arm_1,ento_form_1a_immediately_processed_summary,1,2021-05-25,,3,2,16,0,0,0,18,,19,1,0,2,3,0,6,,16,,5,2021-06-09,1,2021-06-09,2
M03,may_2021_arm_1,ento_form_1a_immediately_processed_summary,2,2021-05-18,,3,5,8,0,0,0,13,,27,2,0,1,1,0,4,,1,,5,2021-06-09,1,2021-06-09,2
M03,june_2021_arm_1,ento_form_1a_immediately_processed_summary,1,2021-06-15,,7,4,6,0,0,0,10,,12,0,1,0,3,0,4,,2,,4,2021-07-01,1,2021-07-01,2
M03,june_2021_arm_1,ento_form_1a_immediately_processed_summary,2,2021-06-22,,7,0,3,1,0,0,4,,6,0,0,1,1,0,2,,3,,6,2021-07-02,1,2021-07-02,2
M03,june_2021_arm_1,ento_form_1a_immediately_processed_summary,3,2021-06-29,,7,2,3,0,1,0,6,,3,0,0,2,3,0,5,,3,,6,2021-07-02,1,2021-07-02,2
M03,july_2021_arm_1,ento_form_1a_immediately_processed_summary,1,2021-07-27,,4,0,0,0,1,0,1,,5,0,0,0,5,0,5,,3,,6,2021-08-04,1,2021-08-04,2
M03,august_2021_arm_1,ento_form_1a_immediately_processed_summary,1,2021-08-17,,6,0,1,0,0,0,1,,1,0,0,0,0,0,0,,0,,6,2021-08-19,1,2021-08-19,2
M03,august_2021_arm_1,ento_form_1a_immediately_processed_summary,2,2021-08-24,,6,1,0,0,0,0,1,,0,0,0,0,1,0,1,,3,,6,2021-09-01,1,2021-09-01,2
M03,august_2021_arm_1,ento_form_1a_immediately_processed_summary,3,2021-08-31,,6,0,1,1,0,0,2,,1,1,0,0,5,0,6,,1,,6,2021-09-01,1,2021-09-01,2
M03,september_2021_arm_1,ento_form_1a_immediately_processed_summary,1,2021-09-21,,9,0,0,0,0,0,0,,2,0,0,0,2,0,2,,0,,3,2021-09-28,1,2021-09-28,2
M03,september_2021_arm_1,ento_form_1a_immediately_processed_summary,2,2021-09-28,,6,0,0,0,0,0,0,,0,1,1,0,0,0,2,,3,,3,2021-09-28,1,2021-09-28,2
M03,october_2021_arm_1,ento_form_1a_immediately_processed_summary,1,2021-10-19,,2,0,0,0,0,0,0,,0,1,1,1,5,0,8,,8,,3,2021-10-25,1,2021-10-25,2
M03,october_2021_arm_1,ento_form_1a_immediately_processed_summary,2,2021-10-26,,2,0,0,0,0,0,0,,0,0,0,0,8,0,8,,5,,3,2021-10-27,1,2021-10-27,2
M03,november_2021_arm_1,ento_form_1a_immediately_processed_summary,1,2021-11-23,,4,0,0,0,0,0,0,,0,3,0,1,3,0,7,,5,,3,2021-11-24,1,2021-11-24,2
M03,november_2021_arm_1,ento_form_1a_immediately_processed_summary,2,2021-11-16,,4,0,0,0,0,0,0,,0,7,0,2,7,0,16,,8,,3,2021-11-24,1,2021-11-24,2
M03,december_2021_arm_1,ento_form_1a_immediately_processed_summary,1,2021-12-14,,3,0,0,0,0,0,0,,0,12,0,3,8,0,23,,12,,3,2021-12-20,1,2021-12-20,2
M03,january_2022_arm_1,ento_form_1a_immediately_processed_summary,1,2022-01-25,,7,0,0,0,0,0,0,,0,1,0,0,0,0,1,,2,,3,2022-01-25,1,2022-01-25,2
M03,january_2022_arm_1,ento_form_1a_immediately_processed_summary,2,2022-01-18,,7,0,0,0,0,0,0,,1,1,1,0,0,0,2,,7,,3,2022-01-25,1,2022-01-25,2
M03,february_2022_arm_1,ento_form_1a_immediately_processed_summary,1,2022-02-15,,9,0,0,0,0,0,0,,0,0,0,0,0,0,0,,2,,3,2022-02-16,1,2022-02-16,2
M03,february_2022_arm_1,ento_form_1a_immediately_processed_summary,2,2022-02-22,,9,0,0,0,0,0,0,,1,1,0,0,1,0,2,,2,,3,2022-02-23,2,2022-02-23,2
M03,march_2022_arm_1,ento_form_1a_immediately_processed_summary,1,2022-03-22,,6,0,0,0,0,0,0,,1,0,0,0,0,0,0,,4,,3,2022-03-23,1,2022-03-23,2
M03,march_2022_arm_1,ento_form_1a_immediately_processed_summary,2,2022-03-15,,6,0,0,0,0,0,0,,1,0,1,1,0,0,2,,1,,3,2022-03-23,1,2022-03-23,2
M03,march_2022_arm_1,ento_form_1a_immediately_processed_summary,3,2022-03-29,,6,0,0,0,1,0,1,,0,0,0,0,0,0,0,,5,,3,2022-03-30,1,2022-03-30,2
M03,april_2022_arm_1,ento_form_1a_immediately_processed_summary,1,2022-04-27,,5,0,0,0,0,0,0,,0,0,0,0,2,0,2,,1,,3,2022-04-27,1,2022-04-27,2
M03,april_2022_arm_1,ento_form_1a_immediately_processed_summary,2,2022-04-05,,4,0,0,0,0,0,0,,0,2,1,0,0,0,3,,2,,3,2022-04-27,1,2022-04-27,2
M03,may_2022_arm_1,ento_form_1a_immediately_processed_summary,1,2022-05-24,,10,1,0,0,0,0,1,,0,1,1,3,0,0,5,,2,,3,2022-05-30,1,2022-05-30,2
M03,may_2022_arm_1,ento_form_1a_immediately_processed_summary,2,2022-05-17,,10,0,1,0,0,0,1,,1,0,0,0,2,0,2,,2,,3,2022-05-30,1,2022-05-30,2
M03,june_2022_arm_1,ento_form_1a_immediately_processed_summary,1,2022-06-21,,7,0,0,0,0,0,0,,2,5,0,0,3,0,8,,3,,3,2022-06-30,1,2022-06-30,2
M03,june_2022_arm_1,ento_form_1a_immediately_processed_summary,2,2022-06-14,,6,0,0,0,0,0,0,,0,3,2,2,2,0,9,,5,,3,2022-06-30,1,2022-06-30,2
M03,july_2022_arm_1,ento_form_1a_immediately_processed_summary,1,2022-07-12,,9,1,0,0,0,0,1,,0,3,0,1,3,0,7,,8,,3,2022-07-19,1,2022-07-19,2
M03,july_2022_arm_1,ento_form_1a_immediately_processed_summary,2,2022-07-19,,4,0,0,1,0,0,1,,0,2,0,0,2,0,4,,5,,3,2022-07-19,1,2022-07-19,2
M03,july_2022_arm_1,ento_form_1a_immediately_processed_summary,3,2022-07-26,,4,0,0,0,0,0,0,,0,3,2,3,7,0,15,,7,,4,2022-08-02,1,2022-08-02,2
M03,august_2022_arm_1,ento_form_1a_immediately_processed_summary,1,2022-08-02,,9,0,1,1,0,0,2,,1,3,0,2,5,0,10,,18,,4,2022-08-04,1,2022-08-04,2
M03,august_2022_arm_1,ento_form_1a_immediately_processed_summary,2,2022-08-23,,9,0,1,0,0,0,1,,0,0,1,1,0,0,2,,2,,3,2022-09-01,1,2022-09-01,2
M03,september_2022_arm_1,ento_form_1a_immediately_processed_summary,1,2022-09-20,,6,0,0,0,0,0,0,,0,1,1,0,7,0,9,,5,,3,2022-09-23,1,2022-09-23,2
M03,september_2022_arm_1,ento_form_1a_immediately_processed_summary,2,2022-09-13,,6,0,0,0,0,0,0,,0,0,1,1,0,0,2,,14,,3,2022-09-23,1,2022-09-23,2
M03,october_2022_arm_1,ento_form_1a_immediately_processed_summary,1,2022-10-11,,5,0,0,0,0,0,0,,0,2,0,0,4,0,6,,2,,4,2022-10-19,1,2022-10-19,2
M03,october_2022_arm_1,ento_form_1a_immediately_processed_summary,2,2022-10-18,,5,0,0,0,0,0,0,,0,3,1,0,2,0,6,,6,,4,2022-10-19,1,2022-10-19,2
M03,october_2022_arm_1,ento_form_1a_immediately_processed_summary,3,2022-10-25,,5,0,0,0,0,0,0,,0,4,2,3,5,0,14,,9,,11,2022-10-27,1,2022-10-27,2
M03,november_2022_arm_1,ento_form_1a_immediately_processed_summary,1,2022-11-15,,7,0,0,0,0,0,0,,0,1,0,2,1,0,4,,7,,12,2022-11-15,1,2022-11-15,2
M03,november_2022_arm_1,ento_form_1a_immediately_processed_summary,2,2022-11-22,,2,0,0,0,0,0,0,,0,1,1,2,5,0,9,,7,,12,2022-11-22,1,2022-11-22,2
M03,december_2022_arm_1,ento_form_1a_immediately_processed_summary,1,2022-12-13,,7,0,0,0,0,0,0,,0,0,2,1,2,1,6,,3,,10,2022-12-13,1,2022-12-13,2
M03,december_2022_arm_1,ento_form_1a_immediately_processed_summary,2,2022-12-20,,9,0,0,0,0,0,0,,0,2,3,5,4,1,15,,8,,12,2022-12-20,1,2022-12-20,2
M04,january_2020_arm_1,ento_form_1a_immediately_processed_summary,1,2020-01-21,,4,0,0,0,0,0,0,,1,5,0,7,3,0,15,,25,,3,2020-04-09,1,2020-04-09,1
M04,january_2020_arm_1,ento_form_1a_immediately_processed_summary,2,2020-01-28,,4,0,0,0,0,0,0,,1,4,0,2,2,0,8,,14,,3,2020-04-09,1,2020-04-09,1
M04,february_2020_arm_1,ento_form_1a_immediately_processed_summary,1,2020-02-04,,7,0,0,0,0,0,0,,0,1,0,1,2,0,4,,10,,3,2020-04-20,1,2020-04-20,1
M04,february_2020_arm_1,ento_form_1a_immediately_processed_summary,2,2020-02-18,,3,0,0,0,0,0,0,,0,2,0,2,2,0,6,,7,,3,2020-04-20,1,2020-04-20,1
M04,february_2020_arm_1,ento_form_1a_immediately_processed_summary,3,2020-02-25,,7,0,1,0,0,0,1,,0,4,0,2,5,0,11,,7,,3,2020-04-20,1,2020-04-20,1
M04,march_2020_arm_1,ento_form_1a_immediately_processed_summary,1,2020-03-03,,5,0,0,0,0,0,0,,0,0,0,1,8,0,9,,19,,3,2020-04-28,1,2020-04-28,1
M04,march_2020_arm_1,ento_form_1a_immediately_processed_summary,2,2020-03-17,,8,0,0,0,0,0,0,,0,0,2,0,0,0,2,,6,,3,2020-04-30,1,2020-04-30,1
M04,june_2020_arm_1,ento_form_1a_immediately_processed_summary,1,2020-06-02,,4,0,0,0,0,0,0,,0,2,0,2,4,0,8,,8,,3,2020-06-05,1,2020-06-05,1
M04,june_2020_arm_1,ento_form_1a_immediately_processed_summary,2,2020-06-16,,4,0,0,0,0,0,0,,0,8,2,7,5,0,22,,11,,3,2020-06-17,1,2020-06-17,1
M04,june_2020_arm_1,ento_form_1a_immediately_processed_summary,3,2020-06-23,,4,1,0,0,0,0,1,,0,7,2,3,6,6,24,,29,,3,2020-06-29,1,2020-06-29,1
M04,july_2020_arm_1,ento_form_1a_immediately_processed_summary,1,2020-07-07,,3,0,0,0,0,0,0,,0,1,2,8,2,0,13,,3,,3,2020-07-09,1,2020-07-09,1
M04,july_2020_arm_1,ento_form_1a_immediately_processed_summary,2,2020-07-21,,7,1,0,0,0,0,1,,0,3,4,5,7,0,19,,19,,4,2020-07-28,1,2020-07-28,1
M04,july_2020_arm_1,ento_form_1a_immediately_processed_summary,3,2020-07-28,,3,0,0,0,1,0,1,,0,1,0,1,3,1,6,,8,,4,2020-07-28,1,2020-07-28,1
M04,august_2020_arm_1,ento_form_1a_immediately_processed_summary,1,2020-08-04,,7,0,0,0,0,0,0,,0,1,3,2,5,0,11,,9,,4,2020-08-20,1,2020-08-20,2
M04,august_2020_arm_1,ento_form_1a_immediately_processed_summary,2,2020-08-18,,5,0,0,0,0,0,0,,0,3,0,2,0,0,5,,2,,3,2020-08-28,1,2020-08-28,2
M04,august_2020_arm_1,ento_form_1a_immediately_processed_summary,3,2020-08-25,,7,0,0,0,0,0,0,,0,1,0,5,3,0,9,,1,,3,2020-08-28,1,2020-08-28,2
M04,september_2020_arm_1,ento_form_1a_immediately_processed_summary,1,2020-09-01,,8,0,0,0,0,0,0,,0,0,2,7,2,0,11,,8,,5,2020-09-14,1,2020-09-14,2
M04,september_2020_arm_1,ento_form_1a_immediately_processed_summary,2,2020-09-15,,6,0,0,0,0,0,0,,0,2,5,2,6,0,15,,9,,3,2020-09-15,1,2020-09-15,2
M04,september_2020_arm_1,ento_form_1a_immediately_processed_summary,3,2020-09-22,,6,0,0,0,0,0,0,,0,6,8,13,11,0,38,,15,,3,2020-09-23,1,2020-09-23,2
M04,october_2020_arm_1,ento_form_1a_immediately_processed_summary,1,2020-10-06,,2,0,0,0,0,0,0,,0,7,3,2,20,0,32,,20,,3,2020-10-06,1,2020-10-06,2
M04,october_2020_arm_1,ento_form_1a_immediately_processed_summary,2,2020-10-27,,8,0,0,0,0,0,0,,0,3,1,2,3,0,9,,15,,4,2020-10-27,1,2020-10-27,2
M04,november_2020_arm_1,ento_form_1a_immediately_processed_summary,1,2020-11-03,,9,0,0,0,0,0,0,,0,1,0,1,0,0,2,,4,,5,2020-11-03,1,2020-11-03,2
M04,november_2020_arm_1,ento_form_1a_immediately_processed_summary,2,2020-11-17,,9,0,0,0,0,0,0,,0,2,0,1,1,0,4,,4,,3,2020-11-18,1,2020-11-18,2
M04,november_2020_arm_1,ento_form_1a_immediately_processed_summary,3,2020-11-24,,2,0,0,0,0,0,0,,0,2,5,1,5,0,13,,6,,4,2020-11-30,1,2020-11-30,2
M04,december_2020_arm_1,ento_form_1a_immediately_processed_summary,1,2020-12-01,,4,0,0,0,0,0,0,,0,0,0,4,5,0,9,,11,,3,2020-12-01,1,2020-12-01,2
M04,december_2020_arm_1,ento_form_1a_immediately_processed_summary,2,2020-12-15,,4,0,0,0,0,0,0,,0,0,2,2,0,0,4,,1,,3,2020-12-15,1,2020-12-15,2
M04,january_2021_arm_1,ento_form_1a_immediately_processed_summary,1,2021-01-05,,5,0,0,0,0,0,0,,0,0,4,1,4,0,9,,11,,3,2021-01-07,1,2021-01-07,2
M04,january_2021_arm_1,ento_form_1a_immediately_processed_summary,2,2021-01-19,,2,0,0,0,0,0,0,,0,3,0,3,1,0,7,,7,,3,2021-02-01,1,2021-02-01,2
M04,january_2021_arm_1,ento_form_1a_immediately_processed_summary,3,2021-01-26,,2,0,0,0,0,0,0,,0,0,0,0,0,0,0,,3,,3,2021-02-01,1,2021-02-01,2
M04,feburary_2021_arm_1,ento_form_1a_immediately_processed_summary,1,2021-02-16,,3,0,0,0,1,0,1,,5,3,2,2,4,0,11,,8,,3,2021-02-23,1,2021-02-23,2
M04,feburary_2021_arm_1,ento_form_1a_immediately_processed_summary,2,2021-02-23,,3,0,0,0,0,0,0,,2,1,0,1,1,1,4,,2,,3,2021-03-03,1,2021-03-03,2
M04,march_2021_arm_1,ento_form_1a_immediately_processed_summary,1,2021-03-16,,7,0,0,0,1,0,1,,2,0,0,0,2,0,2,,2,,3,2021-03-29,1,2021-03-29,2
M04,march_2021_arm_1,ento_form_1a_immediately_processed_summary,2,2021-03-23,,7,0,0,0,0,0,0,,4,0,0,0,2,0,2,,2,,3,2021-03-29,1,2021-03-29,2
M04,march_2021_arm_1,ento_form_1a_immediately_processed_summary,3,2021-03-30,,7,0,0,0,0,0,0,,1,0,1,1,2,0,4,,6,,3,2021-03-31,1,2021-03-31,2
M04,april_2021_arm_1,ento_form_1a_immediately_processed_summary,1,2021-04-20,,6,0,0,0,0,0,0,,1,1,0,1,1,0,3,,0,,3,2021-04-26,1,2021-04-26,2
M04,april_2021_arm_1,ento_form_1a_immediately_processed_summary,2,2021-04-27,,6,0,0,0,0,0,0,,0,0,1,0,0,0,1,,1,,5,2021-04-28,1,2021-04-28,2
M04,may_2021_arm_1,ento_form_1a_immediately_processed_summary,1,2021-05-25,,4,0,2,0,2,0,4,,8,0,0,1,1,0,2,,1,,5,2021-06-09,1,2021-06-09,2
M04,may_2021_arm_1,ento_form_1a_immediately_processed_summary,2,2021-05-18,,4,0,0,0,0,0,0,,0,3,0,0,1,0,4,,6,,5,2021-06-09,1,2021-06-09,2
M04,june_2021_arm_1,ento_form_1a_immediately_processed_summary,1,2021-06-15,,10,3,1,0,0,0,4,,20,4,0,0,1,0,5,,6,,5,2021-06-16,1,2021-06-16,2
M04,june_2021_arm_1,ento_form_1a_immediately_processed_summary,2,2021-06-22,,4,1,2,0,1,0,4,,8,0,0,1,1,0,2,,1,,6,2021-07-02,1,2021-07-02,2
M04,june_2021_arm_1,ento_form_1a_immediately_processed_summary,3,2021-06-29,,10,1,0,0,0,0,1,,12,2,0,0,5,0,7,,1,,6,2021-07-02,1,2021-07-02,2
M04,july_2021_arm_1,ento_form_1a_immediately_processed_summary,1,2021-07-27,,2,1,0,0,2,0,3,,2,2,0,0,2,0,4,,5,,6,2021-08-04,1,2021-08-04,2
M04,august_2021_arm_1,ento_form_1a_immediately_processed_summary,1,2021-08-17,,9,0,0,0,0,0,0,,3,0,0,0,0,00,0,,0,,6,2021-08-19,1,2021-08-19,2
M04,august_2021_arm_1,ento_form_1a_immediately_processed_summary,2,2021-08-24,,9,0,0,0,0,0,0,,0,0,1,0,0,0,1,,1,,6,2021-09-01,1,2021-09-01,2
M04,august_2021_arm_1,ento_form_1a_immediately_processed_summary,3,2021-08-31,,9,0,0,0,0,0,0,,0,0,0,0,0,0,0,,0,,6,2021-09-01,1,2021-09-01,2
M04,september_2021_arm_1,ento_form_1a_immediately_processed_summary,1,2021-09-21,,3,0,0,0,0,0,0,,0,0,0,0,0,0,0,,0,,3,2021-09-28,1,2021-09-28,2
M04,september_2021_arm_1,ento_form_1a_immediately_processed_summary,2,2021-09-28,,3,0,0,0,0,0,0,,0,0,3,0,5,0,8,,4,,3,2021-09-28,1,2021-09-28,2
M04,october_2021_arm_1,ento_form_1a_immediately_processed_summary,1,2021-10-19,,7,0,0,0,0,0,0,,0,1,1,4,1,0,7,,4,,3,2021-10-25,1,2021-10-25,2
M04,october_2021_arm_1,ento_form_1a_immediately_processed_summary,2,2021-10-26,,9,0,0,0,0,0,0,,0,3,1,0,3,0,7,,2,,3,2021-10-27,1,2021-10-27,2
M04,november_2021_arm_1,ento_form_1a_immediately_processed_summary,1,2021-11-23,,6,0,0,0,0,0,0,,0,1,0,1,2,0,4,,10,,3,2021-11-24,1,2021-11-24,2
M04,november_2021_arm_1,ento_form_1a_immediately_processed_summary,2,2021-11-16,,6,0,0,0,0,0,0,,0,2,0,0,6,0,8,,10,,3,2021-11-24,1,2021-11-24,2
M04,november_2021_arm_1,ento_form_1a_immediately_processed_summary,3,2022-10-25,,7,0,0,0,0,0,0,,0,7,1,2,5,0,15,,18,,11,2022-11-01,1,2022-11-01,2
M04,december_2021_arm_1,ento_form_1a_immediately_processed_summary,1,2021-12-14,,2,0,0,0,0,0,0,,0,0,0,1,1,0,2,,1,,3,2021-12-20,1,2021-12-20,2
M04,january_2022_arm_1,ento_form_1a_immediately_processed_summary,1,2022-01-25,,10,0,0,0,0,0,0,,0,0,0,0,1,0,1,,5,,3,2022-01-25,1,2022-01-25,2
M04,january_2022_arm_1,ento_form_1a_immediately_processed_summary,2,2022-01-18,,10,0,0,0,0,0,0,,0,0,0,1,1,0,2,,1,,3,2022-01-25,1,2022-01-25,2
M04,february_2022_arm_1,ento_form_1a_immediately_processed_summary,1,2022-02-15,,4,0,0,0,1,0,1,,1,0,0,1,2,0,3,,1,,3,2022-02-16,1,2022-02-16,2
M04,february_2022_arm_1,ento_form_1a_immediately_processed_summary,2,2022-02-22,,4,0,0,0,0,0,0,,0,0,0,1,2,0,3,,1,,3,2022-02-23,1,2022-02-23,2
M04,march_2022_arm_1,ento_form_1a_immediately_processed_summary,1,2022-03-22,,9,0,0,0,0,0,0,,0,0,0,0,0,0,0,,0,,3,2022-03-23,1,2022-03-23,2
M04,march_2022_arm_1,ento_form_1a_immediately_processed_summary,2,2022-03-15,,4,0,0,0,0,0,0,,0,0,0,0,0,0,0,,0,,3,2022-03-23,1,2022-03-23,2
M04,march_2022_arm_1,ento_form_1a_immediately_processed_summary,3,2022-03-29,,9,0,0,0,0,0,0,,0,1,0,0,0,0,1,,1,,3,2022-03-30,1,2022-03-30,2
M04,april_2022_arm_1,ento_form_1a_immediately_processed_summary,1,2022-04-27,,7,0,0,0,0,0,0,,0,0,0,0,2,0,2,,0,,3,2022-04-27,1,2022-04-27,2
M04,april_2022_arm_1,ento_form_1a_immediately_processed_summary,2,2022-04-05,,7,0,0,0,0,0,0,,0,0,1,0,2,0,3,,3,,3,2022-04-27,1,2022-04-27,2
M04,may_2022_arm_1,ento_form_1a_immediately_processed_summary,1,2022-05-24,,2,0,0,0,0,0,0,,0,8,0,1,3,0,12,,13,,3,2022-05-30,1,2022-05-30,2
M04,may_2022_arm_1,ento_form_1a_immediately_processed_summary,2,2022-05-17,,2,0,0,0,0,0,0,,0,2,0,0,1,0,3,,1,,3,2022-05-30,1,2022-05-30,2
M04,june_2022_arm_1,ento_form_1a_immediately_processed_summary,1,2022-06-21,,8,0,0,0,0,0,0,,0,57,10,41,13,0,121,,174,,3,2022-06-30,1,2022-06-30,2
M04,june_2022_arm_1,ento_form_1a_immediately_processed_summary,2,2022-06-14,,8,0,0,0,0,0,0,,0,18,0,8,8,0,34,,54,,3,2022-06-30,1,2022-06-30,2
M04,july_2022_arm_1,ento_form_1a_immediately_processed_summary,1,2022-07-12,,6,0,0,0,0,0,0,,0,117,2,21,13,0,153,,305,,3,2022-07-19,1,2022-07-19,2
M04,july_2022_arm_1,ento_form_1a_immediately_processed_summary,2,2022-07-19,,6,0,0,0,0,0,0,,0,91,10,15,19,0,135,,250,,3,2022-07-19,1,2022-07-19,2
M04,july_2022_arm_1,ento_form_1a_immediately_processed_summary,3,2022-07-26,,6,0,0,0,0,0,0,,1,27,12,6,18,0,63,,148,,4,2022-08-02,1,2022-08-02,2
M04,august_2022_arm_1,ento_form_1a_immediately_processed_summary,1,2022-08-02,,5,0,0,0,0,0,0,,0,1,5,4,9,1,20,,38,,4,2022-08-04,1,2022-08-04,2
M04,august_2022_arm_1,ento_form_1a_immediately_processed_summary,2,2022-08-23,,2,0,0,0,0,0,0,,0,0,0,0,1,0,1,,1,,3,2022-09-01,1,2022-09-01,2
M04,september_2022_arm_1,ento_form_1a_immediately_processed_summary,1,2022-09-20,,4,0,0,0,0,0,0,,1,1,3,0,3,0,7,,20,,3,2022-09-23,1,2022-09-23,2
M04,september_2022_arm_1,ento_form_1a_immediately_processed_summary,2,2022-09-13,,9,0,0,0,0,0,0,,1,2,3,4,6,0,15,,16,,3,2022-09-23,1,2022-09-23,2
M04,october_2022_arm_1,ento_form_1a_immediately_processed_summary,1,2022-10-11,,7,0,0,0,0,0,0,,0,4,0,8,10,0,22,,18,,4,2022-10-19,1,2022-10-19,2
M04,october_2022_arm_1,ento_form_1a_immediately_processed_summary,2,2022-10-18,,7,0,0,0,0,0,0,,0,1,2,6,4,0,13,,18,,4,2022-10-19,1,2022-10-19,2
M04,november_2022_arm_1,ento_form_1a_immediately_processed_summary,1,2022-11-15,,8,0,0,0,0,0,0,,0,3,1,9,14,0,27,,30,,12,2022-11-15,1,2022-11-15,2
M04,november_2022_arm_1,ento_form_1a_immediately_processed_summary,2,2022-11-22,,8,0,0,0,0,0,0,,0,0,0,0,1,0,1,,7,,12,2022-11-22,1,2022-11-22,2
M04,december_2022_arm_1,ento_form_1a_immediately_processed_summary,1,2022-12-13,,4,0,0,0,0,0,0,,0,1,2,0,8,0,11,,18,,10,2022-12-13,1,2022-12-13,2
M04,december_2022_arm_1,ento_form_1a_immediately_processed_summary,2,2022-12-20,,4,0,0,0,0,0,0,,0,3,0,2,4,0,9,,25,,12,2022-12-20,1,2022-12-20,2
M05,january_2020_arm_1,ento_form_1a_immediately_processed_summary,1,2020-01-21,,7,0,0,0,0,0,0,,2,4,0,7,8,0,19,,39,,3,2020-04-09,1,2020-04-09,1
M05,january_2020_arm_1,ento_form_1a_immediately_processed_summary,2,2020-01-28,,7,0,0,0,0,0,0,,1,0,0,0,0,0,0,,4,,3,2020-04-09,1,2020-04-09,1
M05,february_2020_arm_1,ento_form_1a_immediately_processed_summary,1,2020-02-04,,3,0,0,0,0,0,0,,0,2,0,3,3,0,8,,5,,3,2020-04-20,1,2020-04-20,1
M05,february_2020_arm_1,ento_form_1a_immediately_processed_summary,2,2020-02-18,,2,0,0,0,1,0,1,,0,2,0,2,5,0,9,,24,,3,2020-04-20,1,2020-04-20,1
M05,february_2020_arm_1,ento_form_1a_immediately_processed_summary,3,2020-02-25,,3,0,0,0,0,0,0,,0,1,1,4,2,0,8,,6,,3,2020-04-20,1,2020-04-20,1
M05,march_2020_arm_1,ento_form_1a_immediately_processed_summary,1,2020-03-03,,9,0,0,0,0,0,0,,2,0,0,0,2,0,2,,8,,3,2020-04-28,1,2020-04-28,1
M05,march_2020_arm_1,ento_form_1a_immediately_processed_summary,2,2020-03-17,,9,1,0,0,0,0,1,,0,0,1,1,2,0,4,,5,,3,2020-04-30,1,2020-04-30,1
M05,june_2020_arm_1,ento_form_1a_immediately_processed_summary,1,2020-06-02,,7,0,0,0,0,0,0,,1,15,6,31,40,0,92,,131,,3,2020-06-05,1,2020-06-05,1
M05,june_2020_arm_1,ento_form_1a_immediately_processed_summary,2,2020-06-16,,7,0,1,0,0,0,1,,1,3,2,19,18,0,42,,98,,3,2020-06-17,1,2020-06-17,1
M05,june_2020_arm_1,ento_form_1a_immediately_processed_summary,3,2020-06-23,,7,0,0,0,0,0,0,,1,3,2,14,9,0,28,,44,,3,2020-06-29,1,2020-06-29,1
M05,july_2020_arm_1,ento_form_1a_immediately_processed_summary,1,2020-07-07,,4,0,0,0,0,0,0,,0,10,3,6,14,3,36,,79,,3,2020-07-09,1,2020-07-09,1
M05,july_2020_arm_1,ento_form_1a_immediately_processed_summary,2,2020-07-28,,4,0,0,0,1,0,1,,0,5,7,3,15,0,30,,26,,4,2020-07-28,1,2020-07-28,1
M05,july_2020_arm_1,ento_form_1a_immediately_processed_summary,3,2020-07-21,,4,0,0,0,0,0,0,,1,8,4,3,20,4,39,,32,,5,2020-07-28,1,2020-07-28,1
M05,august_2020_arm_1,ento_form_1a_immediately_processed_summary,1,2020-08-04,,3,0,1,0,0,0,1,,0,2,5,6,3,0,16,,14,,3,2020-08-27,1,2020-08-27,2
M05,august_2020_arm_1,ento_form_1a_immediately_processed_summary,2,2020-08-18,,3,0,0,0,0,0,0,,0,7,0,5,3,0,15,,10,,3,2020-08-28,1,2020-08-28,2
M05,august_2020_arm_1,ento_form_1a_immediately_processed_summary,3,2020-08-25,,3,0,1,0,0,0,1,,0,2,1,2,4,0,9,,7,,3,2020-08-28,1,2020-08-28,2
M05,september_2020_arm_1,ento_form_1a_immediately_processed_summary,1,2020-09-01,,5,0,0,0,0,0,0,0,0,5,5,4,7,0,21,,18,,5,2020-09-14,1,2020-09-14,2
M05,september_2020_arm_1,ento_form_1a_immediately_processed_summary,2,2020-09-15,,5,0,0,0,0,0,0,,0,5,3,4,4,0,16,,14,,3,2020-09-15,1,2020-09-15,2
M05,september_2020_arm_1,ento_form_1a_immediately_processed_summary,3,2020-09-22,,5,0,0,0,0,0,0,,0,5,12,22,20,0,59,,36,,3,2020-09-23,1,2020-09-23,2
M05,october_2020_arm_1,ento_form_1a_immediately_processed_summary,1,2020-10-06,,9,0,0,1,0,0,1,,0,0,2,3,10,0,15,,18,,3,2020-10-06,1,2020-10-06,2
M05,october_2020_arm_1,ento_form_1a_immediately_processed_summary,2,2020-10-27,,9,0,0,0,0,0,0,,0,1,2,0,14,1,18,,28,,4,2020-10-27,1,2020-10-27,2
M05,november_2020_arm_1,ento_form_1a_immediately_processed_summary,1,2020-11-03,,6,0,0,0,0,0,0,,0,3,5,5,11,0,24,,41,,5,2020-11-03,1,2020-11-03,2
M05,november_2020_arm_1,ento_form_1a_immediately_processed_summary,2,2020-11-17,,6,0,0,0,0,0,0,,1,8,2,4,39,0,53,,68,,3,2020-11-18,1,2020-11-18,2
M05,november_2020_arm_1,ento_form_1a_immediately_processed_summary,3,2020-11-24,,6,0,0,0,0,0,0,,0,1,1,6,9,0,17,,44,,4,2020-11-30,1,2020-11-30,2
M05,december_2020_arm_1,ento_form_1a_immediately_processed_summary,1,2020-12-01,,2,0,0,0,0,0,0,,0,4,13,5,21,0,43,,73,,3,2020-12-01,1,2020-12-01,2
M05,december_2020_arm_1,ento_form_1a_immediately_processed_summary,2,2020-12-15,,9,0,0,0,0,0,0,,0,3,1,5,1,0,10,,16,,3,2020-12-15,1,2020-12-15,2
M05,january_2021_arm_1,ento_form_1a_immediately_processed_summary,1,2021-01-05,,2,0,0,0,0,0,0,,2,3,2,0,9,0,14,,57,,3,2021-01-07,1,2021-01-07,2
M05,january_2021_arm_1,ento_form_1a_immediately_processed_summary,2,2021-01-19,,7,0,1,0,0,0,1,,1,1,3,4,3,0,11,,6,,3,2021-02-01,1,2021-02-01,2
M05,january_2021_arm_1,ento_form_1a_immediately_processed_summary,3,2021-01-26,,7,0,0,1,0,0,1,,2,1,0,4,2,0,7,,34,,3,2021-02-01,1,2021-02-01,2
M05,feburary_2021_arm_1,ento_form_1a_immediately_processed_summary,1,2021-02-16,,4,0,2,1,0,0,3,,0,0,1,0,2,0,3,,4,,3,2021-03-01,1,2021-03-01,2
M05,feburary_2021_arm_1,ento_form_1a_immediately_processed_summary,2,2021-02-23,,4,1,1,1,1,0,4,,2,0,0,1,0,0,1,,0,,3,2021-03-03,1,2021-03-03,2
M05,march_2021_arm_1,ento_form_1a_immediately_processed_summary,1,2021-03-16,,8,0,0,0,0,0,0,,0,0,0,0,0,0,0,,2,,3,2021-03-29,1,2021-03-29,2
M05,march_2021_arm_1,ento_form_1a_immediately_processed_summary,2,2021-03-23,,3,0,0,0,0,0,0,,0,0,0,0,3,0,3,,0,,3,2021-03-29,1,2021-03-29,2
M05,march_2021_arm_1,ento_form_1a_immediately_processed_summary,3,2021-03-30,,6,0,0,0,1,0,1,,0,0,4,3,1,0,8,,3,,3,2021-03-31,1,2021-03-31,2
M05,april_2021_arm_1,ento_form_1a_immediately_processed_summary,1,2021-04-20,,2,0,0,1,0,0,1,,3,0,0,0,1,0,1,,3,,3,2021-04-25,1,2021-04-25,2
M05,april_2021_arm_1,ento_form_1a_immediately_processed_summary,2,2021-04-27,,5,1,1,0,3,0,5,,0,1,0,3,3,0,7,,0,,5,2021-04-28,1,2021-04-28,2
M05,may_2021_arm_1,ento_form_1a_immediately_processed_summary,1,2021-05-25,,9,0,0,0,0,0,0,,7,5,10,9,15,0,39,,15,,5,2021-06-09,1,2021-06-09,2
M05,may_2021_arm_1,ento_form_1a_immediately_processed_summary,2,2021-05-18,,9,0,1,0,0,0,1,,1,1,0,0,0,0,1,,1,,5,2021-06-09,1,2021-06-09,2
M05,june_2021_arm_1,ento_form_1a_immediately_processed_summary,1,2021-06-15,,2,0,2,0,1,0,3,,1,1,1,2,7,0,11,,9,,5,2021-06-16,1,2021-06-16,2
M05,june_2021_arm_1,ento_form_1a_immediately_processed_summary,2,2021-06-22,,2,1,1,1,2,0,5,,1,1,0,0,1,0,2,,3,,6,2021-07-02,1,2021-07-02,2
M05,june_2021_arm_1,ento_form_1a_immediately_processed_summary,3,2021-06-29,,2,0,1,0,2,0,3,,4,0,1,0,2,0,3,,6,,6,2021-07-02,1,2021-07-02,2
M05,july_2021_arm_1,ento_form_1a_immediately_processed_summary,1,2021-07-27,,3,0,4,2,2,0,8,,14,6,2,10,5,0,23,,12,,6,2021-08-04,1,2021-08-04,2
M05,august_2021_arm_1,ento_form_1a_immediately_processed_summary,1,2021-08-17,,10,0,1,0,1,0,2,,5,10,0,4,4,3,21,,9,,6,2021-08-19,1,2021-08-19,2
M05,august_2021_arm_1,ento_form_1a_immediately_processed_summary,2,2021-08-24,,10,0,1,0,0,0,1,,0,0,2,0,3,0,5,,4,,6,2021-09-01,1,2021-09-01,2
M05,august_2021_arm_1,ento_form_1a_immediately_processed_summary,3,2021-08-31,,5,0,0,0,0,0,0,,0,0,0,0,2,0,2,,9,,6,2021-09-01,1,2021-09-01,2
M05,october_2021_arm_1,ento_form_1a_immediately_processed_summary,1,2021-10-19,,3,0,0,0,0,0,0,,0,4,2,3,9,0,18,,13,,3,2021-10-25,1,2021-10-25,2
M05,october_2021_arm_1,ento_form_1a_immediately_processed_summary,2,2021-10-26,,10,0,0,0,0,0,0,,0,7,5,5,9,0,26,,23,,3,2021-10-27,1,2021-10-27,2
M05,november_2021_arm_1,ento_form_1a_immediately_processed_summary,1,2021-11-23,,10,0,0,0,0,0,0,,0,4,1,7,5,0,17,,18,,3,2021-11-24,1,2021-11-24,2
M05,november_2021_arm_1,ento_form_1a_immediately_processed_summary,2,2021-11-16,,10,0,0,0,0,0,0,,0,2,0,2,4,0,8,,24,,3,2021-11-24,1,2021-11-24,2
M05,december_2021_arm_1,ento_form_1a_immediately_processed_summary,1,2021-12-14,,4,0,0,0,0,0,0,,0,6,0,1,3,0,10,,7,,3,2021-12-20,1,2021-12-20,2
M05,january_2022_arm_1,ento_form_1a_immediately_processed_summary,1,2022-01-25,,2,0,0,0,0,0,0,,0,2,0,3,0,0,5,,6,,3,2022-01-25,1,2022-01-25,2
M05,january_2022_arm_1,ento_form_1a_immediately_processed_summary,2,2022-01-18,,2,0,0,0,0,0,0,,0,3,0,0,1,2,6,,8,,3,2022-01-25,1,2022-01-25,2
M05,february_2022_arm_1,ento_form_1a_immediately_processed_summary,1,2022-02-15,,6,0,1,0,0,0,1,,0,0,1,0,0,0,1,,10,,3,2022-02-16,1,2022-02-16,2
M05,february_2022_arm_1,ento_form_1a_immediately_processed_summary,2,2022-02-22,,6,0,0,0,0,0,0,,1,0,2,0,0,0,2,,11,,3,2022-02-23,1,2022-02-23,2
M05,march_2022_arm_1,ento_form_1a_immediately_processed_summary,1,2022-03-22,,10,0,0,0,0,0,0,,0,1,2,2,0,0,5,,6,,3,2022-03-23,1,2022-03-23,2
M05,march_2022_arm_1,ento_form_1a_immediately_processed_summary,2,2022-03-15,,2,0,0,0,1,0,1,,0,0,0,1,0,0,1,,7,,3,2022-03-23,1,2022-03-23,2
M05,march_2022_arm_1,ento_form_1a_immediately_processed_summary,3,2022-03-29,,10,0,0,0,0,0,0,,0,0,0,0,0,0,0,,3,,3,2022-03-30,1,2022-03-30,2
M05,april_2022_arm_1,ento_form_1a_immediately_processed_summary,1,2022-04-27,,8,0,0,0,0,0,0,,0,0,1,0,2,0,3,,2,,3,2022-04-27,1,2022-04-27,2
M05,april_2022_arm_1,ento_form_1a_immediately_processed_summary,2,2022-04-05,,8,0,0,0,0,0,0,,0,0,0,0,0,0,0,,0,,3,2022-04-27,1,2022-04-27,2
M05,may_2022_arm_1,ento_form_1a_immediately_processed_summary,1,2022-05-24,,4,0,0,0,2,0,2,,1,3,5,5,3,4,20,,12,,3,2022-05-30,1,2022-05-30,2
M05,may_2022_arm_1,ento_form_1a_immediately_processed_summary,2,2022-05-17,,4,1,0,0,0,0,1,,0,0,3,3,1,0,7,,2,,3,2022-05-30,1,2022-05-30,2
M05,june_2022_arm_1,ento_form_1a_immediately_processed_summary,1,2022-06-21,,2,0,1,0,0,0,1,,1,16,3,2,20,0,41,,78,,3,2022-06-30,1,2022-06-30,2
M05,june_2022_arm_1,ento_form_1a_immediately_processed_summary,2,2022-06-14,,2,0,0,0,0,0,0,,1,13,1,3,17,0,34,,76,,3,2022-06-30,1,2022-06-30,2
M05,july_2022_arm_1,ento_form_1a_immediately_processed_summary,1,2022-07-12,,3,0,0,0,0,0,0,,1,9,4,0,14,0,27,,68,,3,2022-07-19,1,2022-07-19,2
M05,july_2022_arm_1,ento_form_1a_immediately_processed_summary,2,2022-07-19,,3,0,0,0,0,0,0,,0,3,1,14,14,0,32,,21,,3,2022-07-19,1,2022-07-19,2
M05,july_2022_arm_1,ento_form_1a_immediately_processed_summary,3,2022-07-26,,3,0,0,0,0,0,0,,2,2,1,3,4,0,10,,30,,4,2022-08-02,1,2022-08-02,2
M05,august_2022_arm_1,ento_form_1a_immediately_processed_summary,1,2022-08-02,,6,0,0,0,0,0,0,,1,0,2,6,6,1,15,,32,,4,2022-08-04,1,2022-08-04,2
M05,august_2022_arm_1,ento_form_1a_immediately_processed_summary,2,2022-08-23,,7,0,0,0,0,0,0,,0,3,0,4,6,0,13,,31,,3,2022-09-01,1,2022-09-01,2
M05,september_2022_arm_1,ento_form_1a_immediately_processed_summary,1,2022-09-20,,8,0,0,0,0,0,0,,0,1,2,2,2,0,7,,10,,3,2022-09-23,1,2022-09-23,2
M05,september_2022_arm_1,ento_form_1a_immediately_processed_summary,2,2022-09-13,,8,0,0,0,0,0,0,,0,1,0,6,0,0,7,,7,,3,2022-09-23,1,2022-09-23,2
M05,october_2022_arm_1,ento_form_1a_immediately_processed_summary,1,2022-10-11,,9,0,0,0,0,0,0,,1,1,4,5,6,0,16,,20,,4,2022-10-19,1,2022-10-19,2
M05,october_2022_arm_1,ento_form_1a_immediately_processed_summary,2,2022-10-18,,9,0,0,0,0,0,0,,0,2,4,3,2,0,11,,4,,4,2022-10-19,1,2022-10-19,2
M05,october_2022_arm_1,ento_form_1a_immediately_processed_summary,3,2022-10-25,,9,0,0,0,0,0,0,,0,1,6,8,7,1,23,,26,,11,2022-11-01,1,2022-11-01,2
M05,november_2022_arm_1,ento_form_1a_immediately_processed_summary,1,2022-11-15,,4,0,0,1,0,0,1,,1,2,9,11,17,0,39,,67,,12,2022-11-15,1,2022-11-15,2
M05,november_2022_arm_1,ento_form_1a_immediately_processed_summary,2,2022-11-22,,4,0,0,0,0,0,0,,0,2,10,2,13,0,27,,44,,12,2022-11-22,1,2022-11-22,2
M05,december_2022_arm_1,ento_form_1a_immediately_processed_summary,1,2022-12-13,,2,0,0,0,0,0,0,,0,2,1,6,9,0,18,,18,,10,2022-12-13,1,2022-12-13,2
M05,december_2022_arm_1,ento_form_1a_immediately_processed_summary,2,2022-12-20,,3,0,0,0,0,0,0,,0,1,0,5,1,0,7,,7,,12,2022-12-20,1,2022-12-20,2
M06,january_2020_arm_1,ento_form_1a_immediately_processed_summary,1,2020-01-21,,5,0,0,0,0,0,0,,0,3,0,3,3,0,9,,7,,3,2020-04-09,1,2020-04-09,1
M06,february_2020_arm_1,ento_form_1a_immediately_processed_summary,1,2020-02-04,,2,1,0,0,0,0,1,,2,0,2,0,1,0,3,,15,,3,2020-04-20,1,2020-04-20,1
M06,february_2020_arm_1,ento_form_1a_immediately_processed_summary,2,2020-02-18,,9,0,0,0,0,0,0,,0,0,0,0,1,0,1,,2,,3,2020-04-20,1,2020-04-20,1
M06,february_2020_arm_1,ento_form_1a_immediately_processed_summary,3,2020-02-25,,2,0,0,0,0,0,0,,1,3,1,0,1,0,5,,5,,3,2020-04-20,1,2020-04-20,1
M06,march_2020_arm_1,ento_form_1a_immediately_processed_summary,1,2020-03-17,,6,0,1,0,0,0,1,,0,0,0,2,2,1,5,,2,,3,2020-04-30,1,2020-04-30,1
M06,june_2020_arm_1,ento_form_1a_immediately_processed_summary,1,2020-06-02,,5,0,1,0,0,0,1,,0,45,0,22,29,0,96,,203,,3,2020-06-04,1,2020-06-04,1
M06,june_2020_arm_1,ento_form_1a_immediately_processed_summary,2,2020-06-16,,5,0,2,0,0,0,2,,1,12,5,28,16,0,61,,75,,3,2020-06-17,1,2020-06-17,1
M06,june_2020_arm_1,ento_form_1a_immediately_processed_summary,3,2020-06-23,,5,0,0,0,0,0,0,,0,18,0,18,12,0,48,,40,,3,2020-06-29,1,2020-06-29,1
M06,july_2020_arm_1,ento_form_1a_immediately_processed_summary,1,2020-07-07,,6,0,0,0,1,0,1,,0,1,2,3,19,0,25,,32,,3,2020-07-08,1,2020-07-08,1
M06,july_2020_arm_1,ento_form_1a_immediately_processed_summary,2,2020-07-21,,6,00,0,0,0,0,0,,1,4,4,11,9,0,28,,30,,5,2020-07-28,1,2020-07-28,1
M06,july_2020_arm_1,ento_form_1a_immediately_processed_summary,3,2020-07-28,,6,0,0,0,0,0,0,,0,6,10,7,3,0,26,,45,,4,2020-07-28,1,2020-07-28,1
M06,august_2020_arm_1,ento_form_1a_immediately_processed_summary,1,2020-08-04,,8,0,0,0,0,0,0,,0,1,3,9,4,0,17,,2,,3,2020-08-27,1,2020-08-27,2
M06,august_2020_arm_1,ento_form_1a_immediately_processed_summary,2,2020-08-18,,8,0,0,0,0,0,0,,0,2,0,2,0,0,4,,6,,3,2020-08-28,1,2020-08-28,2
M06,august_2020_arm_1,ento_form_1a_immediately_processed_summary,3,2020-08-25,,8,0,0,0,0,0,0,,0,0,1,0,0,0,1,,1,,3,2020-08-28,1,2020-08-28,2
M06,september_2020_arm_1,ento_form_1a_immediately_processed_summary,1,2020-09-01,,4,0,0,0,0,0,0,,0,0,2,1,0,0,3,,5,,5,2020-09-01,1,2020-09-14,2
M06,september_2020_arm_1,ento_form_1a_immediately_processed_summary,2,2020-09-15,,4,0,0,0,0,0,0,,0,3,2,2,8,0,15,,12,,3,2020-09-15,1,2020-09-15,2
M06,september_2020_arm_1,ento_form_1a_immediately_processed_summary,3,2020-09-22,,4,0,0,0,0,0,0,,1,2,0,3,2,1,8,,2,,3,2020-09-23,1,2020-09-23,2
M06,october_2020_arm_1,ento_form_1a_immediately_processed_summary,1,2020-10-06,,3,0,0,0,0,0,0,,0,1,0,2,1,0,4,,1,,3,2020-10-06,1,2020-10-06,2
M06,october_2020_arm_1,ento_form_1a_immediately_processed_summary,2,2020-10-27,,3,0,0,0,0,0,0,,0,1,0,6,1,0,8,,6,,4,2020-10-27,1,2020-10-27,2
M06,november_2020_arm_1,ento_form_1a_immediately_processed_summary,1,2020-11-03,,7,0,0,0,0,0,0,,0,1,11,2,2,0,16,,10,,5,2020-11-03,1,2020-11-03,2
M06,november_2020_arm_1,ento_form_1a_immediately_processed_summary,2,2020-11-17,,7,0,0,0,0,0,0,,0,1,5,1,4,0,11,,3,,3,2020-11-18,1,2020-11-18,2
M06,november_2020_arm_1,ento_form_1a_immediately_processed_summary,3,2020-11-24,,7,0,1,0,0,0,1,,0,7,11,13,6,0,37,,11,,4,2020-11-30,1,2020-11-30,2
M06,december_2020_arm_1,ento_form_1a_immediately_processed_summary,1,2020-12-01,,5,0,0,0,0,0,0,,0,0,11,14,6,1,32,,17,,3,2020-12-01,1,2020-12-01,2
M06,december_2020_arm_1,ento_form_1a_immediately_processed_summary,2,2020-12-15,,5,0,0,0,0,0,0,,0,0,2,1,0,0,3,,4,,3,2020-12-15,1,2020-12-15,2
M06,january_2021_arm_1,ento_form_1a_immediately_processed_summary,1,2021-01-05,,9,0,0,2,0,0,2,,0,0,0,6,8,1,15,,8,,3,2021-01-07,1,2021-01-07,2
M06,january_2021_arm_1,ento_form_1a_immediately_processed_summary,2,2021-01-19,,9,0,1,1,0,0,2,,0,1,5,7,9,1,23,,6,,3,2021-02-01,1,2021-02-01,2
M06,january_2021_arm_1,ento_form_1a_immediately_processed_summary,3,2021-01-26,,9,0,0,0,1,0,1,,0,1,1,0,0,0,2,,2,,3,2021-02-01,1,2021-02-01,2
M06,feburary_2021_arm_1,ento_form_1a_immediately_processed_summary,1,2021-02-16,,6,0,3,0,0,0,3,,1,0,0,2,1,0,3,,2,,3,2021-02-23,1,2021-02-23,2
M06,feburary_2021_arm_1,ento_form_1a_immediately_processed_summary,2,2021-02-23,,6,1,1,2,1,0,5,,0,0,0,0,0,0,0,,1,,3,2021-03-03,1,2021-03-03,2
M06,march_2021_arm_1,ento_form_1a_immediately_processed_summary,1,2021-03-16,,8,0,1,0,1,0,2,,0,0,0,0,0,0,0,,0,,3,2021-03-29,1,2021-03-29,2
M06,march_2021_arm_1,ento_form_1a_immediately_processed_summary,2,2021-03-23,,8,0,0,0,0,0,0,,0,0,0,0,0,0,0,,0,,3,2021-03-29,1,2021-03-29,2
M06,march_2021_arm_1,ento_form_1a_immediately_processed_summary,3,2021-03-30,,2,0,0,1,4,0,5,,1,0,3,0,0,0,3,,2,,3,2021-03-31,1,2021-03-31,2
M06,april_2021_arm_1,ento_form_1a_immediately_processed_summary,1,2021-04-20,,4,0,2,0,3,0,5,,2,1,0,1,1,0,3,,3,,3,2021-04-26,1,2021-04-26,2
M06,april_2021_arm_1,ento_form_1a_immediately_processed_summary,2,2021-04-27,,4,0,2,0,3,0,5,,2,1,0,1,1,0,3,,3,,5,2021-04-28,1,2021-04-28,2
M06,april_2021_arm_1,ento_form_1a_immediately_processed_summary,3,2021-04-27,,5,3,1,0,5,0,9,,2,1,0,2,2,0,5,,4,,5,2021-05-18,1,2021-05-18,2
M06,may_2021_arm_1,ento_form_1a_immediately_processed_summary,1,2021-05-25,,10,3,22,2,0,0,27,,3,3,3,1,1,0,8,,1,,5,2021-06-09,1,2021-06-09,2
M06,may_2021_arm_1,ento_form_1a_immediately_processed_summary,2,2021-05-18,,10,5,5,0,5,0,15,,1,1,0,1,1,0,3,,3,,5,2021-06-09,1,2021-06-09,2
M06,june_2021_arm_1,ento_form_1a_immediately_processed_summary,1,2021-06-15,,3,1,6,0,2,0,9,,1,1,1,5,1,0,8,,0,,4,2021-07-01,1,2021-07-01,2
M06,june_2021_arm_1,ento_form_1a_immediately_processed_summary,2,2021-06-22,,3,1,15,1,4,0,21,,1,4,2,6,2,1,15,,4,,6,2021-07-02,1,2021-07-02,2
M06,june_2021_arm_1,ento_form_1a_immediately_processed_summary,3,2021-06-29,,7,1,4,2,1,0,8,,1,0,3,5,2,0,10,,0,,6,2021-07-02,1,2021-07-02,2
M06,july_2021_arm_1,ento_form_1a_immediately_processed_summary,1,2021-07-27,,4,1,2,0,0,0,3,,2,2,2,1,0,0,5,,2,,6,2021-08-04,1,2021-08-04,2
M06,august_2021_arm_1,ento_form_1a_immediately_processed_summary,1,2021-08-17,,4,0,0,0,0,0,0,,1,1,0,1,1,0,3,,0,,6,2021-08-19,1,2021-08-19,2
M06,august_2021_arm_1,ento_form_1a_immediately_processed_summary,2,2021-08-24,,5,0,0,0,0,0,0,,0,0,0,2,2,0,4,,2,,6,2021-09-01,1,2021-09-01,2
M06,august_2021_arm_1,ento_form_1a_immediately_processed_summary,3,2021-08-31,,6,0,0,0,0,0,0,,0,0,0,0,0,0,0,,0,,6,2021-09-01,1,2021-09-01,2
M06,september_2021_arm_1,ento_form_1a_immediately_processed_summary,1,2021-09-21,,6,0,0,0,0,0,0,,0,1,0,0,0,0,1,,2,,3,2021-09-28,1,2021-09-28,2
M06,september_2021_arm_1,ento_form_1a_immediately_processed_summary,2,2021-09-28,,6,0,0,0,0,0,0,,0,1,1,1,1,0,4,,1,,3,2021-09-28,1,2021-09-28,2
M06,october_2021_arm_1,ento_form_1a_immediately_processed_summary,1,2021-10-19,,10,0,0,0,0,0,0,,0,1,2,4,4,0,11,,3,,3,2021-10-25,1,2021-10-25,2
M06,october_2021_arm_1,ento_form_1a_immediately_processed_summary,2,2021-10-26,,10,0,0,0,0,0,0,,0,0,2,2,5,0,9,,7,,3,2021-10-27,1,2021-10-27,2
M06,november_2021_arm_1,ento_form_1a_immediately_processed_summary,1,2021-11-23,,2,0,0,0,0,0,0,,0,2,3,5,7,1,18,,10,,3,2021-11-24,1,2021-11-24,2
M06,november_2021_arm_1,ento_form_1a_immediately_processed_summary,2,2021-11-16,,2,0,0,0,0,0,0,,0,1,13,9,8,0,31,,19,,3,2021-11-24,1,2021-11-24,2
M06,december_2021_arm_1,ento_form_1a_immediately_processed_summary,1,2021-12-14,,3,0,0,0,0,0,0,,0,3,0,6,2,0,11,,7,,3,2021-12-20,1,2021-12-20,2
M06,january_2022_arm_1,ento_form_1a_immediately_processed_summary,1,2022-01-18,,8,0,0,0,0,0,0,,0,0,0,0,1,0,1,,5,,3,2022-01-25,1,2022-01-25,2
M06,february_2022_arm_1,ento_form_1a_immediately_processed_summary,1,2022-02-15,,7,0,0,0,0,0,0,,1,0,0,0,4,0,4,,7,,3,2022-02-16,1,2022-02-16,2
M06,february_2022_arm_1,ento_form_1a_immediately_processed_summary,2,2022-02-22,,7,0,0,0,0,0,0,,0,0,3,2,2,0,7,,1,,3,2022-02-23,1,2022-02-23,2
M06,march_2022_arm_1,ento_form_1a_immediately_processed_summary,1,2022-03-22,,2,1,0,0,0,0,1,,0,0,2,0,2,0,4,,1,,3,2022-03-23,1,2022-03-23,2
M06,march_2022_arm_1,ento_form_1a_immediately_processed_summary,2,2022-03-15,,2,0,0,0,0,0,0,,1,0,0,1,0,0,1,,0,,3,2022-03-23,1,2022-03-23,2
M06,march_2022_arm_1,ento_form_1a_immediately_processed_summary,3,2022-03-29,,2,0,0,0,0,0,0,,0,0,0,0,0,0,0,,2,,3,2022-03-30,1,2022-03-30,2
M06,april_2022_arm_1,ento_form_1a_immediately_processed_summary,1,2022-04-27,,10,0,0,0,0,0,0,,0,0,0,3,1,0,4,,5,,3,2022-04-27,1,2022-04-27,2
M06,april_2022_arm_1,ento_form_1a_immediately_processed_summary,2,2022-04-05,,10,0,0,0,1,0,1,,0,0,0,1,0,0,1,,0,,3,2022-04-27,1,2022-04-27,2
M06,may_2022_arm_1,ento_form_1a_immediately_processed_summary,1,2022-05-24,,8,0,0,0,0,0,0,,0,0,0,0,2,0,2,,1,,3,2022-05-30,1,2022-05-30,2
M06,june_2022_arm_1,ento_form_1a_immediately_processed_summary,1,2022-06-21,,4,0,0,0,0,0,0,,0,19,18,8,5,1,51,,0,,3,2022-06-30,1,2022-06-30,2
M06,june_2022_arm_1,ento_form_1a_immediately_processed_summary,2,2022-06-14,,4,0,0,0,0,0,0,,0,5,3,11,8,0,27,,8,,3,2022-06-30,1,2022-06-30,2
M06,july_2022_arm_1,ento_form_1a_immediately_processed_summary,1,2022-07-12,,8,0,1,0,0,0,1,,0,0,4,0,6,0,10,,6,,3,2022-07-19,1,2022-07-19,2
M06,july_2022_arm_1,ento_form_1a_immediately_processed_summary,2,2022-07-19,,9,0,0,0,0,0,0,,0,0,13,3,4,0,20,,2,,3,2022-07-19,1,2022-07-19,2
M06,july_2022_arm_1,ento_form_1a_immediately_processed_summary,3,2022-07-26,,4,0,1,0,0,0,1,,0,2,1,0,9,0,12,,13,,4,2022-08-02,1,2022-08-02,2
M06,august_2022_arm_1,ento_form_1a_immediately_processed_summary,1,2022-08-02,,9,0,0,0,0,0,0,,0,2,0,5,4,0,11,,7,,4,2022-08-04,1,2022-08-04,2
M06,august_2022_arm_1,ento_form_1a_immediately_processed_summary,2,2022-08-23,,7,0,0,0,0,0,0,,0,1,10,13,3,0,27,,3,,3,2022-09-01,1,2022-09-01,2
M06,september_2022_arm_1,ento_form_1a_immediately_processed_summary,1,2022-09-20,,5,0,0,0,0,0,0,,0,1,0,4,2,0,7,,2,,3,2022-09-23,1,2022-09-23,2
M06,september_2022_arm_1,ento_form_1a_immediately_processed_summary,2,2022-09-13,,5,0,0,0,0,0,0,,0,0,0,1,1,0,2,,3,,3,2022-09-23,1,2022-09-23,2
M06,october_2022_arm_1,ento_form_1a_immediately_processed_summary,1,2022-10-11,,3,0,0,0,0,0,0,,0,3,1,16,2,0,22,,4,,4,2022-10-19,1,2022-10-19,2
M06,october_2022_arm_1,ento_form_1a_immediately_processed_summary,2,2022-10-18,,3,0,0,0,0,0,0,,0,1,7,11,1,0,20,,2,,4,2022-10-19,1,2022-10-19,2
M06,october_2022_arm_1,ento_form_1a_immediately_processed_summary,3,2022-10-25,,3,0,0,0,0,0,0,,0,3,2,13,3,0,21,,5,,11,2022-10-27,1,2022-10-27,2
M06,november_2022_arm_1,ento_form_1a_immediately_processed_summary,1,2022-11-15,,5,0,0,0,0,0,0,,0,1,6,4,4,0,15,,4,,12,2022-11-15,1,2022-11-15,2
M06,november_2022_arm_1,ento_form_1a_immediately_processed_summary,2,2022-11-22,,5,0,0,0,0,0,0,,0,0,2,0,0,0,2,,2,,12,2022-11-22,1,2022-11-22,2
M06,december_2022_arm_1,ento_form_1a_immediately_processed_summary,1,2022-12-13,,8,0,0,0,0,0,0,,0,0,0,0,1,0,1,,2,,10,2022-12-13,1,2022-12-13,2
M06,december_2022_arm_1,ento_form_1a_immediately_processed_summary,2,2022-12-20,,8,0,0,0,0,0,0,,0,0,1,0,0,0,1,,2,,12,2022-12-20,1,2022-12-20,2
M07,january_2020_arm_1,ento_form_1a_immediately_processed_summary,1,2020-01-21,,8,0,0,1,1,0,2,,4,6,6,9,6,0,27,,28,,3,2020-04-09,1,2020-04-09,1
M07,january_2020_arm_1,ento_form_1a_immediately_processed_summary,2,2020-01-28,,8,0,0,3,0,0,3,,1,5,3,6,14,0,28,,34,,3,2020-04-09,1,2020-04-09,1
M07,february_2020_arm_1,ento_form_1a_immediately_processed_summary,1,2020-02-04,,4,0,0,0,1,0,1,,8,0,1,10,10,0,21,,64,,3,2020-04-20,1,2020-04-20,1
M07,february_2020_arm_1,ento_form_1a_immediately_processed_summary,2,2020-02-18,,7,0,0,0,0,0,0,,1,0,0,2,2,0,4,,13,,3,2020-04-20,1,2020-04-20,1
M07,february_2020_arm_1,ento_form_1a_immediately_processed_summary,3,2020-02-25,,4,0,0,1,1,0,2,,0,1,3,3,4,0,11,,5,,3,2020-04-20,1,2020-04-20,1
M07,march_2020_arm_1,ento_form_1a_immediately_processed_summary,1,2020-03-03,,3,0,0,1,0,0,1,,1,3,1,3,8,0,15,,12,,3,2020-04-28,1,2020-04-28,1
M07,march_2020_arm_1,ento_form_1a_immediately_processed_summary,2,2020-03-17,,3,0,0,0,0,0,0,,1,2,0,2,2,0,6,,11,,3,2020-04-30,1,2020-04-30,1
M07,june_2020_arm_1,ento_form_1a_immediately_processed_summary,1,2020-06-02,,8,1,0,0,0,0,1,,0,55,10,28,42,4,139,,325,,3,2020-06-04,1,2020-06-04,1
M07,june_2020_arm_1,ento_form_1a_immediately_processed_summary,2,2020-06-16,,8,0,0,0,0,0,0,,0,21,0,7,13,0,41,,45,,3,2020-06-17,1,2020-06-17,1
M07,june_2020_arm_1,ento_form_1a_immediately_processed_summary,3,2020-06-23,,8,0,1,0,1,0,2,,2,9,4,10,20,0,43,,61,,3,2020-06-29,1,2020-06-29,1
M07,july_2020_arm_1,ento_form_1a_immediately_processed_summary,1,2020-07-07,,9,0,0,0,0,0,0,,0,2,4,3,8,0,17,,20,,3,2020-07-09,1,2020-07-09,1
M07,july_2020_arm_1,ento_form_1a_immediately_processed_summary,2,2020-07-21,,9,0,0,0,0,0,0,,1,3,1,1,4,0,9,,16,,4,2020-07-28,1,2020-07-28,1
M07,july_2020_arm_1,ento_form_1a_immediately_processed_summary,3,2020-07-28,,9,0,0,0,0,0,0,,1,1,0,1,3,0,5,,16,,5,2020-07-28,1,2020-07-28,1
M07,august_2020_arm_1,ento_form_1a_immediately_processed_summary,1,2020-08-04,,6,0,0,0,0,0,0,,1,2,2,3,16,0,23,,48,,3,2020-08-27,1,2020-08-27,2
M07,august_2020_arm_1,ento_form_1a_immediately_processed_summary,2,2020-08-18,,6,0,0,0,0,0,0,,0,3,0,1,4,0,8,,0,,3,2020-08-28,1,2020-08-28,2
M07,august_2020_arm_1,ento_form_1a_immediately_processed_summary,3,2020-08-25,,6,0,0,0,0,0,0,,1,2,0,3,3,0,8,,18,,3,2020-08-28,1,2020-08-28,2
M07,september_2020_arm_1,ento_form_1a_immediately_processed_summary,1,2020-09-14,,7,0,0,0,0,0,0,,0,4,1,6,7,0,18,,12,,5,2020-09-14,1,2020-09-14,2
M07,september_2020_arm_1,ento_form_1a_immediately_processed_summary,2,2020-09-15,,7,0,0,0,0,0,0,,0,0,1,1,9,0,11,,10,,3,2020-09-15,1,2020-09-15,2
M07,september_2020_arm_1,ento_form_1a_immediately_processed_summary,3,2020-09-22,,7,0,0,0,0,0,0,,0,0,0,2,3,0,5,,6,,3,2020-09-23,1,2020-09-23,2
M07,october_2020_arm_1,ento_form_1a_immediately_processed_summary,1,2020-10-06,,5,0,0,0,0,0,0,,0,5,0,5,7,0,17,,29,,3,2020-10-06,1,2020-10-06,2
M07,october_2020_arm_1,ento_form_1a_immediately_processed_summary,2,2020-10-27,,5,0,0,0,1,0,1,,0,3,3,13,33,0,52,,69,,4,2020-10-27,1,2020-10-27,2
M07,november_2020_arm_1,ento_form_1a_immediately_processed_summary,1,2020-11-03,,4,1,0,0,1,0,2,,2,5,3,2,15,0,25,,48,,5,2020-11-03,1,2020-11-03,2
M07,november_2020_arm_1,ento_form_1a_immediately_processed_summary,2,2020-11-17,,4,0,0,0,0,0,0,,0,7,6,4,11,0,28,,36,,3,2020-11-18,1,2020-11-18,2
M07,november_2020_arm_1,ento_form_1a_immediately_processed_summary,3,2020-11-24,,4,0,0,0,0,0,0,,0,4,8,9,15,1,37,,40,,4,2020-11-30,1,2020-11-30,2
M07,december_2020_arm_1,ento_form_1a_immediately_processed_summary,1,2020-12-01,,3,0,0,0,0,0,0,,1,7,0,4,6,0,17,,31,,3,2020-12-01,1,2020-12-01,2
M07,december_2020_arm_1,ento_form_1a_immediately_processed_summary,2,2020-12-15,,3,0,0,0,0,0,0,,1,4,1,10,3,0,18,,30,,3,2020-12-15,1,2020-12-15,2
M07,january_2021_arm_1,ento_form_1a_immediately_processed_summary,1,2021-01-05,,8,0,1,0,0,0,1,,1,1,0,2,4,0,7,,52,,3,2021-01-07,1,2021-01-07,2
M07,january_2021_arm_1,ento_form_1a_immediately_processed_summary,2,2021-01-19,,8,0,0,1,0,0,1,,1,1,0,2,2,0,5,,46,,3,2021-02-01,1,2021-02-01,2
M07,january_2021_arm_1,ento_form_1a_immediately_processed_summary,3,2021-01-26,,8,0,0,0,0,0,0,,0,1,0,1,3,0,5,,22,,3,2021-02-01,1,2021-02-01,2
M07,feburary_2021_arm_1,ento_form_1a_immediately_processed_summary,1,2021-02-16,,9,0,7,1,1,0,9,,0,1,2,3,4,0,10,,10,,3,2021-03-01,1,2021-03-01,2
M07,feburary_2021_arm_1,ento_form_1a_immediately_processed_summary,2,2021-02-23,,9,0,3,2,7,0,12,,3,1,4,3,5,0,13,,10,,3,2021-03-03,1,2021-03-03,2
M07,march_2021_arm_1,ento_form_1a_immediately_processed_summary,1,2021-03-16,,6,1,0,0,0,0,1,,0,0,0,0,3,0,3,,0,,3,2021-03-29,1,2021-03-29,2
M07,april_2021_arm_1,ento_form_1a_immediately_processed_summary,1,2021-04-20,,7,3,23,0,7,0,33,,9,2,1,0,3,0,6,,8,,3,2021-04-25,1,2021-04-25,2
M07,april_2021_arm_1,ento_form_1a_immediately_processed_summary,2,2021-04-27,,7,4,11,3,4,0,22,,20,0,10,6,8,0,24,,20,,5,2021-04-28,1,2021-04-28,2
M07,june_2021_arm_1,ento_form_1a_immediately_processed_summary,1,2021-06-15,,9,3,11,0,3,0,17,,21,0,0,1,0,0,1,,8,,5,2021-06-16,1,2021-06-16,2
M07,june_2021_arm_1,ento_form_1a_immediately_processed_summary,2,2021-06-22,,9,1,4,4,6,0,15,,7,0,0,0,0,0,0,,14,,6,2021-07-02,1,2021-07-02,2
M07,june_2021_arm_1,ento_form_1a_immediately_processed_summary,3,2021-06-29,,9,0,2,1,0,0,3,,5,0,3,2,3,0,8,,10,,6,2021-07-02,1,2021-07-02,2
M07,may_2021_arm_1,ento_form_1a_immediately_processed_summary,1,2021-05-18,,2,13,13,2,14,0,42,,59,2,3,0,3,0,8,,6,,5,2021-06-24,1,2021-06-24,2
M07,may_2021_arm_1,ento_form_1a_immediately_processed_summary,2,2021-05-25,,2,5,16,0,3,0,24,,28,0,6,3,0,0,9,,10,,3,2021-09-07,1,2021-09-07,2
M07,july_2021_arm_1,ento_form_1a_immediately_processed_summary,1,2021-07-27,,6,0,2,0,0,0,2,,7,0,3,2,5,0,10,,16,,6,2021-08-04,1,2021-08-04,2
M07,august_2021_arm_1,ento_form_1a_immediately_processed_summary,1,2021-08-17,,2,0,1,0,0,0,1,,5,7,2,5,8,1,23,,17,,6,2021-09-01,1,2021-09-01,2
M07,august_2021_arm_1,ento_form_1a_immediately_processed_summary,2,2021-08-24,,2,0,0,0,0,0,0,,1,1,1,1,3,0,6,,19,,6,2021-09-01,1,2021-09-01,2
M07,august_2021_arm_1,ento_form_1a_immediately_processed_summary,3,2021-08-31,,5,0,0,0,0,0,0,,0,1,0,0,2,0,3,,9,,6,2021-09-01,1,2021-09-01,2
M07,september_2021_arm_1,ento_form_1a_immediately_processed_summary,1,2021-09-21,,4,0,0,0,0,0,0,,1,6,0,0,20,0,26,,48,,3,2021-09-28,1,2021-09-28,2
M07,september_2021_arm_1,ento_form_1a_immediately_processed_summary,2,2021-09-28,,4,0,0,0,0,0,0,,2,0,6,0,10,0,16,,36,,3,2021-09-28,1,2021-09-28,2
M07,october_2021_arm_1,ento_form_1a_immediately_processed_summary,1,2021-10-19,,3,0,0,0,0,0,0,,1,7,1,0,3,0,11,,26,,3,2021-10-25,1,2021-10-25,2
M07,october_2021_arm_1,ento_form_1a_immediately_processed_summary,2,2021-10-26,,6,0,0,0,0,0,0,,0,5,1,0,4,0,10,,27,,3,2021-10-27,1,2021-10-27,2
M07,november_2021_arm_1,ento_form_1a_immediately_processed_summary,1,2021-11-23,,7,0,0,0,0,0,0,,0,5,3,4,12,0,24,,58,,3,2021-11-24,1,2021-11-24,2
M07,november_2021_arm_1,ento_form_1a_immediately_processed_summary,2,2021-11-16,,7,0,0,0,0,0,0,,0,8,0,0,13,0,21,,72,,3,2021-11-24,1,2021-11-24,2
M07,december_2021_arm_1,ento_form_1a_immediately_processed_summary,1,2021-12-14,,10,0,0,0,0,0,0,,0,2,0,1,2,0,5,,5,,3,2021-12-20,1,2021-12-20,2
M07,january_2022_arm_1,ento_form_1a_immediately_processed_summary,1,2022-01-25,,9,0,0,0,0,0,0,,0,1,0,2,2,0,5,,6,,3,2022-01-25,1,2022-01-25,2
M07,january_2022_arm_1,ento_form_1a_immediately_processed_summary,2,2022-01-18,,9,0,0,0,0,0,0,,0,2,0,2,0,0,4,,26,,3,2022-01-25,1,2022-01-25,2
M07,february_2022_arm_1,ento_form_1a_immediately_processed_summary,1,2022-02-15,,8,0,0,0,0,0,0,,0,0,0,0,1,0,1,,6,,3,2022-02-16,1,2022-02-16,2
M07,february_2022_arm_1,ento_form_1a_immediately_processed_summary,2,2022-02-22,,8,0,1,0,0,0,1,,0,0,2,0,1,0,3,,7,,3,2022-02-23,1,2022-02-23,2
M07,march_2022_arm_1,ento_form_1a_immediately_processed_summary,1,2022-03-22,,4,0,0,0,0,0,0,,0,1,1,2,0,0,4,,10,,3,2022-03-23,1,2022-03-23,2
M07,march_2022_arm_1,ento_form_1a_immediately_processed_summary,2,2022-03-15,,4,0,0,0,0,0,0,,0,0,0,0,0,0,0,,5,,3,2022-03-23,1,2022-03-23,2
M07,march_2022_arm_1,ento_form_1a_immediately_processed_summary,3,2022-03-29,,4,0,2,0,0,0,2,,0,0,1,0,1,0,2,,11,,3,2022-03-30,1,2022-03-30,2
M07,april_2022_arm_1,ento_form_1a_immediately_processed_summary,1,2022-04-27,,6,1,0,0,0,0,1,,0,0,0,0,0,0,0,,5,,3,2022-04-27,1,2022-04-27,2
M07,april_2022_arm_1,ento_form_1a_immediately_processed_summary,2,2022-04-05,,6,0,1,0,0,0,1,,0,0,0,0,1,0,1,,2,,3,2022-04-27,1,2022-04-27,2
M07,may_2022_arm_1,ento_form_1a_immediately_processed_summary,1,2022-05-24,,7,0,2,1,0,0,3,,1,8,21,9,8,0,46,,29,,3,2022-05-30,1,2022-05-30,2
M07,may_2022_arm_1,ento_form_1a_immediately_processed_summary,2,2022-05-17,,7,1,2,0,1,0,4,,1,3,3,5,3,0,14,,7,,3,2022-05-30,1,2022-05-30,2
M07,june_2022_arm_1,ento_form_1a_immediately_processed_summary,1,2022-06-21,,9,1,0,0,0,0,1,,4,8,14,14,19,0,55,,111,,3,2022-06-30,1,2022-06-30,2
M07,june_2022_arm_1,ento_form_1a_immediately_processed_summary,2,2022-06-14,,9,0,0,0,0,0,0,,1,20,0,3,12,0,35,,130,,3,2022-06-30,1,2022-06-30,2
M07,july_2022_arm_1,ento_form_1a_immediately_processed_summary,1,2022-07-12,,2,0,1,0,0,0,1,,0,1,4,5,9,0,19,,33,,3,2022-07-19,1,2022-07-19,2
M07,july_2022_arm_1,ento_form_1a_immediately_processed_summary,2,2022-07-19,,2,0,0,1,0,0,1,,0,6,6,5,3,0,20,,42,,3,2022-07-19,1,2022-07-19,2
M07,july_2022_arm_1,ento_form_1a_immediately_processed_summary,3,2022-07-26,,5,0,0,0,0,0,0,,1,6,2,1,8,0,17,,54,,4,2022-08-02,1,2022-08-02,2
M07,august_2022_arm_1,ento_form_1a_immediately_processed_summary,1,2022-08-02,,7,0,0,0,0,0,0,,0,1,3,3,7,0,14,,85,,4,2022-08-04,1,2022-08-04,2
M07,august_2022_arm_1,ento_form_1a_immediately_processed_summary,2,2022-08-23,,6,0,0,0,0,0,0,,0,7,2,5,2,0,16,,35,,3,2022-09-01,1,2022-09-01,2
M07,september_2022_arm_1,ento_form_1a_immediately_processed_summary,1,2022-09-20,,8,0,0,0,1,0,1,,1,1,0,2,9,0,12,,54,,3,2022-09-23,1,2022-09-23,2
M07,september_2022_arm_1,ento_form_1a_immediately_processed_summary,2,2022-09-13,,2,0,0,0,0,0,0,,0,0,5,2,14,0,21,,25,,3,2022-09-23,1,2022-09-23,2
M07,october_2022_arm_1,ento_form_1a_immediately_processed_summary,1,2022-10-11,,2,0,0,0,0,0,0,,0,6,39,10,12,0,67,,58,,4,2022-10-19,1,2022-10-19,2
M07,october_2022_arm_1,ento_form_1a_immediately_processed_summary,2,2022-10-18,,2,0,1,0,0,0,1,,0,0,35,8,18,0,61,,22,,4,2022-10-19,1,2022-10-19,2
M07,october_2022_arm_1,ento_form_1a_immediately_processed_summary,3,2022-10-25,,2,0,0,0,0,0,0,,0,0,20,5,7,0,32,,11,,11,2022-10-27,1,2022-10-27,2
M07,november_2022_arm_1,ento_form_1a_immediately_processed_summary,1,2022-11-15,,6,0,0,0,0,0,0,,0,6,23,30,18,0,77,,60,,12,2022-11-15,1,2022-11-15,2
M07,november_2022_arm_1,ento_form_1a_immediately_processed_summary,2,2022-11-22,,6,0,0,0,0,0,0,,0,0,10,15,7,0,32,,20,,12,2022-11-22,1,2022-11-22,2
M07,december_2022_arm_1,ento_form_1a_immediately_processed_summary,1,2022-12-13,,7,0,0,0,0,0,0,,0,3,5,9,2,0,19,,7,,10,2022-12-13,1,2022-12-13,2
M07,december_2022_arm_1,ento_form_1a_immediately_processed_summary,2,2022-12-20,,7,0,0,0,0,0,0,,0,2,4,6,4,0,16,,8,,12,2022-12-20,1,2022-12-20,2
M09,january_2020_arm_1,ento_form_1a_immediately_processed_summary,1,2020-01-21,,9,0,0,0,0,0,0,,8,0,4,1,6,0,11,,36,,3,2020-04-09,1,2020-04-09,1
M09,january_2020_arm_1,ento_form_1a_immediately_processed_summary,2,2020-01-28,,9,0,2,1,0,0,3,,0,1,4,0,4,0,9,,24,,3,2020-04-09,1,2020-04-09,1
M09,february_2020_arm_1,ento_form_1a_immediately_processed_summary,1,2020-02-04,,5,0,0,0,0,0,0,,0,0,0,9,6,0,15,,61,,3,2020-04-20,1,2020-04-20,1
M09,february_2020_arm_1,ento_form_1a_immediately_processed_summary,2,2020-02-18,,3,0,0,0,0,0,0,,0,3,1,1,8,0,13,,22,,3,2020-04-20,1,2020-04-20,1
M09,february_2020_arm_1,ento_form_1a_immediately_processed_summary,3,2020-02-25,,5,0,1,0,0,0,1,,1,6,2,5,18,0,31,,49,,3,2020-04-20,1,2020-04-20,1
M09,march_2020_arm_1,ento_form_1a_immediately_processed_summary,1,2020-03-03,,4,0,1,0,0,0,1,,2,0,0,4,7,0,11,,41,,3,2020-04-28,1,2020-04-28,1
M09,march_2020_arm_1,ento_form_1a_immediately_processed_summary,2,2020-03-17,,4,0,1,0,0,0,1,,0,1,0,1,4,0,6,,8,,3,2020-04-30,1,2020-04-30,1
M09,june_2020_arm_1,ento_form_1a_immediately_processed_summary,1,2020-06-02,,9,0,1,0,0,0,1,,0,10,28,18,10,1,67,,80,,3,2020-06-04,1,2020-06-04,1
M09,june_2020_arm_1,ento_form_1a_immediately_processed_summary,2,2020-06-16,,9,0,0,0,1,0,1,,0,1,12,8,8,1,30,,6,,3,2020-06-17,1,2020-06-17,1
M09,june_2020_arm_1,ento_form_1a_immediately_processed_summary,3,2020-06-23,,9,0,0,0,0,0,0,,0,3,6,3,6,1,19,,24,,3,2020-06-29,1,2020-06-29,1
M09,july_2020_arm_1,ento_form_1a_immediately_processed_summary,1,2020-07-07,,3,0,0,0,0,0,0,,0,4,0,4,13,1,22,,18,,3,2020-07-09,1,2020-07-09,1
M09,july_2020_arm_1,ento_form_1a_immediately_processed_summary,2,2020-07-21,,3,0,0,0,0,0,0,,0,1,0,1,3,1,6,,5,,4,2020-07-28,1,2020-07-28,1
M09,july_2020_arm_1,ento_form_1a_immediately_processed_summary,3,2020-07-28,,3,0,0,0,0,0,0,,0,2,0,13,3,1,19,,6,,4,2020-07-28,1,2020-07-28,1
M09,august_2020_arm_1,ento_form_1a_immediately_processed_summary,1,2020-08-04,,7,0,0,0,2,0,2,,0,1,1,16,10,0,28,,15,,4,2020-08-20,1,2020-08-20,2
M09,august_2020_arm_1,ento_form_1a_immediately_processed_summary,2,2020-08-18,,7,0,1,0,0,0,1,,2,1,10,13,4,0,28,,16,,3,2020-08-28,1,2020-08-28,2
M09,august_2020_arm_1,ento_form_1a_immediately_processed_summary,3,2020-08-25,,7,0,0,0,0,0,0,,0,2,3,9,9,0,23,,4,,3,2020-08-28,1,2020-08-28,2
M09,september_2020_arm_1,ento_form_1a_immediately_processed_summary,1,2020-09-01,,8,0,0,0,0,0,0,,0,6,5,16,17,0,44,,20,,5,2020-09-14,1,2020-09-14,2
M09,september_2020_arm_1,ento_form_1a_immediately_processed_summary,2,2020-09-15,,8,0,0,0,0,0,0,,0,2,2,5,7,0,16,,8,,3,2020-09-15,1,2020-09-15,2
M09,september_2020_arm_1,ento_form_1a_immediately_processed_summary,3,2020-09-22,,8,0,0,0,0,0,0,,0,4,4,21,16,0,45,,13,,3,2020-09-23,1,2020-09-23,2
M09,october_2020_arm_1,ento_form_1a_immediately_processed_summary,1,2020-10-06,,7,1,1,0,0,0,2,,0,0,3,6,6,0,15,,5,,3,2020-10-06,1,2020-10-06,2
M09,october_2020_arm_1,ento_form_1a_immediately_processed_summary,2,2020-10-27,,7,0,2,1,0,0,3,,1,3,8,4,25,0,40,,43,,4,2020-10-27,1,2020-10-27,2
M09,november_2020_arm_1,ento_form_1a_immediately_processed_summary,1,2020-11-03,,9,0,1,0,0,0,1,,0,5,0,0,6,0,11,,24,,5,2020-11-03,1,2020-11-03,2
M09,november_2020_arm_1,ento_form_1a_immediately_processed_summary,2,2020-11-17,,9,0,0,0,0,0,0,,0,2,8,10,6,1,27,,22,,3,2020-11-18,1,2020-11-18,2
M09,november_2020_arm_1,ento_form_1a_immediately_processed_summary,3,2020-11-24,,9,0,0,0,0,0,0,,0,1,6,1,8,0,16,,14,,4,2020-11-30,1,2020-11-30,2
M09,december_2020_arm_1,ento_form_1a_immediately_processed_summary,1,2020-12-01,,4,0,0,0,0,0,0,,0,4,7,4,16,3,34,,33,,3,2020-12-01,1,2020-12-01,2
M09,december_2020_arm_1,ento_form_1a_immediately_processed_summary,2,2020-12-15,,4,0,0,1,0,0,1,,0,5,10,2,14,0,31,,46,,3,2020-12-15,1,2020-12-15,2
M09,january_2021_arm_1,ento_form_1a_immediately_processed_summary,1,2021-01-05,,5,1,1,2,0,0,4,,2,5,2,6,42,0,55,,147,,3,2021-01-07,1,2021-01-07,2
M09,january_2021_arm_1,ento_form_1a_immediately_processed_summary,2,2021-01-19,,2,0,1,0,1,0,2,,2,2,3,3,3,0,11,,50,,3,2021-02-01,1,2021-02-01,2
M09,january_2021_arm_1,ento_form_1a_immediately_processed_summary,3,2021-01-26,,2,1,0,0,1,0,2,,2,4,1,1,3,0,9,,24,,3,2021-02-01,1,2021-02-01,2
M09,feburary_2021_arm_1,ento_form_1a_immediately_processed_summary,1,2021-02-16,,3,0,2,0,0,0,2,,5,5,2,4,12,2,25,,34,,3,2021-02-23,1,2021-02-23,2
M09,feburary_2021_arm_1,ento_form_1a_immediately_processed_summary,2,2021-02-23,,3,0,1,0,1,0,2,,3,5,1,6,4,1,17,,27,,3,2021-03-03,1,2021-03-03,2
M09,march_2021_arm_1,ento_form_1a_immediately_processed_summary,1,2021-03-16,,7,1,1,1,2,0,5,,3,0,0,0,4,0,4,,12,,3,2021-03-29,1,2021-03-29,2
M09,march_2021_arm_1,ento_form_1a_immediately_processed_summary,2,2021-03-23,,7,0,3,1,0,0,4,,2,0,3,5,6,0,14,,18,,3,2021-03-29,1,2021-03-29,2
M09,march_2021_arm_1,ento_form_1a_immediately_processed_summary,3,2021-03-30,,7,0,3,1,2,0,6,,0,0,1,5,4,0,10,,22,,3,2021-03-31,1,2021-03-31,2
M09,april_2021_arm_1,ento_form_1a_immediately_processed_summary,1,2021-04-20,,6,1,6,0,3,0,10,,10,15,0,1,3,0,19,,32,,3,2021-04-25,1,2021-04-25,2
M09,april_2021_arm_1,ento_form_1a_immediately_processed_summary,2,2021-04-27,,6,0,7,0,1,0,8,,7,0,2,1,5,0,8,,8,,5,2021-04-28,1,2021-04-28,2
M09,may_2021_arm_1,ento_form_1a_immediately_processed_summary,1,2021-05-25,,4,3,11,5,10,0,29,,25,2,3,0,4,0,9,,17,,5,2021-06-09,1,2021-06-09,2
M09,may_2021_arm_1,ento_form_1a_immediately_processed_summary,2,2021-05-18,,4,5,23,2,13,0,43,,72,7,1,1,5,0,14,,18,,5,2021-06-09,1,2021-06-09,2
M09,june_2021_arm_1,ento_form_1a_immediately_processed_summary,1,2021-06-15,,10,3,15,0,4,0,22,,16,0,3,1,8,0,12,,26,,5,2021-06-16,1,2021-06-16,2
M09,june_2021_arm_1,ento_form_1a_immediately_processed_summary,2,2021-06-22,,10,3,6,0,2,0,11,,16,2,1,3,9,0,15,,16,,6,2021-07-02,1,2021-07-02,2
M09,june_2021_arm_1,ento_form_1a_immediately_processed_summary,3,2021-06-29,,10,1,10,3,6,0,20,,22,1,1,3,10,0,15,,13,,6,2021-07-02,1,2021-07-02,2
M09,july_2021_arm_1,ento_form_1a_immediately_processed_summary,1,2021-07-27,,2,0,13,5,6,1,25,,8,0,4,1,34,0,39,,34,,6,2021-08-04,1,2021-08-04,2
M09,august_2021_arm_1,ento_form_1a_immediately_processed_summary,1,2021-08-17,,9,0,1,0,0,0,1,,4,4,0,4,4,1,13,,16,,6,2021-09-01,1,2021-09-01,2
M09,august_2021_arm_1,ento_form_1a_immediately_processed_summary,2,2021-08-24,,9,0,1,0,0,0,1,,2,3,4,5,6,0,18,,8,,6,2021-09-01,1,2021-09-01,2
M09,august_2021_arm_1,ento_form_1a_immediately_processed_summary,3,2021-08-31,,9,0,1,0,0,0,1,,0,0,0,4,1,0,5,,3,,6,2021-09-01,1,2021-09-01,2
M09,september_2021_arm_1,ento_form_1a_immediately_processed_summary,1,2021-09-21,,3,0,0,0,0,0,0,,0,4,0,2,8,0,14,,11,,3,2021-09-28,1,2021-09-28,2
M09,september_2021_arm_1,ento_form_1a_immediately_processed_summary,2,2021-09-28,,3,0,0,0,0,0,0,,1,7,4,3,5,0,19,,14,,3,2021-09-28,1,2021-09-28,2
M09,october_2021_arm_1,ento_form_1a_immediately_processed_summary,1,2021-10-19,,7,0,0,0,0,0,0,,0,13,8,12,13,0,46,,28,,3,2021-10-25,1,2021-10-25,2
M09,october_2021_arm_1,ento_form_1a_immediately_processed_summary,2,2021-10-26,,4,0,0,0,0,0,0,,1,25,26,19,32,2,104,,49,,3,2021-10-27,1,2021-10-27,2
M09,november_2021_arm_1,ento_form_1a_immediately_processed_summary,1,2021-11-23,,6,0,0,0,0,0,0,,2,11,0,20,13,0,44,,61,,3,2021-11-24,1,2021-11-24,2
M09,november_2021_arm_1,ento_form_1a_immediately_processed_summary,2,2021-11-16,,6,0,0,0,0,0,0,,0,8,15,21,24,0,68,,24,,3,2021-11-24,1,2021-11-24,2
M09,december_2021_arm_1,ento_form_1a_immediately_processed_summary,1,2021-12-14,,2,0,0,0,0,0,0,,0,0,5,2,10,1,18,,28,,3,2021-12-20,1,2021-12-20,2
M09,january_2022_arm_1,ento_form_1a_immediately_processed_summary,1,2022-01-25,,10,0,0,0,0,0,0,,0,3,3,1,5,0,12,,33,,3,2022-01-25,1,2022-01-25,2
M09,january_2022_arm_1,ento_form_1a_immediately_processed_summary,2,2022-01-18,,10,0,0,0,0,0,0,,0,2,1,2,3,0,8,,13,,3,2022-01-25,1,2022-01-25,2
M09,february_2022_arm_1,ento_form_1a_immediately_processed_summary,1,2022-02-15,,4,1,0,0,0,0,1,,0,2,4,0,8,0,14,,22,,3,2022-02-16,1,2022-02-16,2
M09,february_2022_arm_1,ento_form_1a_immediately_processed_summary,2,2022-02-22,,4,0,2,0,0,0,2,,0,1,0,0,3,0,4,,22,,3,2022-02-23,2,2022-02-23,2
M09,march_2022_arm_1,ento_form_1a_immediately_processed_summary,1,2022-03-22,,9,0,1,0,1,0,2,,0,2,0,0,4,0,6,,8,,3,2022-03-23,1,2022-03-23,2
M09,march_2022_arm_1,ento_form_1a_immediately_processed_summary,2,2022-03-15,,4,0,1,0,0,0,1,,2,0,0,1,2,0,3,,20,,3,2022-03-23,1,2022-03-23,2
M09,march_2022_arm_1,ento_form_1a_immediately_processed_summary,3,2022-03-29,,9,0,1,0,1,0,2,,0,0,0,0,1,0,1,,5,,3,2022-03-30,1,2022-03-30,2
M09,april_2022_arm_1,ento_form_1a_immediately_processed_summary,1,2022-04-27,,7,0,2,0,0,0,2,,2,2,0,0,1,0,3,,21,,3,2022-04-27,1,2022-04-27,2
M09,april_2022_arm_1,ento_form_1a_immediately_processed_summary,2,2022-04-05,,7,0,0,0,0,0,0,,0,1,2,1,4,0,8,,10,,3,2022-04-27,1,2022-04-27,2
M09,may_2022_arm_1,ento_form_1a_immediately_processed_summary,1,2022-05-24,,2,1,2,0,2,0,5,,5,10,8,2,11,0,31,,9,,3,2022-05-30,1,2022-05-30,2
M09,may_2022_arm_1,ento_form_1a_immediately_processed_summary,2,2022-05-17,,2,0,0,0,5,0,5,,4,6,5,7,11,0,29,,11,,3,2022-05-30,1,2022-05-30,2
M09,june_2022_arm_1,ento_form_1a_immediately_processed_summary,1,2022-06-21,,8,1,1,0,0,0,2,,0,20,10,28,34,0,92,,51,,3,2022-06-30,1,2022-06-30,2
M09,june_2022_arm_1,ento_form_1a_immediately_processed_summary,2,2022-06-14,,8,0,1,0,0,0,1,,0,14,9,21,23,0,67,,27,,3,2022-06-30,1,2022-06-30,2
M09,july_2022_arm_1,ento_form_1a_immediately_processed_summary,1,2022-07-12,,6,0,1,0,0,0,1,,0,21,87,20,82,0,210,,98,,3,2022-07-19,1,2022-07-19,2
M09,july_2022_arm_1,ento_form_1a_immediately_processed_summary,2,2022-07-19,,6,0,1,2,1,0,4,,1,24,18,43,40,0,125,,86,,3,2022-07-19,1,2022-07-19,2
M09,july_2022_arm_1,ento_form_1a_immediately_processed_summary,3,2022-07-26,,6,0,0,0,0,0,0,,0,7,9,3,43,0,62,,117,,4,2022-08-02,1,2022-08-02,2
M09,august_2022_arm_1,ento_form_1a_immediately_processed_summary,1,2022-08-02,,4,0,0,0,0,0,0,,1,4,11,5,28,0,48,,51,,4,2022-08-04,1,2022-08-04,2
M09,august_2022_arm_1,ento_form_1a_immediately_processed_summary,2,2022-08-23,,2,0,0,0,0,0,0,,0,2,8,3,8,0,21,,20,,3,2022-09-01,1,2022-09-01,2
M09,september_2022_arm_1,ento_form_1a_immediately_processed_summary,1,2022-09-20,,4,0,0,1,0,0,1,,0,4,5,1,10,0,20,,23,,3,2022-09-23,1,2022-09-23,2
M09,september_2022_arm_1,ento_form_1a_immediately_processed_summary,2,2022-09-13,,9,0,0,0,0,0,0,,1,2,6,4,5,0,17,,8,,3,2022-09-23,1,2022-09-23,2
M09,october_2022_arm_1,ento_form_1a_immediately_processed_summary,1,2022-10-11,,7,0,0,0,0,0,0,,0,10,0,4,3,0,17,,14,,4,2022-10-19,1,2022-10-19,2
M09,october_2022_arm_1,ento_form_1a_immediately_processed_summary,2,2022-10-18,,7,0,0,0,0,0,0,,1,1,3,15,12,0,31,,29,,4,2022-10-19,1,2022-10-19,2
M09,october_2022_arm_1,ento_form_1a_immediately_processed_summary,3,2022-10-25,,7,0,0,0,0,0,0,,0,2,14,9,13,0,38,,42,,11,2022-11-01,1,2022-11-01,2
M09,november_2022_arm_1,ento_form_1a_immediately_processed_summary,1,2022-11-15,,8,1,0,0,0,0,1,,1,14,14,30,34,2,94,,87,,12,2022-11-15,1,2022-11-15,2
M09,november_2022_arm_1,ento_form_1a_immediately_processed_summary,2,2022-11-22,,8,0,0,0,0,0,0,,0,2,1,1,16,0,20,,34,,12,2022-11-22,1,2022-11-22,2
M09,december_2022_arm_1,ento_form_1a_immediately_processed_summary,1,2022-12-13,,4,0,0,0,0,0,0,,0,6,1,5,23,0,35,,68,,10,2022-12-13,1,2022-12-13,2
M09,december_2022_arm_1,ento_form_1a_immediately_processed_summary,2,2022-12-20,,4,0,0,0,0,0,0,,0,3,2,0,2,1,8,,7,,12,2022-12-20,1,2022-12-20,2
M12,january_2020_arm_1,ento_form_1a_immediately_processed_summary,1,2020-01-21,,3,0,0,0,0,0,0,,0,1,0,4,1,1,7,,5,,3,2020-04-08,1,2020-04-08,1
M12,january_2020_arm_1,ento_form_1a_immediately_processed_summary,2,2020-01-28,,3,0,0,0,0,0,0,,0,2,0,2,1,0,5,,5,,3,2020-04-09,1,2020-04-09,1
M12,february_2020_arm_1,ento_form_1a_immediately_processed_summary,1,2020-02-04,,8,0,0,0,0,0,0,,0,0,2,1,0,0,3,,2,,3,2020-04-20,1,2020-04-20,1
M12,february_2020_arm_1,ento_form_1a_immediately_processed_summary,2,2020-02-18,,8,0,0,0,0,0,0,,0,1,3,0,1,0,5,,0,,3,2020-04-20,1,2020-04-20,1
M12,february_2020_arm_1,ento_form_1a_immediately_processed_summary,3,2020-02-25,,8,0,0,0,0,0,0,,0,3,1,1,2,0,7,,10,,3,2020-04-20,1,2020-04-20,1
M12,march_2020_arm_1,ento_form_1a_immediately_processed_summary,1,2020-03-03,,7,0,0,0,0,0,0,,0,3,0,4,3,0,10,,7,,3,2020-04-28,1,2020-04-28,1
M12,march_2020_arm_1,ento_form_1a_immediately_processed_summary,2,2020-03-17,,7,0,0,0,0,0,0,,0,1,0,1,2,0,4,,9,,3,2020-04-30,1,2020-04-30,1
M12,june_2020_arm_1,ento_form_1a_immediately_processed_summary,1,2020-06-02,,3,0,0,0,0,0,0,,0,16,0,17,11,6,50,,182,,3,2020-06-05,1,2020-06-05,1
M12,june_2020_arm_1,ento_form_1a_immediately_processed_summary,2,2020-06-16,,3,0,0,0,0,0,0,,0,8,0,39,6,0,53,,56,,3,2020-06-16,1,2020-06-16,1
M12,june_2020_arm_1,ento_form_1a_immediately_processed_summary,3,2020-06-23,,3,0,1,0,0,0,1,,0,19,0,12,15,3,49,,87,,3,2020-06-29,1,2020-06-29,1
M12,july_2020_arm_1,ento_form_1a_immediately_processed_summary,1,2020-07-07,,5,0,0,0,0,0,0,,0,23,3,11,18,0,55,,33,,3,2020-07-09,1,2020-07-09,1
M12,july_2020_arm_1,ento_form_1a_immediately_processed_summary,2,2020-07-21,,5,0,0,0,0,0,0,,0,10,1,3,10,1,25,,16,,3,2020-08-04,1,2020-08-04,1
M12,july_2020_arm_1,ento_form_1a_immediately_processed_summary,3,2020-07-28,,5,0,0,0,0,0,0,,0,9,0,4,3,0,16,,10,,3,2020-08-04,1,2020-08-04,1
M12,august_2020_arm_1,ento_form_1a_immediately_processed_summary,1,2020-08-04,,4,0,0,0,0,0,0,,0,7,1,0,4,0,12,,11,,4,2020-08-20,1,2020-08-20,2
M12,august_2020_arm_1,ento_form_1a_immediately_processed_summary,2,2020-08-18,,4,0,0,0,0,0,0,,0,3,1,1,3,0,8,,4,,3,2020-08-28,1,2020-08-28,2
M12,august_2020_arm_1,ento_form_1a_immediately_processed_summary,3,2020-08-25,,4,0,0,0,0,0,0,,0,1,1,1,2,0,5,,2,,3,2020-08-28,1,2020-08-28,2
M12,september_2020_arm_1,ento_form_1a_immediately_processed_summary,1,2020-09-01,,9,0,0,0,0,0,0,,0,0,0,1,3,0,4,,3,,5,2020-09-14,1,2020-09-14,2
M12,september_2020_arm_1,ento_form_1a_immediately_processed_summary,2,2020-09-15,,9,0,0,0,0,0,0,,0,2,4,4,6,0,16,,10,,3,2020-09-15,1,2020-09-15,2
M12,september_2020_arm_1,ento_form_1a_immediately_processed_summary,3,2020-09-22,,9,0,0,0,0,0,0,,0,2,4,1,1,0,8,,2,,3,2020-09-23,1,2020-09-23,2
M12,october_2020_arm_1,ento_form_1a_immediately_processed_summary,1,2020-10-06,,6,0,0,0,0,0,0,,0,5,2,12,3,0,22,,4,,3,2020-10-06,1,2020-10-06,2
M12,october_2020_arm_1,ento_form_1a_immediately_processed_summary,2,2020-10-27,,6,0,0,0,0,0,0,,0,9,8,6,6,0,29,,24,,4,2020-10-27,1,2020-10-27,2
M12,november_2020_arm_1,ento_form_1a_immediately_processed_summary,1,2020-11-03,,8,0,0,0,0,0,0,,0,6,0,0,7,1,14,,13,,5,2020-11-03,1,2020-11-03,2
M12,november_2020_arm_1,ento_form_1a_immediately_processed_summary,2,2020-11-17,,8,0,0,0,0,0,0,,0,12,0,4,5,0,21,,21,,3,2020-11-18,1,2020-11-18,2
M12,november_2020_arm_1,ento_form_1a_immediately_processed_summary,3,2020-11-24,,8,0,0,0,0,0,0,,0,2,2,7,4,0,15,,15,,4,2020-11-30,1,2020-11-30,2
M12,december_2020_arm_1,ento_form_1a_immediately_processed_summary,1,2020-12-01,,7,0,0,0,0,0,0,,0,1,2,3,9,0,15,,5,,3,2020-12-01,1,2020-12-01,2
M12,december_2020_arm_1,ento_form_1a_immediately_processed_summary,2,2020-12-15,,7,0,0,0,1,0,1,,0,4,0,6,12,0,22,,12,,3,2020-12-15,1,2020-12-15,2
M12,january_2021_arm_1,ento_form_1a_immediately_processed_summary,1,2021-01-05,,3,0,0,0,0,0,0,,0,1,0,1,3,0,5,,4,,3,2021-01-07,1,2021-01-07,2
M12,january_2021_arm_1,ento_form_1a_immediately_processed_summary,2,2021-01-19,,3,0,0,0,0,0,0,,0,2,0,7,4,0,13,,18,,3,2021-02-01,1,2021-02-01,2
M12,january_2021_arm_1,ento_form_1a_immediately_processed_summary,3,2021-01-26,,3,0,0,0,0,0,0,,0,1,0,1,1,0,3,,3,,3,2021-02-01,1,2021-02-01,2
M12,feburary_2021_arm_1,ento_form_1a_immediately_processed_summary,1,2021-02-16,,2,0,0,0,0,0,0,,1,1,0,0,0,0,1,,1,,3,2021-03-01,1,2021-03-01,2
M12,feburary_2021_arm_1,ento_form_1a_immediately_processed_summary,2,2021-02-23,,2,0,0,0,0,0,0,,0,0,0,0,0,0,0,,0,,3,2021-03-03,1,2021-03-03,2
M12,march_2021_arm_1,ento_form_1a_immediately_processed_summary,1,2021-03-16,,4,0,0,0,0,0,0,,0,0,0,0,0,0,0,,0,,3,2021-03-29,1,2021-03-29,2
M12,march_2021_arm_1,ento_form_1a_immediately_processed_summary,2,2021-03-23,,4,0,0,0,0,0,0,,0,0,0,0,0,0,0,,0,,3,2021-03-29,1,2021-03-29,2
M12,march_2021_arm_1,ento_form_1a_immediately_processed_summary,3,2021-03-30,,4,0,0,0,0,0,0,,1,0,1,0,0,0,1,,0,,3,2021-03-31,1,2021-03-31,2
M12,april_2021_arm_1,ento_form_1a_immediately_processed_summary,1,2021-04-20,,9,0,0,0,0,0,0,,0,1,0,0,0,0,1,,0,,3,2021-04-26,1,2021-04-26,2
M12,april_2021_arm_1,ento_form_1a_immediately_processed_summary,2,2021-04-27,,9,0,0,0,0,0,0,,0,0,0,0,0,0,0,,0,,5,2021-04-28,1,2021-04-28,2
M12,may_2021_arm_1,ento_form_1a_immediately_processed_summary,1,2021-05-25,,7,0,0,0,0,0,0,,0,0,0,0,1,0,1,,0,,5,2021-06-09,1,2021-06-09,2
M12,may_2021_arm_1,ento_form_1a_immediately_processed_summary,2,2021-05-18,,7,0,0,0,0,0,0,,1,1,0,0,2,0,3,,3,,5,2021-06-09,1,2021-06-09,2
M12,june_2021_arm_1,ento_form_1a_immediately_processed_summary,1,2021-06-15,,6,1,0,0,0,0,1,,0,0,1,1,1,0,3,,1,,4,2021-07-01,1,2021-07-01,2
M12,june_2021_arm_1,ento_form_1a_immediately_processed_summary,2,2021-06-22,,10,0,1,0,0,0,1,,0,0,0,0,0,0,0,,0,,6,2021-07-02,1,2021-07-02,2
M12,june_2021_arm_1,ento_form_1a_immediately_processed_summary,3,2021-06-29,,6,0,0,0,0,0,0,,0,0,1,0,0,0,1,,1,,6,2021-07-02,1,2021-07-02,2
M12,july_2021_arm_1,ento_form_1a_immediately_processed_summary,1,2021-07-27,,10,0,1,2,1,0,4,,6,1,1,2,0,0,4,,4,,6,2021-08-04,1,2021-08-04,2
M12,august_2021_arm_1,ento_form_1a_immediately_processed_summary,1,2021-08-24,,3,0,0,0,0,0,0,,0,0,5,1,0,0,6,,8,,6,2021-09-01,1,2021-09-01,2
M12,august_2021_arm_1,ento_form_1a_immediately_processed_summary,2,2021-08-17,,3,0,0,0,0,0,0,,0,4,0,3,5,0,12,,12,,6,2021-09-01,1,2021-09-01,2
M12,august_2021_arm_1,ento_form_1a_immediately_processed_summary,3,2021-08-31,,3,0,0,0,0,0,0,,0,7,1,15,4,0,27,,4,,6,2021-09-02,1,2021-09-02,2
M12,september_2021_arm_1,ento_form_1a_immediately_processed_summary,1,2021-09-21,,2,0,0,0,0,0,0,,1,2,7,6,1,0,16,,11,,3,2021-09-28,1,2021-09-28,2
M12,september_2021_arm_1,ento_form_1a_immediately_processed_summary,2,2021-09-28,,2,0,0,0,0,0,0,,1,1,0,11,0,0,12,,9,,3,2021-09-28,1,2021-09-28,2
M12,october_2021_arm_1,ento_form_1a_immediately_processed_summary,1,2021-10-19,,4,0,0,0,0,0,0,,0,8,4,13,6,0,31,,16,,3,2021-10-25,1,2021-10-25,2
M12,october_2021_arm_1,ento_form_1a_immediately_processed_summary,2,2021-10-26,,4,0,0,0,0,0,0,,0,14,14,14,5,1,48,,29,,3,2021-10-27,1,2021-10-27,2
M12,november_2021_arm_1,ento_form_1a_immediately_processed_summary,1,2021-11-23,,9,0,0,0,0,0,0,,0,2,2,1,3,0,8,,6,,3,2021-11-24,1,2021-11-24,2
M12,november_2021_arm_1,ento_form_1a_immediately_processed_summary,2,2021-11-16,,9,1,0,0,0,0,1,,0,2,1,3,6,0,12,,18,,3,2021-11-24,1,2021-11-24,2
M12,december_2021_arm_1,ento_form_1a_immediately_processed_summary,1,2021-12-14,,7,0,0,0,0,0,0,,0,4,0,3,1,0,8,,6,,3,2021-12-20,1,2021-12-20,2
M12,january_2022_arm_1,ento_form_1a_immediately_processed_summary,1,2022-01-25,,6,0,0,0,0,0,0,,0,4,4,2,1,0,11,,8,,3,2022-01-25,1,2022-01-25,2
M12,january_2022_arm_1,ento_form_1a_immediately_processed_summary,2,2022-01-18,,6,0,0,0,0,0,0,,0,3,0,3,0,0,6,,4,,3,2022-01-25,1,2022-01-25,2
M12,february_2022_arm_1,ento_form_1a_immediately_processed_summary,1,2022-02-15,,9,0,0,0,0,0,0,,0,4,1,1,5,0,11,,13,,3,2022-02-16,1,2022-02-16,2
M12,february_2022_arm_1,ento_form_1a_immediately_processed_summary,2,2022-02-22,,10,0,0,0,0,0,0,,0,0,0,1,2,0,3,,11,,3,2022-02-23,1,2022-02-23,2
M12,march_2022_arm_1,ento_form_1a_immediately_processed_summary,1,2022-03-22,,8,0,0,0,0,0,0,,0,0,0,0,0,0,0,,2,,3,2022-03-23,1,2022-03-23,2
M12,march_2022_arm_1,ento_form_1a_immediately_processed_summary,2,2022-03-15,,8,0,0,0,0,0,0,,0,0,0,1,0,0,1,,1,,3,2022-03-23,1,2022-03-23,2
M12,march_2022_arm_1,ento_form_1a_immediately_processed_summary,3,2022-03-29,,8,0,0,0,0,0,0,,0,0,2,0,0,0,2,,1,,3,2022-03-30,1,2022-03-30,2
M12,april_2022_arm_1,ento_form_1a_immediately_processed_summary,1,2022-04-27,,2,0,0,0,0,0,0,,0,0,0,1,1,0,2,,0,,3,2022-04-27,1,2022-04-27,2
M12,april_2022_arm_1,ento_form_1a_immediately_processed_summary,2,2022-04-05,,2,0,0,0,0,0,0,,0,0,1,0,1,0,2,,0,,3,2022-04-27,1,2022-04-27,2
M12,may_2022_arm_1,ento_form_1a_immediately_processed_summary,1,2022-05-24,,9,0,0,0,0,0,0,,1,2,4,2,2,0,10,,2,,3,2022-05-30,1,2022-05-30,2
M12,may_2022_arm_1,ento_form_1a_immediately_processed_summary,2,2022-05-17,,9,0,0,0,0,0,0,,1,2,0,1,0,0,3,,0,,3,2022-05-30,1,2022-05-30,2
M12,june_2022_arm_1,ento_form_1a_immediately_processed_summary,1,2022-06-21,,6,0,0,0,0,0,0,,2,34,15,12,5,0,66,,49,,3,2022-06-30,1,2022-06-30,2
M12,june_2022_arm_1,ento_form_1a_immediately_processed_summary,2,2022-06-14,,6,0,0,0,0,0,0,,0,18,11,19,13,0,61,,40,,3,2022-06-30,1,2022-06-30,2
M12,july_2022_arm_1,ento_form_1a_immediately_processed_summary,1,2022-07-12,,7,1,1,0,0,0,2,,0,4,11,18,13,0,46,,17,,3,2022-07-19,1,2022-07-19,2
M12,july_2022_arm_1,ento_form_1a_immediately_processed_summary,2,2022-07-19,,7,0,0,0,0,0,0,,0,5,30,15,10,0,60,,14,,3,2022-07-19,1,2022-07-19,2
M12,july_2022_arm_1,ento_form_1a_immediately_processed_summary,3,2022-07-26,,7,0,0,0,0,0,0,,0,8,21,14,4,0,47,,19,,4,2022-08-02,1,2022-08-02,2
M12,august_2022_arm_1,ento_form_1a_immediately_processed_summary,1,2022-08-02,,4,0,0,0,0,0,0,,0,5,2,1,9,1,18,,40,,4,2022-08-04,1,2022-08-04,2
M12,august_2022_arm_1,ento_form_1a_immediately_processed_summary,2,2022-08-23,,4,0,0,0,0,0,0,,0,5,8,6,6,0,25,,28,,3,2022-09-01,1,2022-09-01,2
M12,september_2022_arm_1,ento_form_1a_immediately_processed_summary,1,2022-09-20,,3,0,0,0,0,0,0,,0,3,0,25,8,1,37,,29,,3,2022-09-23,1,2022-09-23,2
M12,september_2022_arm_1,ento_form_1a_immediately_processed_summary,2,2022-09-13,,3,0,0,0,0,0,0,,0,9,0,8,4,0,21,,26,,3,2022-09-23,1,2022-09-23,2
M12,october_2022_arm_1,ento_form_1a_immediately_processed_summary,1,2022-10-11,,8,0,0,0,0,0,0,,0,8,7,13,10,0,38,,35,,4,2022-10-19,1,2022-10-19,2
M12,october_2022_arm_1,ento_form_1a_immediately_processed_summary,2,2022-10-18,,8,0,0,0,0,0,0,,0,6,3,11,4,0,24,,13,,4,2022-10-19,1,2022-10-19,2
M12,october_2022_arm_1,ento_form_1a_immediately_processed_summary,3,2022-10-25,,8,0,0,0,0,0,0,,0,7,7,13,9,0,36,,27,,11,2022-10-27,1,2022-10-27,2
M12,november_2022_arm_1,ento_form_1a_immediately_processed_summary,1,2022-11-15,,9,0,0,0,0,0,0,,0,8,22,10,6,1,47,,26,,12,2022-11-15,1,2022-11-15,2
M12,november_2022_arm_1,ento_form_1a_immediately_processed_summary,2,2022-11-22,,9,0,0,0,0,0,0,,0,5,10,6,12,1,34,,12,,12,2022-11-22,1,2022-11-22,2
M12,december_2022_arm_1,ento_form_1a_immediately_processed_summary,1,2022-12-13,,5,0,0,0,1,0,1,,0,1,6,3,4,0,14,,13,,10,2022-12-13,1,2022-12-13,2
M12,december_2022_arm_1,ento_form_1a_immediately_processed_summary,2,2022-12-20,,2,0,0,0,0,0,0,,0,2,5,4,6,0,17,,8,,12,2022-12-20,1,2022-12-20,2
M13,january_2020_arm_1,ento_form_1a_immediately_processed_summary,1,2020-01-21,,9,0,0,0,0,0,0,,1,6,8,2,8,0,24,,18,,3,2020-04-09,1,2020-04-09,1
M13,january_2020_arm_1,ento_form_1a_immediately_processed_summary,2,2020-01-28,,9,0,1,0,0,0,1,,2,4,1,3,16,0,24,,54,,3,2020-04-09,1,2020-04-09,1
M13,february_2020_arm_1,ento_form_1a_immediately_processed_summary,1,2020-02-04,,5,0,0,0,0,0,0,,2,9,0,7,19,0,35,,107,,3,2020-04-20,1,2020-04-20,1
M13,february_2020_arm_1,ento_form_1a_immediately_processed_summary,2,2020-02-18,,3,0,0,0,0,0,0,,0,3,0,4,5,0,12,,16,,3,2020-04-20,1,2020-04-20,1
M13,february_2020_arm_1,ento_form_1a_immediately_processed_summary,3,2020-02-25,,5,0,0,0,0,0,0,,4,14,0,11,33,0,58,,96,,3,2020-04-20,1,2020-04-20,1
M13,march_2020_arm_1,ento_form_1a_immediately_processed_summary,1,2020-03-03,,4,0,0,0,0,0,0,,1,2,0,7,12,0,21,,47,,3,2020-04-28,1,2020-04-28,1
M13,march_2020_arm_1,ento_form_1a_immediately_processed_summary,2,2020-03-17,,4,0,1,0,0,0,1,,6,3,2,3,13,0,21,,40,,3,2020-04-30,1,2020-04-30,1
M13,june_2020_arm_1,ento_form_1a_immediately_processed_summary,1,2020-06-02,,9,0,0,0,0,0,0,,1,22,0,3,18,0,43,,90,,3,2020-06-04,1,2020-06-04,1
M13,june_2020_arm_1,ento_form_1a_immediately_processed_summary,2,2020-06-16,,9,0,0,0,0,0,0,,1,10,2,1,22,0,35,,52,,3,2020-06-17,1,2020-06-17,1
M13,june_2020_arm_1,ento_form_1a_immediately_processed_summary,3,2020-06-23,,9,0,0,0,0,0,0,,0,8,4,0,12,0,24,,30,,3,2020-06-29,1,2020-06-29,1
M13,july_2020_arm_1,ento_form_1a_immediately_processed_summary,1,2020-07-07,,2,0,0,0,1,0,1,,1,4,3,9,30,1,47,,56,,3,2020-07-09,1,2020-07-09,1
M13,july_2020_arm_1,ento_form_1a_immediately_processed_summary,2,2020-07-21,,3,0,0,0,0,0,0,,0,0,0,1,4,1,6,,18,,4,2020-07-28,1,2020-07-28,1
M13,july_2020_arm_1,ento_form_1a_immediately_processed_summary,3,2020-07-28,,2,0,0,0,0,0,0,,2,14,2,1,25,0,42,,63,,5,2020-07-28,1,2020-07-28,1
M13,august_2020_arm_1,ento_form_1a_immediately_processed_summary,1,2020-08-04,,2,0,0,0,0,0,0,,0,6,4,5,13,0,28,,30,,4,2020-08-20,1,2020-08-20,2
M13,august_2020_arm_1,ento_form_1a_immediately_processed_summary,2,2020-08-18,,7,0,0,0,0,0,0,,0,2,3,4,16,0,25,,35,,3,2020-08-28,1,2020-08-28,2
M13,august_2020_arm_1,ento_form_1a_immediately_processed_summary,3,2020-08-25,,2,0,0,0,0,0,0,,1,6,5,1,15,0,27,,32,,3,2020-08-28,1,2020-08-28,2
M13,september_2020_arm_1,ento_form_1a_immediately_processed_summary,1,2020-09-01,,2,0,1,0,0,0,1,,0,11,3,1,11,1,27,,27,,5,2020-09-14,1,2020-09-14,2
M13,september_2020_arm_1,ento_form_1a_immediately_processed_summary,2,2020-09-15,,8,0,0,0,0,0,0,,0,4,0,5,11,0,20,,20,,3,2020-09-15,1,2020-09-15,2
M13,september_2020_arm_1,ento_form_1a_immediately_processed_summary,3,2020-09-22,,8,0,0,0,0,0,0,,0,18,0,7,13,0,38,,36,,3,2020-09-23,1,2020-09-23,2
M13,october_2020_arm_1,ento_form_1a_immediately_processed_summary,1,2020-10-06,,7,0,0,0,0,0,0,,0,4,2,5,11,0,22,,14,,3,2020-10-06,1,2020-10-06,2
M13,october_2020_arm_1,ento_form_1a_immediately_processed_summary,2,2020-10-27,,7,1,0,0,0,0,1,,0,8,0,6,48,0,62,,50,,4,2020-10-27,1,2020-10-27,2
M13,november_2020_arm_1,ento_form_1a_immediately_processed_summary,1,2020-11-03,,2,0,0,0,0,0,0,,0,5,7,2,28,0,42,,90,,5,2020-11-03,1,2020-11-03,2
M13,november_2020_arm_1,ento_form_1a_immediately_processed_summary,2,2020-11-17,,3,0,0,0,0,0,0,,0,4,0,3,3,0,10,,18,,3,2020-11-18,1,2020-11-18,2
M13,november_2020_arm_1,ento_form_1a_immediately_processed_summary,3,2020-11-24,,3,0,0,0,0,0,0,,0,12,0,3,12,0,27,,59,,4,2020-11-30,1,2020-11-30,2
M13,december_2020_arm_1,ento_form_1a_immediately_processed_summary,1,2020-12-01,,6,0,0,0,0,0,0,,0,8,0,2,16,0,26,,30,,3,2020-12-01,1,2020-12-01,2
M13,december_2020_arm_1,ento_form_1a_immediately_processed_summary,2,2020-12-15,,6,0,0,0,0,0,0,,0,10,1,1,22,0,34,,113,,3,2020-12-15,1,2020-12-15,2
M13,january_2021_arm_1,ento_form_1a_immediately_processed_summary,1,2021-01-05,,4,0,0,0,1,0,1,,1,6,3,3,16,1,29,,53,,3,2021-01-07,1,2021-01-07,2
M13,january_2021_arm_1,ento_form_1a_immediately_processed_summary,2,2021-01-19,,4,0,0,0,0,0,0,,4,9,4,1,12,0,26,,78,,3,2021-02-01,1,2021-02-01,2
M13,january_2021_arm_1,ento_form_1a_immediately_processed_summary,3,2021-01-26,,4,0,0,0,0,0,0,,3,1,1,1,10,1,14,,97,,3,2021-02-01,1,2021-02-01,2
M13,feburary_2021_arm_1,ento_form_1a_immediately_processed_summary,1,2021-02-16,,8,0,1,0,1,0,2,,5,7,0,4,17,1,29,,45,,3,2021-02-23,1,2021-02-23,2
M13,feburary_2021_arm_1,ento_form_1a_immediately_processed_summary,2,2021-02-23,,8,0,1,0,0,0,1,,1,3,0,1,4,0,8,,16,,3,2021-03-03,1,2021-03-03,2
M13,march_2021_arm_1,ento_form_1a_immediately_processed_summary,1,2021-03-16,,9,0,0,0,0,0,0,,3,1,0,0,4,0,5,,6,,3,2021-03-29,1,2021-03-29,2
M13,march_2021_arm_1,ento_form_1a_immediately_processed_summary,2,2021-03-23,,9,1,2,0,1,0,4,,4,0,0,0,6,0,6,,11,,3,2021-03-29,1,2021-03-29,2
M13,march_2021_arm_1,ento_form_1a_immediately_processed_summary,3,2021-03-30,,9,1,1,0,0,0,2,,5,1,0,0,3,0,4,,5,,3,2021-03-31,1,2021-03-31,2
M13,april_2021_arm_1,ento_form_1a_immediately_processed_summary,1,2021-04-20,,3,0,0,0,0,0,0,,2,2,0,3,2,1,8,,7,,3,2021-04-26,1,2021-04-26,2
M13,april_2021_arm_1,ento_form_1a_immediately_processed_summary,2,2021-04-27,,3,2,4,0,1,0,7,,8,2,0,0,9,0,11,,13,,5,2021-04-28,1,2021-04-28,2
M13,may_2021_arm_1,ento_form_1a_immediately_processed_summary,1,2021-05-25,,6,0,4,0,0,0,4,,13,2,3,1,3,0,9,,14,,5,2021-06-09,1,2021-06-09,2
M13,may_2021_arm_1,ento_form_1a_immediately_processed_summary,2,2021-05-18,,6,4,3,0,0,0,7,,7,8,2,0,5,0,15,,27,,5,2021-06-09,1,2021-06-09,2
M13,june_2021_arm_1,ento_form_1a_immediately_processed_summary,1,2021-06-15,,4,2,3,1,3,0,9,,30,6,11,3,23,1,44,,39,,5,2021-06-16,1,2021-06-16,2
M13,june_2021_arm_1,ento_form_1a_immediately_processed_summary,2,2021-06-22,,4,3,2,1,2,0,8,,8,1,2,0,10,0,13,,11,,6,2021-07-02,1,2021-07-02,2
M13,june_2021_arm_1,ento_form_1a_immediately_processed_summary,3,2021-06-29,,4,3,0,0,1,0,4,,16,0,5,1,14,0,20,,19,,6,2021-07-02,1,2021-07-02,2
M13,july_2021_arm_1,ento_form_1a_immediately_processed_summary,1,2021-07-27,,9,1,0,0,0,0,1,,7,4,2,0,12,0,18,,18,,6,2021-08-04,1,2021-08-04,2
M13,august_2021_arm_1,ento_form_1a_immediately_processed_summary,1,2021-08-17,,7,0,0,0,0,0,0,,5,5,0,4,3,2,14,,14,,6,2021-08-19,1,2021-08-19,2
M13,august_2021_arm_1,ento_form_1a_immediately_processed_summary,2,2021-08-24,,7,0,0,0,0,0,0,,3,0,0,1,3,0,4,,14,,6,2021-09-01,1,2021-09-01,2
M13,august_2021_arm_1,ento_form_1a_immediately_processed_summary,3,2021-08-31,,7,0,2,0,0,0,2,,4,3,0,1,3,0,7,,13,,6,2021-09-01,1,2021-09-01,2
M13,september_2021_arm_1,ento_form_1a_immediately_processed_summary,1,2021-09-21,,10,0,0,0,0,0,0,,1,2,0,0,0,8,10,,6,,3,2021-09-28,1,2021-09-28,2
M13,september_2021_arm_1,ento_form_1a_immediately_processed_summary,2,2021-09-28,,10,0,0,0,0,0,0,,1,0,3,1,8,0,12,,11,,3,2021-09-28,1,2021-09-28,2
M13,october_2021_arm_1,ento_form_1a_immediately_processed_summary,1,2021-10-19,,9,0,0,0,0,0,0,,0,1,0,0,3,0,4,,0,,3,2021-10-25,1,2021-10-25,2
M13,october_2021_arm_1,ento_form_1a_immediately_processed_summary,2,2021-10-26,,9,0,0,0,1,0,1,,0,10,4,3,6,0,23,,20,,3,2021-10-27,1,2021-10-27,2
M13,november_2021_arm_1,ento_form_1a_immediately_processed_summary,1,2021-11-23,,3,0,0,1,0,0,1,,1,6,1,9,6,0,22,,19,,3,2021-11-24,1,2021-11-24,2
M13,november_2021_arm_1,ento_form_1a_immediately_processed_summary,2,2021-11-16,,3,0,0,0,0,0,0,,1,18,3,13,30,0,64,,97,,3,2021-11-24,1,2021-11-24,2
M13,december_2021_arm_1,ento_form_1a_immediately_processed_summary,1,2021-12-14,,9,0,0,0,0,0,0,,0,8,10,12,20,0,50,,80,,3,2021-12-20,1,2021-12-20,2
M13,january_2022_arm_1,ento_form_1a_immediately_processed_summary,1,2022-01-25,,4,0,0,0,0,0,0,,1,3,0,0,1,1,5,,12,,3,2022-01-25,1,2022-01-25,2
M13,january_2022_arm_1,ento_form_1a_immediately_processed_summary,2,2022-01-18,,4,0,0,0,0,0,0,,0,3,3,0,6,0,12,,11,,3,2022-01-30,1,2022-01-30,2
M13,february_2022_arm_1,ento_form_1a_immediately_processed_summary,1,2022-02-15,,5,0,0,0,0,0,0,,0,3,0,0,4,0,7,,11,,3,2022-02-16,1,2022-02-16,2
M13,february_2022_arm_1,ento_form_1a_immediately_processed_summary,2,2022-02-22,,2,0,0,0,1,0,1,,0,1,0,2,3,0,6,,14,,3,2022-02-23,1,2022-02-23,2
M13,march_2022_arm_1,ento_form_1a_immediately_processed_summary,1,2022-03-22,,7,0,1,0,0,0,1,,1,0,0,1,7,0,8,,11,,3,2022-03-23,1,2022-03-23,2
M13,march_2022_arm_1,ento_form_1a_immediately_processed_summary,2,2022-03-15,,7,0,2,0,0,0,2,,0,2,2,2,5,0,11,,36,,3,2022-03-23,1,2022-03-23,2
M13,march_2022_arm_1,ento_form_1a_immediately_processed_summary,3,2022-03-29,,7,1,0,0,0,0,1,,0,2,2,0,5,0,9,,13,,3,2022-03-30,1,2022-03-30,2
M13,april_2022_arm_1,ento_form_1a_immediately_processed_summary,1,2022-04-27,,9,0,0,0,0,0,0,,0,1,0,1,1,0,3,,2,,3,2022-04-27,1,2022-04-27,2
M13,april_2022_arm_1,ento_form_1a_immediately_processed_summary,2,2022-04-05,,9,0,0,0,0,0,0,,0,0,2,0,3,0,5,,3,,3,2022-04-27,1,2022-04-27,2
M13,may_2022_arm_1,ento_form_1a_immediately_processed_summary,1,2022-05-24,,6,0,0,0,1,0,1,,1,6,7,2,11,0,26,,21,,3,2022-05-30,1,2022-05-30,2
M13,may_2022_arm_1,ento_form_1a_immediately_processed_summary,2,2022-05-17,,6,0,1,0,1,0,2,,1,2,1,6,4,0,13,,13,,3,2022-05-30,1,2022-05-30,2
M13,june_2022_arm_1,ento_form_1a_immediately_processed_summary,1,2022-06-21,,3,1,0,1,0,0,2,,1,96,5,15,42,0,158,,265,,3,2022-06-30,1,2022-06-30,2
M13,june_2022_arm_1,ento_form_1a_immediately_processed_summary,2,2022-06-14,,3,1,0,0,1,0,2,,1,39,21,44,65,5,174,,138,,3,2022-06-30,1,2022-06-30,2
M13,july_2022_arm_1,ento_form_1a_immediately_processed_summary,1,2022-07-12,,8,0,0,0,0,0,0,,2,115,0,7,5,0,127,,321,,3,2022-07-19,1,2022-07-19,2
M13,july_2022_arm_1,ento_form_1a_immediately_processed_summary,2,2022-07-19,,8,0,0,0,0,0,0,,0,65,30,16,65,0,176,,363,,3,2022-07-19,1,2022-07-19,2
M13,july_2022_arm_1,ento_form_1a_immediately_processed_summary,3,2022-07-26,,8,1,1,0,0,0,2,,2,32,32,26,53,8,151,,473,,4,2022-08-02,1,2022-08-02,2
M13,august_2022_arm_1,ento_form_1a_immediately_processed_summary,1,2022-08-02,,5,0,0,0,0,0,0,,0,7,4,3,13,0,27,,106,,4,2022-08-04,1,2022-08-04,2
M13,august_2022_arm_1,ento_form_1a_immediately_processed_summary,2,2022-08-23,,5,0,0,0,0,0,0,,0,0,0,1,10,0,11,,30,,3,2022-09-01,1,2022-09-01,2
M13,september_2022_arm_1,ento_form_1a_immediately_processed_summary,1,2022-09-20,,2,0,0,0,0,0,0,,2,13,3,1,20,0,37,,54,,3,2022-09-23,1,2022-09-23,2
M13,september_2022_arm_1,ento_form_1a_immediately_processed_summary,2,2022-09-13,,7,0,0,0,0,0,0,,0,11,0,2,20,0,33,,21,,3,2022-09-23,1,2022-09-23,2
M13,october_2022_arm_1,ento_form_1a_immediately_processed_summary,1,2022-10-11,,4,0,0,0,0,0,0,,0,22,5,5,20,0,52,,70,,4,2022-10-19,1,2022-10-19,2
M13,october_2022_arm_1,ento_form_1a_immediately_processed_summary,2,2022-10-18,,4,0,0,0,0,0,0,,0,14,4,8,18,0,44,,98,,4,2022-10-19,1,2022-10-19,2
M13,october_2022_arm_1,ento_form_1a_immediately_processed_summary,3,2022-10-25,,4,0,0,0,0,0,0,,0,41,5,9,29,0,84,,136,,11,2022-10-27,1,2022-10-27,2
M13,november_2022_arm_1,ento_form_1a_immediately_processed_summary,1,2022-11-15,,3,0,0,0,0,0,0,,0,36,10,47,32,0,125,,220,,12,2022-11-15,1,2022-11-15,2
M13,november_2022_arm_1,ento_form_1a_immediately_processed_summary,2,2022-11-22,,3,0,0,0,0,0,0,,0,59,4,83,32,3,181,,258,,12,2022-11-22,1,2022-11-22,2
M13,december_2022_arm_1,ento_form_1a_immediately_processed_summary,1,2022-12-13,,6,1,0,0,0,0,1,,0,0,13,3,6,0,22,,20,,10,2022-12-13,1,2022-12-13,2
M13,december_2022_arm_1,ento_form_1a_immediately_processed_summary,2,2022-12-20,,6,0,0,0,0,0,0,,0,2,4,3,18,0,27,,54,,12,2022-12-20,1,2022-12-20,2
M14,january_2020_arm_1,ento_form_1a_immediately_processed_summary,1,2020-01-21,,8,0,0,0,0,0,0,,1,5,5,5,19,0,34,,50,,3,2020-04-09,1,2020-04-09,1
M14,january_2020_arm_1,ento_form_1a_immediately_processed_summary,2,2020-01-28,,8,0,0,0,0,0,0,,0,1,1,4,5,0,11,,25,,3,2020-04-09,1,2020-04-09,1
M14,february_2020_arm_1,ento_form_1a_immediately_processed_summary,1,2020-02-04,,4,0,0,0,0,0,0,,0,5,1,7,5,1,19,,35,,3,2020-04-20,1,2020-04-20,1
M14,february_2020_arm_1,ento_form_1a_immediately_processed_summary,2,2020-02-18,,8,0,0,0,0,0,0,,0,5,1,3,5,0,14,,18,,3,2020-04-20,1,2020-04-20,1
M14,february_2020_arm_1,ento_form_1a_immediately_processed_summary,3,2020-02-25,,4,0,0,0,0,0,0,,0,6,3,5,7,0,21,,13,,3,2020-04-20,1,2020-04-20,1
M14,march_2020_arm_1,ento_form_1a_immediately_processed_summary,1,2020-03-03,,3,1,0,0,0,0,1,,0,3,1,4,4,0,12,,12,,3,2020-04-28,1,2020-04-28,1
M14,march_2020_arm_1,ento_form_1a_immediately_processed_summary,2,2020-03-17,,3,0,0,0,0,0,0,,0,3,0,2,2,0,7,,6,,3,2020-04-30,1,2020-04-30,1
M14,june_2020_arm_1,ento_form_1a_immediately_processed_summary,1,2020-06-02,,8,0,0,0,0,0,0,,0,34,34,73,43,0,184,,232,,3,2020-06-04,1,2020-06-04,1
M14,june_2020_arm_1,ento_form_1a_immediately_processed_summary,2,2020-06-16,,8,0,1,1,0,0,2,,0,20,14,28,27,0,89,,97,,3,2020-06-17,1,2020-06-17,1
M14,june_2020_arm_1,ento_form_1a_immediately_processed_summary,3,2020-06-23,,8,0,0,0,0,0,0,,0,11,5,12,7,0,35,,53,,3,2020-06-29,1,2020-06-29,1
M14,july_2020_arm_1,ento_form_1a_immediately_processed_summary,1,2020-07-07,,9,0,0,0,0,0,0,,0,4,8,18,19,0,49,,26,,3,2020-07-09,1,2020-07-09,1
M14,july_2020_arm_1,ento_form_1a_immediately_processed_summary,2,2020-07-21,,9,0,0,0,0,0,0,,0,2,4,3,8,0,17,,12,,4,2020-07-28,1,2020-07-28,1
M14,july_2020_arm_1,ento_form_1a_immediately_processed_summary,3,2020-07-28,,9,0,0,0,0,0,0,,0,0,2,4,8,0,14,,24,,5,2020-07-28,1,2020-07-28,1
M14,august_2020_arm_1,ento_form_1a_immediately_processed_summary,1,2020-08-04,,6,0,0,0,0,0,0,,0,0,1,2,4,0,7,,13,,3,2020-08-27,1,2020-08-27,2
M14,august_2020_arm_1,ento_form_1a_immediately_processed_summary,2,2020-08-18,,6,0,0,0,0,0,0,,0,1,0,2,3,0,6,,9,,3,2020-08-28,1,2020-08-28,2
M14,august_2020_arm_1,ento_form_1a_immediately_processed_summary,3,2020-08-25,,6,0,0,0,0,0,0,,0,2,4,4,3,0,13,,1,,3,2020-08-28,1,2020-08-28,2
M14,september_2020_arm_1,ento_form_1a_immediately_processed_summary,1,2020-09-01,,7,0,0,0,1,0,1,,0,7,18,16,12,0,53,,33,,5,2020-09-14,1,2020-09-14,2
M14,september_2020_arm_1,ento_form_1a_immediately_processed_summary,2,2020-09-15,,7,0,0,0,0,0,0,,0,3,7,15,14,0,39,,18,,3,2020-09-15,1,2020-09-15,2
M14,september_2020_arm_1,ento_form_1a_immediately_processed_summary,3,2020-09-22,,7,0,0,0,0,0,0,,0,0,7,6,14,0,27,,13,,3,2020-09-23,1,2020-09-23,2
M14,october_2020_arm_1,ento_form_1a_immediately_processed_summary,1,2020-10-06,,5,0,1,0,0,0,1,,0,5,27,18,17,0,67,,17,,3,2020-10-06,1,2020-10-06,2
M14,october_2020_arm_1,ento_form_1a_immediately_processed_summary,2,2020-10-27,,5,0,0,0,0,0,0,,0,2,19,31,22,1,75,,7,,4,2020-10-27,1,2020-10-27,2
M14,november_2020_arm_1,ento_form_1a_immediately_processed_summary,1,2020-11-03,,4,0,0,0,0,0,0,,0,0,10,14,6,0,30,,8,,5,2020-11-03,1,2020-11-03,2
M14,november_2020_arm_1,ento_form_1a_immediately_processed_summary,2,2020-11-17,,4,0,0,0,0,0,0,,0,0,4,8,5,0,17,,4,,3,2020-11-18,1,2020-11-18,2
M14,november_2020_arm_1,ento_form_1a_immediately_processed_summary,3,2020-11-24,,4,0,0,0,0,0,0,,0,3,13,19,4,1,40,,4,,4,2020-11-30,1,2020-11-30,2
M14,december_2020_arm_1,ento_form_1a_immediately_processed_summary,1,2020-12-01,,3,0,0,0,0,0,0,,0,2,0,4,2,0,8,,12,,3,2020-12-01,1,2020-12-01,2
M14,december_2020_arm_1,ento_form_1a_immediately_processed_summary,2,2020-12-15,,3,0,1,0,0,0,1,,0,1,1,25,1,0,28,,0,,3,2020-12-15,1,2020-12-15,2
M14,january_2021_arm_1,ento_form_1a_immediately_processed_summary,1,2021-01-05,,8,0,0,0,0,0,0,,0,0,0,4,2,0,6,,11,,3,2021-01-07,1,2021-01-07,2
M14,january_2021_arm_1,ento_form_1a_immediately_processed_summary,2,2021-01-19,,8,0,0,0,1,0,1,,0,1,0,1,8,1,11,,11,,3,2021-02-01,1,2021-02-01,2
M14,january_2021_arm_1,ento_form_1a_immediately_processed_summary,3,2021-01-26,,8,0,0,0,0,0,0,,0,0,0,2,0,0,2,,0,,3,2021-02-01,1,2021-02-01,2
M14,feburary_2021_arm_1,ento_form_1a_immediately_processed_summary,1,2021-02-16,,9,0,0,0,0,0,0,,0,0,0,0,0,0,0,,3,,3,2021-03-01,1,2021-03-01,2
M14,feburary_2021_arm_1,ento_form_1a_immediately_processed_summary,2,2021-02-23,,9,0,0,0,1,0,1,,0,0,0,1,1,0,2,,3,,3,2021-03-03,1,2021-03-03,2
M14,march_2021_arm_1,ento_form_1a_immediately_processed_summary,1,2021-03-16,,6,0,0,0,0,0,0,,0,0,0,0,0,0,0,,0,,3,2021-03-29,1,2021-03-29,2
M14,march_2021_arm_1,ento_form_1a_immediately_processed_summary,2,2021-03-23,,6,0,0,0,0,0,0,,0,0,0,1,1,0,2,,1,,3,2021-03-29,1,2021-03-29,2
M14,march_2021_arm_1,ento_form_1a_immediately_processed_summary,3,2021-03-30,,6,0,0,0,0,0,0,,0,0,0,0,1,0,1,,0,,3,2021-03-31,1,2021-03-31,2
M14,april_2021_arm_1,ento_form_1a_immediately_processed_summary,1,2021-04-20,,7,0,1,0,0,0,1,,0,0,0,0,0,0,0,,0,,3,2021-04-25,1,2021-04-25,2
M14,april_2021_arm_1,ento_form_1a_immediately_processed_summary,2,2021-04-27,,7,0,0,0,0,0,0,,0,0,0,0,1,0,1,,1,,5,2021-04-28,1,2021-04-28,0
M14,may_2021_arm_1,ento_form_1a_immediately_processed_summary,1,2021-05-18,,7,0,0,0,0,0,0,,4,1,0,1,0,0,2,,0,,5,2021-06-09,1,2021-06-09,2
M14,may_2021_arm_1,ento_form_1a_immediately_processed_summary,2,2021-05-25,,2,0,1,0,0,0,1,,0,0,1,0,3,0,4,,4,,3,2021-09-07,1,2021-09-07,2
M14,june_2021_arm_1,ento_form_1a_immediately_processed_summary,1,2021-06-15,,9,0,0,0,0,0,0,,1,1,2,0,0,0,3,,0,,5,2021-06-16,1,2021-06-16,2
M14,june_2021_arm_1,ento_form_1a_immediately_processed_summary,2,2021-06-22,,9,0,1,0,1,0,2,,0,0,0,0,0,0,0,,0,,6,2021-07-02,1,2021-07-02,2
M14,june_2021_arm_1,ento_form_1a_immediately_processed_summary,3,2021-06-29,,6,0,0,0,0,0,0,,3,0,1,3,5,0,9,,3,,6,2021-07-02,1,2021-07-02,2
M14,july_2021_arm_1,ento_form_1a_immediately_processed_summary,1,2021-07-27,,10,0,0,1,1,0,2,,1,0,0,3,3,0,6,,15,,6,2021-08-04,1,2021-08-04,2
M14,august_2021_arm_1,ento_form_1a_immediately_processed_summary,1,2021-08-17,,2,0,0,0,0,0,0,,0,2,1,2,3,0,8,,2,,6,2021-08-19,1,2021-08-19,2
M14,august_2021_arm_1,ento_form_1a_immediately_processed_summary,2,2021-08-24,,2,0,0,0,0,0,0,,0,1,0,1,1,0,3,,5,,6,2021-09-01,1,2021-09-01,2
M14,august_2021_arm_1,ento_form_1a_immediately_processed_summary,3,2021-08-31,,5,0,0,0,0,0,0,,0,0,2,1,4,0,7,,3,,6,2021-09-01,1,2021-09-01,2
M14,september_2021_arm_1,ento_form_1a_immediately_processed_summary,1,2021-09-21,,4,0,0,0,0,0,0,,0,0,6,1,3,1,11,,0,,3,2021-09-28,1,2021-09-28,2
M14,september_2021_arm_1,ento_form_1a_immediately_processed_summary,2,2021-09-28,,4,0,0,0,0,0,0,,0,1,5,1,2,0,9,,1,,3,2021-09-28,1,2021-09-28,2
M14,october_2021_arm_1,ento_form_1a_immediately_processed_summary,1,2021-10-19,,4,0,0,0,0,0,0,,0,5,19,6,12,0,42,,13,,3,2021-10-25,1,2021-10-25,2
M14,october_2021_arm_1,ento_form_1a_immediately_processed_summary,2,2021-10-26,,6,0,0,0,0,0,0,,0,2,5,8,4,0,19,,3,,3,2021-10-27,1,2021-10-27,2
M14,november_2021_arm_1,ento_form_1a_immediately_processed_summary,1,2021-11-23,,7,0,0,0,0,0,0,,0,3,25,4,15,0,47,,7,,3,2021-11-24,1,2021-11-24,2
M14,november_2021_arm_1,ento_form_1a_immediately_processed_summary,2,2021-11-16,,7,0,1,0,0,0,1,,0,9,39,19,24,0,91,,23,,3,2021-11-24,1,2021-11-24,2
M14,december_2021_arm_1,ento_form_1a_immediately_processed_summary,1,2021-12-14,,10,0,0,0,0,0,0,,0,7,0,4,12,0,23,,41,,3,2021-12-21,1,2021-12-21,2
M14,january_2022_arm_1,ento_form_1a_immediately_processed_summary,1,2022-01-25,,9,0,0,0,0,0,0,,0,2,0,1,7,0,10,,20,,3,2022-01-25,1,2022-01-25,2
M14,january_2022_arm_1,ento_form_1a_immediately_processed_summary,2,2022-01-18,,9,0,0,0,0,0,0,,0,5,1,2,1,0,9,,13,,3,2022-01-31,1,2022-01-31,2
M14,february_2022_arm_1,ento_form_1a_immediately_processed_summary,1,2022-02-15,,8,0,0,0,0,0,0,,0,1,1,1,10,0,13,,31,,3,2022-02-16,1,2022-02-16,2
M14,february_2022_arm_1,ento_form_1a_immediately_processed_summary,2,2022-02-22,,8,0,0,0,0,0,0,,0,2,2,0,2,0,6,,13,,3,2022-02-23,1,2022-02-23,2
M14,march_2022_arm_1,ento_form_1a_immediately_processed_summary,1,2022-03-22,,4,0,0,0,0,0,0,,0,0,0,0,0,0,0,,10,,3,2022-03-23,1,2022-03-23,2
M14,march_2022_arm_1,ento_form_1a_immediately_processed_summary,2,2022-03-15,,4,0,0,0,0,0,0,,0,0,0,3,5,0,8,,19,,3,2022-03-23,1,2022-03-23,2
M14,march_2022_arm_1,ento_form_1a_immediately_processed_summary,3,2022-03-29,,4,0,0,0,0,0,0,,0,1,0,0,0,0,1,,3,,3,2022-03-30,1,2022-03-30,2
M14,april_2022_arm_1,ento_form_1a_immediately_processed_summary,1,2022-04-27,,6,0,0,0,0,0,0,,1,0,0,0,2,0,2,,17,,3,2022-04-27,1,2022-04-27,2
M14,april_2022_arm_1,ento_form_1a_immediately_processed_summary,2,2022-04-05,,6,0,0,0,2,0,2,,0,0,0,0,0,0,0,,3,,3,2022-04-27,1,2022-04-27,2
M14,may_2022_arm_1,ento_form_1a_immediately_processed_summary,1,2022-05-24,,7,2,2,0,0,0,4,,3,13,6,0,18,0,37,,42,,3,2022-05-30,1,2022-05-30,2
M14,may_2022_arm_1,ento_form_1a_immediately_processed_summary,2,2022-05-17,,7,0,0,0,1,0,1,,3,2,0,5,4,0,11,,14,,3,2022-05-30,1,2022-05-30,2
M14,june_2022_arm_1,ento_form_1a_immediately_processed_summary,1,2022-06-21,,9,2,2,0,1,0,5,,3,30,11,27,37,0,105,,177,,3,2022-06-30,1,2022-06-30,2
M14,june_2022_arm_1,ento_form_1a_immediately_processed_summary,2,2022-06-14,,9,0,1,0,0,0,1,,0,10,9,27,27,1,74,,147,,3,2022-06-30,1,2022-06-30,2
M14,july_2022_arm_1,ento_form_1a_immediately_processed_summary,1,2022-07-12,,2,0,1,0,1,0,2,,0,9,2,33,25,0,69,,58,,3,2022-07-19,1,2022-07-19,2
M14,july_2022_arm_1,ento_form_1a_immediately_processed_summary,2,2022-07-19,,2,0,0,0,0,0,0,,0,16,45,28,33,1,123,,73,,3,2022-07-19,1,2022-07-19,2
M14,july_2022_arm_1,ento_form_1a_immediately_processed_summary,3,2022-07-26,,5,0,1,0,0,0,1,,1,18,16,11,43,0,88,,128,,4,2022-08-02,1,2022-08-02,2
M14,august_2022_arm_1,ento_form_1a_immediately_processed_summary,1,2022-08-02,,7,0,0,1,1,0,2,,0,9,13,9,17,0,48,,70,,4,2022-08-04,1,2022-08-04,2
M14,august_2022_arm_1,ento_form_1a_immediately_processed_summary,2,2022-08-23,,4,0,0,0,0,0,0,,0,14,14,12,24,0,64,,91,,3,2022-09-01,1,2022-09-01,2
M14,september_2022_arm_1,ento_form_1a_immediately_processed_summary,1,2022-09-20,,3,0,0,0,0,0,0,,0,13,6,58,23,2,102,,70,,3,2022-09-23,1,2022-09-23,2
M14,september_2022_arm_1,ento_form_1a_immediately_processed_summary,2,2022-09-13,,2,0,0,0,0,0,0,,0,6,15,38,32,0,91,,90,,3,2022-09-23,1,2022-09-23,2
M14,october_2022_arm_1,ento_form_1a_immediately_processed_summary,1,2022-10-11,,2,0,0,0,0,0,0,,0,16,18,23,42,0,99,,92,,4,2022-10-19,1,2022-10-19,2
M14,october_2022_arm_1,ento_form_1a_immediately_processed_summary,2,2022-10-18,,2,0,1,0,0,0,1,,0,9,30,6,21,0,66,,92,,4,2022-10-19,1,2022-10-19,2
M14,october_2022_arm_1,ento_form_1a_immediately_processed_summary,3,2022-10-25,,2,0,0,0,0,0,0,,0,14,36,13,44,0,107,,98,,11,2022-10-27,1,2022-10-27,2
M14,november_2022_arm_1,ento_form_1a_immediately_processed_summary,1,2022-11-15,,2,0,0,0,0,0,0,,0,20,36,12,37,0,105,,148,,12,2022-11-15,1,2022-11-15,2
M14,november_2022_arm_1,ento_form_1a_immediately_processed_summary,2,2022-11-22,,6,0,0,0,0,0,0,,0,6,7,14,32,0,59,,82,,12,2022-11-22,1,2022-11-22,2
M14,december_2022_arm_1,ento_form_1a_immediately_processed_summary,1,2022-12-13,,7,0,0,0,0,0,0,,0,0,2,14,10,0,26,,47,,10,2022-12-13,1,2022-12-13,2
M14,december_2022_arm_1,ento_form_1a_immediately_processed_summary,2,2022-12-20,,7,0,0,0,0,0,0,,0,6,2,6,4,0,18,,6,,12,2022-12-20,1,2022-12-20,2
M15,january_2020_arm_1,ento_form_1a_immediately_processed_summary,1,2020-01-21,,5,0,0,0,0,0,0,,0,0,0,3,5,0,8,,12,,3,2020-04-08,1,2020-04-08,1
M15,january_2020_arm_1,ento_form_1a_immediately_processed_summary,2,2020-01-28,,5,0,0,0,0,0,0,,0,0,2,10,11,0,23,,19,,3,2020-04-09,1,2020-04-09,1
M15,february_2020_arm_1,ento_form_1a_immediately_processed_summary,1,2020-02-04,,2,0,0,0,0,0,0,,0,0,5,2,8,0,15,,35,,3,2020-04-20,1,2020-04-20,1
M15,february_2020_arm_1,ento_form_1a_immediately_processed_summary,2,2020-02-18,,2,0,1,0,0,0,1,,1,0,2,3,7,0,12,,14,,3,2020-04-20,1,2020-04-20,1
M15,february_2020_arm_1,ento_form_1a_immediately_processed_summary,3,2020-02-25,,2,0,0,0,0,0,0,,1,0,1,0,4,0,5,,12,,3,2020-04-20,1,2020-04-20,1
M15,march_2020_arm_1,ento_form_1a_immediately_processed_summary,1,2020-03-03,,9,0,0,0,1,0,1,,0,0,0,0,2,1,3,,4,,3,2020-04-28,1,2020-04-28,1
M15,march_2020_arm_1,ento_form_1a_immediately_processed_summary,2,2020-03-17,,9,0,0,0,1,0,1,,0,0,2,0,0,0,2,,6,,3,2020-04-30,1,2020-04-30,1
M15,june_2020_arm_1,ento_form_1a_immediately_processed_summary,1,2020-06-02,,5,0,0,0,0,0,0,,0,4,8,53,69,0,134,,172,,3,2020-06-04,1,2020-06-04,1
M15,june_2020_arm_1,ento_form_1a_immediately_processed_summary,2,2020-06-16,,5,0,0,2,2,0,4,,0,2,10,83,21,0,116,,117,,3,2020-06-17,1,2020-06-17,1
M15,june_2020_arm_1,ento_form_1a_immediately_processed_summary,3,2020-06-23,,5,1,2,0,1,0,4,,4,16,34,85,28,0,163,,223,,3,2020-06-29,1,2020-06-29,1
M15,july_2020_arm_1,ento_form_1a_immediately_processed_summary,1,2020-07-07,,6,0,0,2,0,0,2,,0,3,28,51,27,0,109,,64,,3,2020-07-08,1,2020-07-08,1
M15,july_2020_arm_1,ento_form_1a_immediately_processed_summary,2,2020-07-21,,6,0,0,0,0,0,0,,0,3,5,11,7,0,26,,25,,4,2020-07-28,1,2020-07-28,1
M15,july_2020_arm_1,ento_form_1a_immediately_processed_summary,3,2020-07-28,,6,0,0,0,0,0,0,,0,2,12,8,12,0,34,,20,,4,2020-07-28,1,2020-07-28,1
M15,august_2020_arm_1,ento_form_1a_immediately_processed_summary,1,2020-08-04,,8,0,0,0,0,0,0,,1,3,3,5,8,0,19,,36,,3,2020-08-27,1,2020-08-27,2
M15,august_2020_arm_1,ento_form_1a_immediately_processed_summary,2,2020-08-18,,8,0,0,0,0,0,0,,0,2,0,1,2,0,5,,1,,3,2020-08-28,1,2020-08-28,2
M15,august_2020_arm_1,ento_form_1a_immediately_processed_summary,3,2020-08-25,,8,0,0,0,0,0,0,,0,1,0,5,2,0,8,,0,,3,2020-08-28,1,2020-08-28,2
M15,september_2020_arm_1,ento_form_1a_immediately_processed_summary,1,2020-09-01,,4,0,0,0,0,0,0,,0,0,1,3,0,0,4,,5,,5,2020-09-14,1,2020-09-14,2
M15,september_2020_arm_1,ento_form_1a_immediately_processed_summary,2,2020-09-15,,4,0,0,0,0,0,0,,0,1,0,1,5,0,7,,2,,3,2020-09-15,1,2020-09-15,2
M15,september_2020_arm_1,ento_form_1a_immediately_processed_summary,3,2020-09-22,,4,0,0,0,0,0,0,,0,0,1,2,4,0,7,,3,,3,2020-09-23,1,2020-09-23,2
M15,october_2020_arm_1,ento_form_1a_immediately_processed_summary,1,2020-10-06,,3,0,0,0,0,0,0,,0,3,0,4,2,1,10,,4,,3,2020-10-06,1,2020-10-06,2
M15,october_2020_arm_1,ento_form_1a_immediately_processed_summary,2,2020-10-27,,3,0,0,0,0,0,0,,0,2,0,3,3,1,9,,4,,4,2020-10-27,1,2020-10-27,2
M15,november_2020_arm_1,ento_form_1a_immediately_processed_summary,1,2020-11-03,,7,0,0,0,0,0,0,,0,7,4,0,0,0,11,,0,,5,2020-11-03,1,2020-11-03,2
M15,november_2020_arm_1,ento_form_1a_immediately_processed_summary,2,2020-11-17,,7,0,1,0,0,0,1,,0,0,8,26,8,0,42,,2,,3,2020-11-18,1,2020-11-18,2
M15,november_2020_arm_1,ento_form_1a_immediately_processed_summary,3,2020-11-24,,7,0,0,0,0,0,0,,0,0,15,12,6,0,33,,5,,4,2020-11-30,1,2020-11-30,2
M15,december_2020_arm_1,ento_form_1a_immediately_processed_summary,1,2020-12-01,,5,0,0,0,0,0,0,,0,0,10,7,1,0,18,,5,,3,2020-12-01,1,2020-12-01,2
M15,december_2020_arm_1,ento_form_1a_immediately_processed_summary,2,2020-12-15,,5,0,0,0,0,0,0,,0,0,0,2,1,0,3,,3,,3,2020-12-15,1,2020-12-15,2
M15,january_2021_arm_1,ento_form_1a_immediately_processed_summary,1,2021-01-05,,9,0,0,0,0,0,0,,0,2,2,0,3,0,7,,5,,3,2021-01-07,1,2021-01-07,2
M15,january_2021_arm_1,ento_form_1a_immediately_processed_summary,2,2021-01-19,,9,0,0,0,0,0,0,,0,3,4,5,2,0,14,,10,,3,2021-02-01,1,2021-02-01,2
M15,january_2021_arm_1,ento_form_1a_immediately_processed_summary,3,2021-01-26,,9,0,0,0,0,0,0,,0,1,1,2,2,0,6,,8,,3,2021-02-01,1,2021-02-01,2
M15,feburary_2021_arm_1,ento_form_1a_immediately_processed_summary,1,2021-02-16,,6,0,0,0,0,0,0,,0,0,0,0,0,0,0,,1,,3,2021-02-23,1,2021-02-23,2
M15,feburary_2021_arm_1,ento_form_1a_immediately_processed_summary,2,2021-02-23,,6,0,0,0,0,0,0,,0,0,1,0,0,0,1,,2,,3,2021-03-03,1,2021-03-03,2
M15,march_2021_arm_1,ento_form_1a_immediately_processed_summary,1,2021-03-16,,8,0,0,0,0,0,0,,0,0,0,0,0,0,0,,1,,3,2021-03-29,1,2021-03-29,2
M15,march_2021_arm_1,ento_form_1a_immediately_processed_summary,2,2021-03-23,,8,0,0,0,0,0,0,,0,0,0,0,0,0,0,,1,,3,2021-03-29,1,2021-03-29,2
M15,april_2021_arm_1,ento_form_1a_immediately_processed_summary,1,2021-04-20,,2,0,0,0,2,0,2,,0,0,0,0,0,0,0,,0,,3,2021-04-26,1,2021-04-26,2
M15,april_2021_arm_1,ento_form_1a_immediately_processed_summary,2,2021-04-27,,5,0,1,1,1,0,3,,0,0,0,1,0,0,1,,2,,5,2021-04-28,1,2021-04-28,2
M15,may_2021_arm_1,ento_form_1a_immediately_processed_summary,1,2021-05-25,,10,0,3,1,3,2,9,,7,1,1,2,0,0,4,,3,,5,2021-06-09,1,2021-06-09,2
M15,may_2021_arm_1,ento_form_1a_immediately_processed_summary,2,2021-05-18,,10,6,8,0,1,0,15,,9,2,2,0,1,0,5,,3,,5,2021-06-24,1,2021-06-24,2
M15,june_2021_arm_1,ento_form_1a_immediately_processed_summary,1,2021-06-15,,3,2,0,0,0,0,2,,0,1,2,2,1,0,6,,3,,4,2021-07-01,1,2021-07-01,2
M15,june_2021_arm_1,ento_form_1a_immediately_processed_summary,2,2021-06-22,,3,1,2,0,2,0,5,,1,1,0,1,1,0,3,,1,,6,2021-07-02,1,2021-07-02,2
M15,june_2021_arm_1,ento_form_1a_immediately_processed_summary,3,2021-06-29,,2,0,0,0,0,0,0,,1,0,1,3,0,0,4,,0,,6,2021-07-02,1,2021-07-02,2
M15,july_2021_arm_1,ento_form_1a_immediately_processed_summary,1,2021-07-27,,3,0,0,0,0,0,0,,0,2,1,6,1,0,10,,4,,6,2021-08-04,1,2021-08-04,2
M15,august_2021_arm_1,ento_form_1a_immediately_processed_summary,1,2021-08-17,,4,0,1,0,0,0,1,,1,4,0,2,1,0,7,,4,,6,2021-08-19,1,2021-08-19,2
M15,august_2021_arm_1,ento_form_1a_immediately_processed_summary,2,2021-08-24,,5,0,0,0,0,0,0,,0,1,3,0,0,0,4,,1,,6,2021-09-01,1,2021-09-01,2
M15,august_2021_arm_1,ento_form_1a_immediately_processed_summary,3,2021-08-31,,2,0,0,0,0,0,0,,0,2,2,1,0,0,5,,1,,6,2021-09-01,1,2021-09-01,2
M15,september_2021_arm_1,ento_form_1a_immediately_processed_summary,1,2021-09-21,,6,0,0,0,0,0,0,,0,0,1,0,1,0,2,,1,,3,2021-09-28,1,2021-09-28,2
M15,september_2021_arm_1,ento_form_1a_immediately_processed_summary,2,2021-09-28,,7,0,1,0,0,0,1,,0,1,0,0,4,0,5,,5,,3,2021-09-28,1,2021-09-28,2
M15,october_2021_arm_1,ento_form_1a_immediately_processed_summary,1,2021-10-19,,10,0,0,0,0,0,0,,0,9,10,12,4,0,35,,4,,3,2021-10-25,1,2021-10-25,2
M15,october_2021_arm_1,ento_form_1a_immediately_processed_summary,2,2021-10-26,,10,0,0,0,0,0,0,,0,10,13,9,3,0,35,,14,,3,2021-10-27,1,2021-10-27,2
M15,november_2021_arm_1,ento_form_1a_immediately_processed_summary,1,2021-11-23,,2,0,0,0,0,0,0,,0,1,14,4,5,0,24,,0,,3,2021-11-24,1,2021-11-24,2
M15,november_2021_arm_1,ento_form_1a_immediately_processed_summary,2,2021-11-16,,2,0,0,0,0,0,0,,0,11,11,15,6,0,43,,12,,3,2021-11-24,1,2021-11-24,2
M15,december_2021_arm_1,ento_form_1a_immediately_processed_summary,1,2021-12-14,,4,0,0,0,0,0,0,,0,1,0,3,1,0,5,,3,,3,2021-12-21,1,2021-12-21,2
M15,january_2022_arm_1,ento_form_1a_immediately_processed_summary,1,2022-01-25,,8,0,0,0,0,0,0,,0,1,0,1,1,0,3,,4,,3,2022-01-25,1,2022-01-25,2
M15,january_2022_arm_1,ento_form_1a_immediately_processed_summary,2,2022-01-31,,8,0,0,0,0,0,0,,0,0,0,0,0,0,0,,0,,3,2022-01-31,1,2022-01-31,2
M15,february_2022_arm_1,ento_form_1a_immediately_processed_summary,1,2022-02-15,,7,0,0,0,0,0,0,,0,2,3,0,1,0,6,,5,,3,2022-02-16,1,2022-02-16,2
M15,february_2022_arm_1,ento_form_1a_immediately_processed_summary,2,2022-02-22,,7,0,0,0,0,0,0,,0,1,0,2,0,0,3,,2,,3,2022-02-23,1,2022-02-23,2
M15,march_2022_arm_1,ento_form_1a_immediately_processed_summary,1,2022-03-22,,2,0,0,0,0,0,0,,0,1,0,0,1,0,2,,5,,3,2022-03-23,1,2022-03-23,2
M15,march_2022_arm_1,ento_form_1a_immediately_processed_summary,2,2022-03-15,,2,0,0,0,0,0,0,,0,0,0,0,0,0,0,,1,,3,2022-03-23,1,2022-03-23,2
M15,march_2022_arm_1,ento_form_1a_immediately_processed_summary,3,2022-03-29,,2,0,0,0,0,0,0,,0,0,0,0,2,0,2,,6,,3,2022-03-30,1,2022-03-30,2
M15,april_2022_arm_1,ento_form_1a_immediately_processed_summary,1,2022-04-27,,10,0,0,0,0,0,0,,0,0,0,1,1,0,2,,0,,2,2022-04-27,1,2022-04-27,2
M15,april_2022_arm_1,ento_form_1a_immediately_processed_summary,2,2022-04-05,,10,0,0,0,0,0,0,,1,0,3,1,0,0,4,,4,,3,2022-04-27,1,2022-04-27,2
M15,may_2022_arm_1,ento_form_1a_immediately_processed_summary,1,2022-05-24,,8,0,0,0,0,0,0,,0,0,1,1,0,0,2,,1,,3,2022-05-30,1,2022-05-30,2
M15,may_2022_arm_1,ento_form_1a_immediately_processed_summary,2,2022-05-17,,7,0,1,0,0,0,1,,0,3,0,0,1,0,4,,3,,3,2022-05-30,1,2022-05-30,2
M15,june_2022_arm_1,ento_form_1a_immediately_processed_summary,1,2022-06-21,,4,0,0,0,0,0,0,,0,14,21,4,13,0,52,,18,,3,2022-06-30,1,2022-06-30,2
M15,june_2022_arm_1,ento_form_1a_immediately_processed_summary,2,2022-06-14,,4,0,0,0,0,0,0,,0,3,5,12,6,0,26,,5,,3,2022-06-30,1,2022-06-30,2
M15,july_2022_arm_1,ento_form_1a_immediately_processed_summary,1,2022-07-12,,3,0,1,0,0,0,1,,0,10,29,17,3,0,59,,10,,3,2022-07-19,1,2022-07-19,2
M15,july_2022_arm_1,ento_form_1a_immediately_processed_summary,2,2022-07-19,,9,0,0,0,0,0,0,,0,2,3,3,3,0,11,,1,,3,2022-07-19,1,2022-07-19,2
M15,july_2022_arm_1,ento_form_1a_immediately_processed_summary,3,2022-07-26,,3,0,0,0,0,0,0,,1,0,5,12,5,0,22,,12,,4,2022-08-02,1,2022-08-02,2
M15,august_2022_arm_1,ento_form_1a_immediately_processed_summary,1,2022-08-02,,6,0,0,0,0,0,0,,0,1,3,4,5,0,13,,4,,4,2022-08-04,1,2022-08-04,2
M15,august_2022_arm_1,ento_form_1a_immediately_processed_summary,2,2022-08-23,,7,0,0,0,0,0,0,,0,4,7,3,1,0,15,,1,,3,2022-09-01,1,2022-09-01,2
M15,september_2022_arm_1,ento_form_1a_immediately_processed_summary,1,2022-09-20,,5,0,0,0,0,0,0,,1,1,3,3,2,0,9,,2,,3,2022-09-23,1,2022-09-23,2
M15,september_2022_arm_1,ento_form_1a_immediately_processed_summary,2,2022-09-13,,5,0,0,0,0,0,0,,0,3,1,1,1,0,6,,2,,3,2022-09-23,1,2022-09-23,2
M15,october_2022_arm_1,ento_form_1a_immediately_processed_summary,1,2022-10-11,,3,0,0,0,0,0,0,,0,5,0,5,1,0,11,,9,,4,2022-10-19,1,2022-10-19,2
M15,october_2022_arm_1,ento_form_1a_immediately_processed_summary,2,2022-10-18,,3,0,0,0,0,0,0,,0,3,1,10,7,0,21,,6,,4,2022-10-19,1,2022-10-19,2
M15,october_2022_arm_1,ento_form_1a_immediately_processed_summary,3,2022-10-25,,3,0,0,0,0,0,0,,0,0,0,5,1,0,6,,3,,11,2022-11-01,1,2022-11-01,2
M15,november_2022_arm_1,ento_form_1a_immediately_processed_summary,1,2022-11-15,,5,0,0,0,0,0,0,,0,3,9,5,3,0,20,,8,,12,2022-11-15,1,2022-11-15,2
M15,november_2022_arm_1,ento_form_1a_immediately_processed_summary,2,2022-11-22,,5,1,0,0,0,0,1,,0,0,4,5,0,0,9,,12,,12,2022-11-22,1,2022-11-22,2
M15,december_2022_arm_1,ento_form_1a_immediately_processed_summary,1,2022-12-13,,8,0,0,0,0,0,0,,0,2,0,1,2,0,5,,1,,10,2022-12-13,1,2022-12-13,2
M15,december_2022_arm_1,ento_form_1a_immediately_processed_summary,2,2022-12-20,,8,0,0,0,0,0,0,,0,0,1,0,1,0,2,,1,,12,2022-12-20,1,2022-12-20,2
M16,january_2020_arm_1,ento_form_1a_immediately_processed_summary,1,2020-01-21,,4,0,0,1,0,0,1,,3,16,0,8,10,1,35,,38,,3,2020-04-09,1,2020-04-09,1
M16,january_2020_arm_1,ento_form_1a_immediately_processed_summary,2,2020-01-28,,4,0,1,2,1,0,4,,1,0,1,7,6,0,14,,8,,3,2020-04-09,1,2020-04-09,1
M16,february_2020_arm_1,ento_form_1a_immediately_processed_summary,1,2020-02-04,,7,0,0,0,0,0,0,,0,1,0,6,4,0,11,,17,,3,2020-04-20,1,2020-04-20,1
M16,february_2020_arm_1,ento_form_1a_immediately_processed_summary,2,2020-02-18,,7,0,0,1,1,0,2,,0,0,1,15,7,0,23,,2,,3,2020-04-20,1,2020-04-20,1
M16,february_2020_arm_1,ento_form_1a_immediately_processed_summary,3,2020-02-25,,7,0,0,0,0,0,0,,2,2,0,7,6,0,15,,23,,3,2020-04-20,1,2020-04-20,1
M16,march_2020_arm_1,ento_form_1a_immediately_processed_summary,1,2020-03-03,,5,0,0,0,0,0,0,,0,0,0,7,3,0,10,,0,,3,2020-04-28,1,2020-04-28,1
M16,march_2020_arm_1,ento_form_1a_immediately_processed_summary,2,2020-03-17,,8,0,0,0,0,0,0,,0,2,0,3,4,0,9,,8,,3,2020-04-30,1,2020-04-30,1
M16,june_2020_arm_1,ento_form_1a_immediately_processed_summary,1,2020-06-02,,4,0,0,0,0,0,0,,0,6,13,5,5,0,29,,13,,3,2020-06-04,1,2020-06-04,1
M16,june_2020_arm_1,ento_form_1a_immediately_processed_summary,2,2020-06-16,,4,0,0,0,0,0,0,,1,9,4,8,15,1,37,,65,,3,2020-06-17,1,2020-06-17,1
M16,june_2020_arm_1,ento_form_1a_immediately_processed_summary,3,2020-06-23,,4,0,0,0,0,0,0,,0,10,0,3,2,0,15,,28,,3,2020-06-29,1,2020-06-29,1
M16,july_2020_arm_1,ento_form_1a_immediately_processed_summary,1,2020-07-07,,7,0,0,0,0,0,0,,0,0,6,8,3,0,17,,15,,3,2020-07-09,1,2020-07-09,1
M16,july_2020_arm_1,ento_form_1a_immediately_processed_summary,2,2020-07-21,,7,0,0,0,0,0,0,,0,4,3,5,0,0,12,,4,,4,2020-07-28,1,2020-07-28,1
M16,july_2020_arm_1,ento_form_1a_immediately_processed_summary,3,2020-07-28,,7,0,0,0,0,0,0,,0,0,3,3,0,0,6,,2,,5,2020-07-28,1,2020-07-28,1
M16,august_2020_arm_1,ento_form_1a_immediately_processed_summary,1,2020-08-04,,5,0,0,0,0,0,0,,0,4,3,1,1,0,9,,1,,4,2020-08-20,1,2020-08-20,2
M16,august_2020_arm_1,ento_form_1a_immediately_processed_summary,2,2020-08-18,,5,0,0,0,0,0,0,,0,1,3,2,7,0,13,,7,,3,2020-08-28,1,2020-08-28,2
M16,august_2020_arm_1,ento_form_1a_immediately_processed_summary,3,2020-08-25,,5,0,0,0,0,0,0,,0,5,4,3,7,1,20,,17,,3,2020-08-28,1,2020-08-28,2
M16,september_2020_arm_1,ento_form_1a_immediately_processed_summary,1,2020-09-01,,6,0,0,0,0,0,0,,0,4,2,8,2,0,16,,6,,5,2020-09-14,1,2020-09-14,2
M16,september_2020_arm_1,ento_form_1a_immediately_processed_summary,2,2020-09-15,,6,0,0,0,0,0,0,,0,3,1,8,9,0,21,,11,,3,2020-09-15,1,2020-09-15,2
M16,september_2020_arm_1,ento_form_1a_immediately_processed_summary,3,2020-09-22,,2,0,0,0,0,0,0,,0,5,10,5,11,0,31,,18,,3,2020-09-23,1,2020-09-23,2
M16,october_2020_arm_1,ento_form_1a_immediately_processed_summary,1,2020-10-06,,8,0,0,0,0,0,0,,0,1,1,6,6,1,15,,7,,3,2020-10-06,1,2020-10-06,2
M16,october_2020_arm_1,ento_form_1a_immediately_processed_summary,2,2020-10-27,,8,0,0,0,0,0,0,,0,9,1,8,5,1,24,,18,,4,2020-10-27,1,2020-10-27,2
M16,november_2020_arm_1,ento_form_1a_immediately_processed_summary,1,2020-11-03,,2,0,0,0,0,0,0,,0,3,2,0,3,0,8,,3,,5,2020-11-03,1,2020-11-03,2
M16,november_2020_arm_1,ento_form_1a_immediately_processed_summary,2,2020-11-17,,3,0,0,0,0,0,0,,0,5,0,5,4,0,14,,6,,3,2020-11-18,1,2020-11-18,2
M16,november_2020_arm_1,ento_form_1a_immediately_processed_summary,3,2020-11-24,,3,0,0,0,0,0,0,,0,3,0,2,3,0,8,,2,,4,2020-11-30,1,2020-11-30,2
M16,december_2020_arm_1,ento_form_1a_immediately_processed_summary,1,2020-12-01,,6,0,0,0,0,0,0,,0,5,1,6,4,0,16,,28,,3,2020-12-01,1,2020-12-01,2
M16,december_2020_arm_1,ento_form_1a_immediately_processed_summary,2,2020-12-15,,6,0,1,0,0,0,1,,1,3,5,6,0,0,14,,8,,3,2020-12-15,1,2020-12-15,2
M16,january_2021_arm_1,ento_form_1a_immediately_processed_summary,1,2021-01-05,,4,0,0,0,0,0,0,,3,0,4,4,10,0,18,,49,,3,2021-01-07,1,2021-01-07,2
M16,january_2021_arm_1,ento_form_1a_immediately_processed_summary,2,2021-01-19,,4,0,0,0,0,0,0,,1,1,3,4,6,1,15,,14,,3,2021-02-01,1,2021-02-01,2
M16,january_2021_arm_1,ento_form_1a_immediately_processed_summary,3,2021-01-26,,4,0,1,0,0,0,1,,3,2,2,7,2,0,13,,18,,3,2021-02-01,1,2021-02-01,2
M16,feburary_2021_arm_1,ento_form_1a_immediately_processed_summary,1,2021-02-16,,8,0,1,0,1,0,2,,3,1,1,8,4,1,15,,8,,3,2021-02-23,1,2021-02-23,2
M16,feburary_2021_arm_1,ento_form_1a_immediately_processed_summary,2,2021-02-23,,8,0,0,0,0,0,0,,0,0,0,2,0,0,2,,8,,3,2021-03-03,1,2021-03-03,2
M16,march_2021_arm_1,ento_form_1a_immediately_processed_summary,1,2021-03-16,,9,0,1,0,2,0,3,,5,1,0,0,0,0,1,,3,,3,2021-03-29,1,2021-03-29,2
M16,march_2021_arm_1,ento_form_1a_immediately_processed_summary,2,2021-03-23,,9,1,0,1,2,0,4,,12,1,4,2,1,0,8,,13,,3,2021-03-29,1,2021-03-29,2
M16,march_2021_arm_1,ento_form_1a_immediately_processed_summary,3,2021-03-30,,9,0,0,1,2,0,3,,1,0,0,2,0,0,2,,2,,3,2021-03-31,1,2021-03-31,2
M16,april_2021_arm_1,ento_form_1a_immediately_processed_summary,1,2021-04-20,,3,3,4,0,5,0,12,,5,2,0,4,1,1,8,,4,,3,2021-04-25,1,2021-04-25,2
M16,april_2021_arm_1,ento_form_1a_immediately_processed_summary,2,2021-04-27,,3,1,12,2,7,0,22,,0,0,2,3,10,0,15,,8,,5,2021-04-28,1,2021-04-28,2
M16,may_2021_arm_1,ento_form_1a_immediately_processed_summary,1,2021-05-25,,6,0,27,4,7,0,38,,13,3,9,0,11,0,23,,11,,5,2021-06-09,1,2021-06-09,2
M16,may_2021_arm_1,ento_form_1a_immediately_processed_summary,2,2021-05-18,,6,4,14,1,2,0,21,,19,2,0,2,0,0,4,,6,,5,2021-06-09,1,2021-06-09,2
M16,june_2021_arm_1,ento_form_1a_immediately_processed_summary,1,2021-06-15,,4,8,16,4,15,0,43,,33,6,16,11,7,1,41,,17,,5,2021-06-16,1,2021-06-16,2
M16,june_2021_arm_1,ento_form_1a_immediately_processed_summary,2,2021-06-22,,4,1,24,2,9,0,36,,10,3,1,3,6,2,15,,7,,6,2021-07-02,1,2021-07-02,2
M16,june_2021_arm_1,ento_form_1a_immediately_processed_summary,3,2021-06-29,,4,0,5,0,4,0,9,,18,1,1,6,8,0,16,,1,,6,2021-07-02,1,2021-07-02,2
M16,july_2021_arm_1,ento_form_1a_immediately_processed_summary,1,2021-07-27,,9,0,2,3,0,0,5,,13,3,2,1,4,0,10,,5,,6,2021-08-04,1,2021-08-04,2
M16,august_2021_arm_1,ento_form_1a_immediately_processed_summary,1,2021-08-17,,7,0,0,0,0,0,0,,0,0,0,0,0,0,0,,4,,6,2021-08-19,1,2021-08-19,2
M16,august_2021_arm_1,ento_form_1a_immediately_processed_summary,2,2021-08-24,,7,1,0,0,0,0,1,,2,1,3,1,2,0,7,,9,,6,2021-09-01,1,2021-09-01,2
M16,august_2021_arm_1,ento_form_1a_immediately_processed_summary,3,2021-08-31,,7,0,0,1,0,0,1,,3,2,4,5,1,0,12,,8,,6,2021-09-01,1,2021-09-01,2
M16,september_2021_arm_1,ento_form_1a_immediately_processed_summary,1,2021-09-21,,10,0,0,0,0,0,0,,1,0,3,1,2,0,6,,3,,3,2021-09-28,1,2021-09-28,2
M16,september_2021_arm_1,ento_form_1a_immediately_processed_summary,2,2021-09-28,,10,0,0,0,0,0,0,,3,3,0,0,8,0,11,,9,,3,2021-09-28,1,2021-09-28,2
M16,october_2021_arm_1,ento_form_1a_immediately_processed_summary,1,2021-10-19,,9,0,0,0,0,0,0,,0,1,5,5,2,0,13,,2,,3,2021-10-25,1,2021-10-25,2
M16,october_2021_arm_1,ento_form_1a_immediately_processed_summary,2,2021-10-26,,3,0,0,1,0,0,1,,1,8,21,14,15,0,58,,16,,3,2021-10-27,1,2021-10-27,2
M16,november_2021_arm_1,ento_form_1a_immediately_processed_summary,1,2021-11-23,,3,0,0,0,0,0,0,,1,7,0,15,11,0,33,,17,,3,2021-11-24,1,2021-11-24,2
M16,november_2021_arm_1,ento_form_1a_immediately_processed_summary,2,2021-11-16,,3,0,0,0,0,0,0,,0,2,1,1,3,0,7,,7,,3,2021-11-24,1,2021-11-24,2
M16,december_2021_arm_1,ento_form_1a_immediately_processed_summary,1,2021-12-14,,9,0,0,0,0,0,0,,0,2,4,5,3,0,14,,20,,3,2021-12-20,1,2021-12-20,2
M16,january_2022_arm_1,ento_form_1a_immediately_processed_summary,1,2022-01-25,,4,0,0,0,0,0,0,,0,0,0,0,1,0,1,,3,,3,2022-01-25,1,2022-01-25,2
M16,january_2022_arm_1,ento_form_1a_immediately_processed_summary,2,2022-01-18,,4,0,0,0,0,0,0,,0,3,1,5,6,0,15,,2,,3,2022-01-31,1,2022-01-31,2
M16,february_2022_arm_1,ento_form_1a_immediately_processed_summary,1,2022-02-15,,5,0,0,0,0,0,0,,1,1,4,0,4,0,9,,8,,3,2022-02-16,1,2022-02-16,2
M16,february_2022_arm_1,ento_form_1a_immediately_processed_summary,2,2022-02-22,,2,0,0,0,1,0,1,,0,0,0,0,0,0,0,,6,,3,2022-02-23,1,2022-02-23,2
M16,march_2022_arm_1,ento_form_1a_immediately_processed_summary,1,2022-03-22,,7,0,1,0,0,0,1,,0,2,0,0,1,0,3,,4,,3,2022-03-23,1,2022-03-23,2
M16,march_2022_arm_1,ento_form_1a_immediately_processed_summary,2,2022-03-15,,7,0,0,0,0,0,0,,0,0,0,2,2,0,4,,5,,3,2022-03-23,1,2022-03-23,2
M16,march_2022_arm_1,ento_form_1a_immediately_processed_summary,3,2022-03-29,,7,0,0,0,0,0,0,,2,0,1,1,0,0,2,,2,,3,2022-03-30,1,2022-03-30,2
M16,april_2022_arm_1,ento_form_1a_immediately_processed_summary,1,2022-04-27,,9,0,0,0,0,0,0,,1,1,0,1,1,0,3,,0,,3,2022-04-27,1,2022-04-27,2
M16,april_2022_arm_1,ento_form_1a_immediately_processed_summary,2,2022-04-05,,9,0,0,0,1,0,1,,0,0,0,1,2,0,3,,1,,3,2022-04-27,1,2022-04-27,2
M16,may_2022_arm_1,ento_form_1a_immediately_processed_summary,1,2022-05-24,,6,0,1,0,1,0,2,,0,3,8,8,6,0,25,,0,,3,2022-05-30,1,2022-05-30,2
M16,may_2022_arm_1,ento_form_1a_immediately_processed_summary,2,2022-05-17,,6,0,0,0,0,0,0,,1,0,4,6,3,0,13,,7,,3,2022-05-30,1,2022-05-30,2
M16,june_2022_arm_1,ento_form_1a_immediately_processed_summary,1,2022-06-21,,3,0,1,0,2,0,3,,1,27,31,4,3,0,65,,39,,3,2022-06-30,1,2022-06-30,2
M16,june_2022_arm_1,ento_form_1a_immediately_processed_summary,2,2022-06-14,,3,0,1,0,1,0,2,,0,10,15,17,15,0,57,,16,,3,2022-06-30,1,2022-06-30,2
M16,july_2022_arm_1,ento_form_1a_immediately_processed_summary,1,2022-07-12,,8,1,2,0,1,0,4,,4,10,13,27,27,0,77,,134,,3,2022-07-19,1,2022-07-19,2
M16,july_2022_arm_1,ento_form_1a_immediately_processed_summary,2,2022-07-19,,8,0,0,1,0,0,1,,1,2,9,13,1,0,25,,9,,3,2022-07-19,1,2022-07-19,2
M16,july_2022_arm_1,ento_form_1a_immediately_processed_summary,3,2022-07-26,,8,0,0,0,0,0,0,,0,1,10,4,14,0,29,,64,,4,2022-08-02,1,2022-08-02,2
M16,august_2022_arm_1,ento_form_1a_immediately_processed_summary,1,2022-08-02,,5,0,0,0,0,0,0,,0,1,1,3,1,1,7,,8,,4,2022-08-04,1,2022-08-04,2
M16,august_2022_arm_1,ento_form_1a_immediately_processed_summary,2,2022-08-23,,5,0,0,0,0,0,0,,0,0,0,3,2,0,5,,3,,3,2022-09-01,1,2022-09-01,2
M16,september_2022_arm_1,ento_form_1a_immediately_processed_summary,1,2022-09-20,,2,0,0,0,0,0,0,,1,2,8,3,3,0,16,,8,,3,2022-09-23,1,2022-09-23,2
M16,september_2022_arm_1,ento_form_1a_immediately_processed_summary,2,2022-09-13,,7,0,0,0,0,0,0,,0,3,0,3,0,0,6,,3,,3,2022-09-23,1,2022-09-23,2
M16,october_2022_arm_1,ento_form_1a_immediately_processed_summary,1,2022-10-11,,4,0,0,0,0,0,0,,0,2,2,3,0,0,7,,1,,4,2022-10-19,1,2022-10-19,2
M16,october_2022_arm_1,ento_form_1a_immediately_processed_summary,2,2022-10-18,,4,0,0,0,0,0,0,,0,3,3,6,5,0,17,,5,,4,2022-10-19,1,2022-10-19,2
M16,october_2022_arm_1,ento_form_1a_immediately_processed_summary,3,2022-10-25,,4,0,0,0,0,0,0,,0,8,0,3,4,0,15,,6,,11,2022-10-27,1,2022-10-27,2
M16,november_2022_arm_1,ento_form_1a_immediately_processed_summary,1,2022-11-15,,3,0,0,0,0,0,0,,0,4,0,7,8,2,21,,21,,12,2022-11-15,1,2022-11-15,2
M16,november_2022_arm_1,ento_form_1a_immediately_processed_summary,2,2022-11-22,,3,0,0,0,0,0,0,,0,4,0,7,9,0,20,,14,,12,2022-11-22,1,2022-11-22,2
M16,december_2022_arm_1,ento_form_1a_immediately_processed_summary,1,2022-12-13,,6,0,0,0,0,0,0,,0,3,12,7,8,0,30,,20,,10,2022-12-13,1,2022-12-13,2
M16,december_2022_arm_1,ento_form_1a_immediately_processed_summary,2,2022-12-20,,6,0,0,0,0,0,0,,0,0,0,5,1,0,6,,3,,12,2022-12-20,1,2022-12-20,2
M17,january_2020_arm_1,ento_form_1a_immediately_processed_summary,1,2020-01-21,,4,0,0,0,0,0,0,,0,0,5,5,3,0,13,,9,,3,2020-04-09,1,2020-04-09,1
M17,january_2020_arm_1,ento_form_1a_immediately_processed_summary,2,2020-01-28,,4,0,1,0,0,0,1,,3,0,0,3,3,0,6,,16,,3,2020-04-09,1,2020-04-09,1
M17,february_2020_arm_1,ento_form_1a_immediately_processed_summary,1,2020-02-04,,7,0,1,1,0,0,2,,0,1,0,0,0,0,1,,7,,3,2020-04-20,1,2020-04-20,1
M17,february_2020_arm_1,ento_form_1a_immediately_processed_summary,2,2020-02-18,,7,0,0,0,0,0,0,,0,0,0,0,0,0,0,,0,,3,2020-04-20,1,2020-04-20,1
M17,february_2020_arm_1,ento_form_1a_immediately_processed_summary,3,2020-02-25,,7,0,0,0,0,0,0,,1,0,0,1,4,0,5,,5,,3,2020-04-20,1,2020-04-20,1
M17,march_2020_arm_1,ento_form_1a_immediately_processed_summary,1,2020-03-03,,2,0,0,0,0,0,0,,3,0,0,2,5,0,7,,8,,3,2020-04-28,1,2020-04-28,1
M17,march_2020_arm_1,ento_form_1a_immediately_processed_summary,2,2020-03-17,,8,0,0,0,0,0,0,,0,0,1,0,0,0,1,,1,,3,2020-04-30,1,2020-04-30,1
M17,june_2020_arm_1,ento_form_1a_immediately_processed_summary,1,2020-06-02,,4,0,0,0,0,0,0,,0,6,8,10,10,0,34,,26,,3,2020-06-04,1,2020-06-04,1
M17,june_2020_arm_1,ento_form_1a_immediately_processed_summary,2,2020-06-16,,4,0,0,0,0,0,0,,2,8,9,12,12,3,44,,35,,3,2020-06-17,1,2020-06-17,1
M17,june_2020_arm_1,ento_form_1a_immediately_processed_summary,3,2020-06-23,,4,0,0,0,0,0,0,,0,9,3,9,20,1,42,,57,,3,2020-06-29,1,2020-06-29,1
M17,july_2020_arm_1,ento_form_1a_immediately_processed_summary,1,2020-07-07,,7,0,0,0,1,0,1,,1,2,1,5,11,0,19,,28,,3,2020-07-09,1,2020-07-09,1
M17,july_2020_arm_1,ento_form_1a_immediately_processed_summary,2,2020-07-21,,7,0,1,0,0,0,1,,0,2,4,6,1,0,13,,6,,4,2020-07-28,1,2020-07-28,1
M17,july_2020_arm_1,ento_form_1a_immediately_processed_summary,3,2020-07-28,,7,0,0,0,0,0,0,,0,1,1,3,3,0,8,,9,,5,2020-07-28,1,2020-07-28,1
M17,august_2020_arm_1,ento_form_1a_immediately_processed_summary,1,2020-08-04,,5,0,0,0,0,0,0,,0,4,0,1,5,0,10,,13,,4,2020-08-20,1,2020-08-20,2
M17,august_2020_arm_1,ento_form_1a_immediately_processed_summary,2,2020-08-18,,5,0,0,0,0,0,0,,0,1,2,0,1,0,4,,0,,3,2020-08-28,1,2020-08-28,2
M17,august_2020_arm_1,ento_form_1a_immediately_processed_summary,3,2020-08-25,,5,0,0,1,1,0,2,,0,2,2,1,3,0,8,,4,,3,2020-08-28,1,2020-08-28,2
M17,september_2020_arm_1,ento_form_1a_immediately_processed_summary,1,2020-09-01,,6,0,1,0,0,0,1,,0,1,3,5,4,0,13,,2,,5,2020-09-14,1,2020-09-14,2
M17,september_2020_arm_1,ento_form_1a_immediately_processed_summary,2,2020-09-15,,6,0,0,0,0,0,0,,0,1,0,7,5,0,13,,9,,3,2020-09-15,1,2020-09-15,2
M17,september_2020_arm_1,ento_form_1a_immediately_processed_summary,3,2020-09-22,,6,0,0,0,0,0,0,,1,1,0,8,5,0,14,,8,,3,2020-09-23,1,2020-09-23,2
M17,october_2020_arm_1,ento_form_1a_immediately_processed_summary,1,2020-10-06,,8,0,0,0,0,0,0,,0,2,3,6,12,0,23,,14,,3,2020-10-06,1,2020-10-06,2
M17,october_2020_arm_1,ento_form_1a_immediately_processed_summary,2,2020-10-27,,2,0,1,1,0,0,2,,1,2,5,4,26,0,37,,46,,4,2020-10-27,1,2020-10-27,2
M17,november_2020_arm_1,ento_form_1a_immediately_processed_summary,1,2020-11-03,,6,0,0,0,0,0,0,,0,4,0,5,0,0,9,,15,,5,2020-11-03,1,2020-11-03,2
M17,november_2020_arm_1,ento_form_1a_immediately_processed_summary,2,2020-11-17,,6,0,0,0,0,0,0,,0,6,0,7,3,0,16,,18,,3,2020-11-18,1,2020-11-18,2
M17,november_2020_arm_1,ento_form_1a_immediately_processed_summary,3,2020-11-24,,6,0,0,0,0,0,0,,0,4,2,12,16,0,34,,19,,4,2020-11-30,1,2020-11-30,2
M17,december_2020_arm_1,ento_form_1a_immediately_processed_summary,1,2020-12-01,,9,0,1,0,0,0,1,,1,0,3,2,1,0,6,,8,,3,2020-12-01,1,2020-12-01,2
M17,december_2020_arm_1,ento_form_1a_immediately_processed_summary,2,2020-12-15,,9,0,0,0,0,0,0,,0,2,0,0,3,0,5,,6,,3,2020-12-15,1,2020-12-15,2
M17,january_2021_arm_1,ento_form_1a_immediately_processed_summary,1,2021-01-05,,7,0,3,0,0,0,3,,5,8,3,6,17,0,34,,88,,3,2021-01-07,1,2021-01-07,2
M17,january_2021_arm_1,ento_form_1a_immediately_processed_summary,2,2021-01-19,,7,0,1,4,0,0,5,,4,1,6,6,7,0,20,,36,,3,2021-02-01,1,2021-02-01,2
M17,january_2021_arm_1,ento_form_1a_immediately_processed_summary,3,2021-01-26,,7,0,1,1,4,0,6,,3,2,0,3,4,0,9,,12,,3,2021-02-01,1,2021-02-01,2
M17,feburary_2021_arm_1,ento_form_1a_immediately_processed_summary,1,2021-02-16,,4,1,12,1,0,0,14,,15,0,2,2,9,0,13,,24,,3,2021-02-23,1,2021-02-23,2
M17,feburary_2021_arm_1,ento_form_1a_immediately_processed_summary,2,2021-02-23,,4,0,4,2,4,0,10,,7,0,0,0,6,0,6,,20,,3,2021-03-03,1,2021-03-03,2
M17,march_2021_arm_1,ento_form_1a_immediately_processed_summary,1,2021-03-16,,7,1,10,5,1,0,17,,14,0,0,0,0,0,0,,4,,3,2021-03-29,1,2021-03-29,2
M17,march_2021_arm_1,ento_form_1a_immediately_processed_summary,2,2021-03-23,,3,0,0,0,0,0,0,,0,0,0,2,0,0,2,,2,,3,2021-03-29,1,2021-03-29,2
M17,march_2021_arm_1,ento_form_1a_immediately_processed_summary,3,2021-03-30,,9,0,0,0,0,0,0,,1,0,1,2,0,0,3,,0,,3,2021-03-31,1,2021-03-31,2
M17,april_2021_arm_1,ento_form_1a_immediately_processed_summary,1,2021-04-20,,3,0,1,0,1,0,2,,0,0,0,2,0,0,2,,0,,3,2021-04-25,1,2021-04-25,2
M17,april_2021_arm_1,ento_form_1a_immediately_processed_summary,2,2021-04-27,,6,0,0,0,2,0,2,,0,0,0,0,3,0,3,,1,,5,2021-04-28,1,2021-04-28,2
M17,may_2021_arm_1,ento_form_1a_immediately_processed_summary,1,2021-05-25,,9,1,12,1,1,0,15,,10,2,5,4,5,0,16,,6,,5,2021-06-09,1,2021-06-09,2
M17,may_2021_arm_1,ento_form_1a_immediately_processed_summary,2,2021-05-18,,9,0,11,1,9,0,21,,0,0,0,3,0,0,3,,0,,5,2021-06-09,1,2021-06-09,2
M17,june_2021_arm_1,ento_form_1a_immediately_processed_summary,1,2021-06-15,,2,2,27,0,3,0,32,,10,1,8,2,0,0,11,,1,,5,2021-06-16,1,2021-06-16,2
M17,june_2021_arm_1,ento_form_1a_immediately_processed_summary,2,2021-06-22,,2,5,8,0,4,1,18,,22,0,3,0,4,0,7,,4,,6,2021-07-02,1,2021-07-02,2
M17,june_2021_arm_1,ento_form_1a_immediately_processed_summary,3,2021-06-29,,9,0,0,1,1,0,2,,4,1,2,1,3,0,7,,4,,6,2021-07-02,1,2021-07-02,2
M17,july_2021_arm_1,ento_form_1a_immediately_processed_summary,1,2021-07-27,,6,1,0,1,0,0,2,,6,2,2,1,9,0,14,,14,,6,2021-08-04,1,2021-08-04,2
M17,august_2021_arm_1,ento_form_1a_immediately_processed_summary,1,2021-08-17,,10,0,1,0,0,0,1,,1,2,0,1,1,0,4,,5,,6,2021-08-19,1,2021-08-19,2
M17,august_2021_arm_1,ento_form_1a_immediately_processed_summary,2,2021-08-24,,10,0,3,1,0,0,4,,3,0,4,1,3,0,8,,9,,6,2021-09-01,1,2021-09-01,2
M17,august_2021_arm_1,ento_form_1a_immediately_processed_summary,3,2021-08-31,,2,0,0,0,2,0,2,,1,0,4,1,1,0,6,,3,,6,2021-09-01,1,2021-09-01,2
M17,september_2021_arm_1,ento_form_1a_immediately_processed_summary,1,2021-09-21,,7,0,0,1,1,0,2,,2,2,3,5,5,0,15,,12,,3,2021-09-28,1,2021-09-28,2
M17,september_2021_arm_1,ento_form_1a_immediately_processed_summary,2,2021-09-28,,7,1,0,0,0,0,1,,1,0,2,0,0,0,2,,4,,3,2021-09-28,1,2021-09-28,2
M17,october_2021_arm_1,ento_form_1a_immediately_processed_summary,1,2021-10-19,,10,0,0,0,0,0,0,,0,1,5,3,1,0,10,,3,,3,2021-10-25,1,2021-10-25,2
M17,october_2021_arm_1,ento_form_1a_immediately_processed_summary,2,2021-10-26,,3,0,0,0,0,0,0,,0,7,6,3,22,0,38,,32,,3,2021-10-27,1,2021-10-27,2
M17,november_2021_arm_1,ento_form_1a_immediately_processed_summary,1,2021-11-23,,10,0,1,0,0,0,1,,0,0,13,8,4,0,25,,18,,3,2021-11-24,1,2021-11-24,2
M17,november_2021_arm_1,ento_form_1a_immediately_processed_summary,2,2021-11-16,,10,0,1,0,0,0,1,,0,3,13,5,18,0,39,,34,,3,2021-11-24,1,2021-11-24,2
M17,december_2021_arm_1,ento_form_1a_immediately_processed_summary,1,2021-12-14,,4,0,0,0,0,0,0,,0,1,0,1,1,0,3,,3,,3,2021-12-20,1,2021-12-20,2
M17,january_2022_arm_1,ento_form_1a_immediately_processed_summary,1,2022-01-25,,2,0,0,0,0,0,0,,0,0,2,1,0,0,3,,1,,3,2022-01-25,1,2022-01-25,2
M17,january_2022_arm_1,ento_form_1a_immediately_processed_summary,2,2022-01-18,,2,0,0,0,0,0,0,,1,0,1,9,0,0,10,,6,,3,2022-01-31,1,2022-01-31,2
M17,february_2022_arm_1,ento_form_1a_immediately_processed_summary,1,2022-02-15,,3,0,1,0,0,0,1,,0,0,2,1,1,0,4,,1,,3,2022-02-16,1,2022-02-16,2
M17,february_2022_arm_1,ento_form_1a_immediately_processed_summary,2,2022-02-22,,6,0,1,0,0,0,1,,0,0,0,0,4,0,4,,3,,3,2022-02-23,1,2022-02-23,2
M17,march_2022_arm_1,ento_form_1a_immediately_processed_summary,1,2022-03-22,,10,0,0,0,0,0,0,,1,0,0,0,1,0,1,,2,,3,2022-03-23,1,2022-03-23,2
M17,march_2022_arm_1,ento_form_1a_immediately_processed_summary,2,2022-03-15,,10,0,0,0,0,0,0,,1,1,0,0,0,0,1,,2,,3,2022-03-23,1,2022-03-23,2
M17,march_2022_arm_1,ento_form_1a_immediately_processed_summary,3,2022-03-29,,10,0,0,0,1,0,1,,0,0,3,1,0,0,4,,6,,3,2022-03-30,1,2022-03-30,2
M17,april_2022_arm_1,ento_form_1a_immediately_processed_summary,1,2022-04-27,,8,0,0,0,0,0,0,,0,0,0,0,0,0,0,,2,,3,2022-04-27,1,2022-04-27,2
M17,april_2022_arm_1,ento_form_1a_immediately_processed_summary,2,2022-04-05,,8,0,0,1,2,0,3,,3,0,0,0,4,0,4,,17,,3,2022-04-27,1,2022-04-27,2
M17,may_2022_arm_1,ento_form_1a_immediately_processed_summary,1,2022-05-24,,4,0,1,0,0,0,1,,1,3,1,3,3,0,10,,3,,3,2022-05-30,1,2022-05-30,2
M17,may_2022_arm_1,ento_form_1a_immediately_processed_summary,2,2022-05-17,,4,0,0,0,1,0,1,,1,0,2,2,0,0,4,,1,,3,2022-05-30,1,2022-05-30,2
M17,june_2022_arm_1,ento_form_1a_immediately_processed_summary,1,2022-06-21,,2,0,0,0,0,0,0,,1,20,24,4,3,0,51,,42,,3,2022-06-30,1,2022-06-30,2
M17,june_2022_arm_1,ento_form_1a_immediately_processed_summary,2,2022-06-14,,2,0,3,0,1,0,4,,2,3,20,29,16,2,70,,18,,3,2022-06-30,1,2022-06-30,2
M17,july_2022_arm_1,ento_form_1a_immediately_processed_summary,1,2022-07-12,,3,0,1,0,0,0,1,,0,8,23,36,19,0,86,,51,,3,2022-07-19,1,2022-07-19,2
M17,july_2022_arm_1,ento_form_1a_immediately_processed_summary,2,2022-07-19,,3,0,1,0,1,0,2,,0,3,13,21,20,0,57,,41,,3,2022-07-19,1,2022-07-19,2
M17,july_2022_arm_1,ento_form_1a_immediately_processed_summary,3,2022-07-26,,5,1,0,0,0,0,1,,2,5,4,7,14,0,30,,41,,4,2022-08-02,1,2022-08-02,2
M17,august_2022_arm_1,ento_form_1a_immediately_processed_summary,1,2022-08-02,,6,0,1,0,0,0,1,,0,0,3,8,4,1,16,,13,,4,2022-08-04,1,2022-08-04,2
M17,august_2022_arm_1,ento_form_1a_immediately_processed_summary,2,2022-08-23,,6,0,0,0,0,0,0,,0,1,2,8,3,0,14,,20,,3,2022-09-01,1,2022-09-01,2
M17,september_2022_arm_1,ento_form_1a_immediately_processed_summary,1,2022-09-20,,4,0,1,0,2,0,3,,0,1,1,19,3,0,24,,15,,3,2022-09-23,1,2022-09-23,2
M17,september_2022_arm_1,ento_form_1a_immediately_processed_summary,2,2022-09-13,,8,0,0,0,0,0,0,,0,1,8,15,5,0,29,,10,,3,2022-09-23,1,2022-09-23,2
M17,october_2022_arm_1,ento_form_1a_immediately_processed_summary,1,2022-10-11,,9,0,0,0,0,0,0,,0,1,10,12,5,0,28,,10,,4,2022-10-19,1,2022-10-19,2
M17,october_2022_arm_1,ento_form_1a_immediately_processed_summary,2,2022-10-18,,9,0,0,0,0,0,0,,0,2,6,3,6,0,17,,12,,4,2022-10-19,1,2022-10-19,2
M17,october_2022_arm_1,ento_form_1a_immediately_processed_summary,3,2022-10-25,,9,0,0,0,0,0,0,,0,2,8,3,6,0,19,,12,,11,2022-10-27,1,2022-10-27,2
M17,november_2022_arm_1,ento_form_1a_immediately_processed_summary,1,2022-11-15,,4,0,0,0,1,0,1,,0,3,6,5,23,1,38,,65,,12,2022-11-15,1,2022-11-15,2
M17,november_2022_arm_1,ento_form_1a_immediately_processed_summary,2,2022-11-22,,4,0,0,0,0,0,0,,0,0,0,0,0,0,0,,2,,12,2022-11-22,1,2022-11-22,2
M17,december_2022_arm_1,ento_form_1a_immediately_processed_summary,1,2022-12-13,,3,0,0,0,0,0,0,,0,4,0,4,1,0,9,,12,,10,2022-12-13,1,2022-12-13,2
M17,december_2022_arm_1,ento_form_1a_immediately_processed_summary,2,2022-12-20,,3,0,0,0,0,0,0,,0,1,0,1,0,0,2,,3,,12,2022-12-20,1,2022-12-20,2
M18,january_2020_arm_1,ento_form_1a_immediately_processed_summary,1,2020-01-21,,7,0,0,0,0,0,0,,1,4,0,0,1,0,5,,10,,3,2020-04-09,1,2020-04-09,1
M18,january_2020_arm_1,ento_form_1a_immediately_processed_summary,2,2020-01-28,,7,0,0,0,0,0,0,,1,0,0,0,1,0,1,,2,,3,2020-04-09,1,2020-04-09,1
M18,february_2020_arm_1,ento_form_1a_immediately_processed_summary,1,2020-02-04,,3,0,0,0,0,0,0,,0,2,0,0,0,0,2,,4,,3,2020-04-20,1,2020-04-20,1
M18,february_2020_arm_1,ento_form_1a_immediately_processed_summary,2,2020-02-18,,2,0,0,0,0,0,0,,0,0,0,0,1,0,1,,0,,3,2020-04-20,1,2020-04-20,1
M18,february_2020_arm_1,ento_form_1a_immediately_processed_summary,3,2020-02-25,,3,0,0,0,0,0,0,,0,1,0,1,1,0,3,,2,,3,2020-04-20,1,2020-04-20,1
M18,march_2020_arm_1,ento_form_1a_immediately_processed_summary,1,2020-03-03,,2,0,0,0,0,0,0,,0,0,0,0,1,0,1,,0,,3,2020-04-28,1,2020-04-28,1
M18,june_2020_arm_1,ento_form_1a_immediately_processed_summary,1,2020-06-02,,7,0,0,0,0,0,0,,1,10,0,5,9,0,24,,35,,3,2020-06-05,1,2020-06-05,1
M18,june_2020_arm_1,ento_form_1a_immediately_processed_summary,2,2020-06-16,,7,0,0,0,0,0,0,,0,9,10,3,6,0,28,,10,,3,2020-06-18,1,2020-06-18,1
M18,june_2020_arm_1,ento_form_1a_immediately_processed_summary,3,2020-06-23,,7,0,0,0,0,0,0,,0,2,2,7,8,0,19,,12,,3,2020-06-29,1,2020-06-29,1
M18,july_2020_arm_1,ento_form_1a_immediately_processed_summary,1,2020-07-07,,4,0,0,0,0,0,0,,0,3,0,2,2,0,7,,9,,3,2020-07-09,1,2020-07-09,1
M18,july_2020_arm_1,ento_form_1a_immediately_processed_summary,2,2020-07-28,,4,0,0,0,0,0,0,,0,1,2,0,1,0,4,,5,,4,2020-07-28,1,2020-07-28,1
M18,july_2020_arm_1,ento_form_1a_immediately_processed_summary,3,2020-07-21,,4,0,0,0,0,0,0,,0,2,5,2,2,0,11,,10,,5,2020-07-28,1,2020-07-28,1
M18,august_2020_arm_1,ento_form_1a_immediately_processed_summary,1,2020-08-04,,3,0,0,0,0,0,0,,0,1,0,0,0,0,1,,1,,3,2020-08-27,1,2020-08-27,2
M18,august_2020_arm_1,ento_form_1a_immediately_processed_summary,2,2020-08-18,,3,0,0,0,0,0,0,,0,0,0,0,0,0,0,,1,,3,2020-08-28,1,2020-08-28,2
M18,august_2020_arm_1,ento_form_1a_immediately_processed_summary,3,2020-08-25,,3,0,0,0,0,0,0,,0,0,0,0,0,0,0,,1,,3,2020-08-28,1,2020-08-28,2
M18,september_2020_arm_1,ento_form_1a_immediately_processed_summary,1,2020-09-01,,5,0,0,0,0,0,0,,0,2,0,4,0,0,6,,3,,5,2020-09-14,1,2020-09-14,2
M18,september_2020_arm_1,ento_form_1a_immediately_processed_summary,2,2020-09-15,,5,0,0,0,0,0,0,,0,0,0,3,1,0,4,,1,,3,2020-09-15,1,2020-09-15,2
M18,september_2020_arm_1,ento_form_1a_immediately_processed_summary,3,2020-09-22,,5,0,0,0,0,0,0,,0,0,0,6,3,0,9,,5,,3,2020-09-23,1,2020-09-23,2
M18,october_2020_arm_1,ento_form_1a_immediately_processed_summary,1,2020-10-06,,9,0,0,0,0,0,0,,0,0,2,3,2,0,7,,6,,3,2020-10-06,1,2020-10-06,2
M18,october_2020_arm_1,ento_form_1a_immediately_processed_summary,2,2020-10-27,,9,0,0,0,0,0,0,,0,1,1,0,2,0,4,,2,,4,2020-10-27,1,2020-10-27,2
M18,november_2020_arm_1,ento_form_1a_immediately_processed_summary,1,2020-11-03,,6,0,0,0,0,0,0,,0,1,0,0,0,0,1,,7,,5,2020-11-03,1,2020-11-03,2
M18,november_2020_arm_1,ento_form_1a_immediately_processed_summary,2,2020-11-17,,6,0,0,0,0,0,0,,0,2,0,0,0,0,2,,4,,3,2020-11-18,1,2020-11-18,2
M18,november_2020_arm_1,ento_form_1a_immediately_processed_summary,3,2020-11-24,,6,0,0,0,0,0,0,,0,1,0,1,1,0,3,,2,,4,2020-11-30,1,2020-11-30,2
M18,december_2020_arm_1,ento_form_1a_immediately_processed_summary,1,2020-12-01,,9,0,0,0,0,0,0,,0,0,1,1,0,0,2,,0,,3,2020-12-01,1,2020-12-01,2
M18,december_2020_arm_1,ento_form_1a_immediately_processed_summary,2,2020-12-15,,9,0,0,0,0,0,0,,0,1,0,0,2,0,3,,8,,3,2020-12-15,1,2020-12-15,2
M18,january_2021_arm_1,ento_form_1a_immediately_processed_summary,1,2021-01-05,,7,0,0,0,0,0,0,,0,0,0,1,0,0,1,,4,,3,2021-01-07,1,2021-01-07,2
M18,january_2021_arm_1,ento_form_1a_immediately_processed_summary,2,2021-01-19,,7,0,0,0,0,0,0,,0,0,0,3,2,0,5,,6,,3,2021-02-01,1,2021-02-01,2
M18,january_2021_arm_1,ento_form_1a_immediately_processed_summary,3,2021-01-26,,7,0,0,0,0,0,0,,0,1,0,0,2,0,3,,6,,3,2021-02-01,1,2021-02-01,2
M18,feburary_2021_arm_1,ento_form_1a_immediately_processed_summary,1,2021-02-16,,4,0,0,0,0,0,0,,0,0,0,1,0,0,1,,0,,3,2021-03-01,1,2021-03-01,2
M18,feburary_2021_arm_1,ento_form_1a_immediately_processed_summary,2,2021-02-23,,4,0,0,0,0,0,0,,0,0,0,0,0,0,0,,1,,3,2021-03-03,1,2021-03-03,2
M18,march_2021_arm_1,ento_form_1a_immediately_processed_summary,1,2021-03-16,,6,0,0,0,0,0,0,,0,0,0,0,0,0,0,,0,,3,2021-03-29,1,2021-03-29,2
M18,march_2021_arm_1,ento_form_1a_immediately_processed_summary,2,2021-03-23,,3,0,0,0,0,0,0,,0,0,0,0,0,0,0,,1,,3,2021-03-29,1,2021-03-29,2
M18,march_2021_arm_1,ento_form_1a_immediately_processed_summary,3,2021-03-30,,4,0,0,0,0,0,0,,0,0,0,0,0,0,0,,0,,3,2021-03-31,1,2021-03-31,2
M18,april_2021_arm_1,ento_form_1a_immediately_processed_summary,1,2021-04-20,,7,0,1,0,0,0,1,,0,0,0,0,0,0,0,,0,,3,2021-04-25,1,2021-04-25,2
M18,april_2021_arm_1,ento_form_1a_immediately_processed_summary,2,2021-04-27,,7,0,2,0,0,0,2,,1,0,1,1,0,0,2,,1,,5,2021-04-28,1,2021-04-28,2
M18,may_2021_arm_1,ento_form_1a_immediately_processed_summary,1,2021-05-25,,9,0,0,0,0,0,0,,4,3,3,5,10,0,21,,5,,5,2021-06-09,1,2021-06-09,2
M18,may_2021_arm_1,ento_form_1a_immediately_processed_summary,2,2021-05-18,,9,0,1,0,0,0,1,,1,0,0,0,0,0,0,,0,,5,2021-06-09,1,2021-06-09,2
M18,june_2021_arm_1,ento_form_1a_immediately_processed_summary,1,2021-06-15,,2,1,0,0,0,0,1,,1,1,0,0,0,0,1,,0,,5,2021-06-16,1,2021-06-16,2
M18,june_2021_arm_1,ento_form_1a_immediately_processed_summary,2,2021-06-22,,2,0,1,1,1,0,3,,3,1,0,0,0,0,1,,2,,6,2021-07-02,1,2021-07-02,2
M18,june_2021_arm_1,ento_form_1a_immediately_processed_summary,3,2021-06-29,,9,0,0,0,0,0,0,,2,3,1,0,0,0,4,,1,,6,2021-07-02,1,2021-07-02,2
M18,july_2021_arm_1,ento_form_1a_immediately_processed_summary,1,2021-07-27,,6,0,0,0,0,0,0,,4,2,0,0,0,0,2,,1,,6,2021-08-04,1,2021-08-04,2
M18,august_2021_arm_1,ento_form_1a_immediately_processed_summary,1,2021-08-17,,10,1,0,0,0,0,1,,4,3,0,4,1,0,8,,3,,6,2021-08-19,1,2021-08-19,2
M18,august_2021_arm_1,ento_form_1a_immediately_processed_summary,2,2021-08-31,,2,0,0,0,0,0,0,,0,1,0,0,0,0,1,,2,,6,2021-09-01,1,2021-09-01,2
M18,september_2021_arm_1,ento_form_1a_immediately_processed_summary,1,2021-09-21,,7,0,0,0,0,0,0,,0,1,2,0,0,0,3,,3,,3,2021-09-28,1,2021-09-28,2
M18,september_2021_arm_1,ento_form_1a_immediately_processed_summary,2,2021-09-28,,7,0,0,0,0,0,0,,0,1,0,0,0,0,1,,0,,3,2021-09-28,1,2021-09-28,2
M18,october_2021_arm_1,ento_form_1a_immediately_processed_summary,1,2021-10-19,,3,0,0,0,0,0,0,,0,0,0,1,0,0,1,,1,,3,2021-10-25,1,2021-10-25,2
M18,october_2021_arm_1,ento_form_1a_immediately_processed_summary,2,2021-10-26,,3,0,0,0,0,0,0,,0,1,4,0,0,0,5,,1,,3,2021-10-27,1,2021-10-27,2
M18,november_2021_arm_1,ento_form_1a_immediately_processed_summary,1,2021-11-23,,10,0,0,0,0,0,0,,0,1,8,3,3,0,15,,2,,3,2021-11-24,1,2021-11-24,2
M18,november_2021_arm_1,ento_form_1a_immediately_processed_summary,2,2021-11-16,,10,0,0,0,0,0,0,,0,2,6,4,0,0,12,,5,,3,2021-11-24,1,2021-11-24,2
M18,december_2021_arm_1,ento_form_1a_immediately_processed_summary,1,2021-12-14,,10,0,0,0,0,0,0,,0,1,0,0,1,0,2,,0,,3,2021-12-20,1,2021-12-20,2
M18,january_2022_arm_1,ento_form_1a_immediately_processed_summary,1,2022-01-25,,2,0,0,0,0,0,0,,0,0,0,0,0,0,0,,0,,3,2022-01-25,1,2022-01-25,2
M18,january_2022_arm_1,ento_form_1a_immediately_processed_summary,2,2022-01-18,,2,0,1,0,0,0,1,,0,0,1,0,2,0,3,,5,,3,2022-01-31,1,2022-01-31,2
M18,february_2022_arm_1,ento_form_1a_immediately_processed_summary,1,2022-02-15,,6,0,0,0,0,0,0,,0,0,0,0,0,0,0,,0,,3,2022-02-16,1,2022-02-16,2
M18,february_2022_arm_1,ento_form_1a_immediately_processed_summary,2,2022-02-22,,6,0,0,0,0,0,0,,0,0,0,0,1,0,1,,0,,3,2022-02-23,1,2022-02-23,2
M18,march_2022_arm_1,ento_form_1a_immediately_processed_summary,1,2022-03-22,,10,0,0,0,0,0,0,,0,0,0,0,0,0,0,,2,,3,2022-03-23,1,2022-03-23,2
M18,march_2022_arm_1,ento_form_1a_immediately_processed_summary,2,2022-03-15,,10,0,0,0,0,0,0,,0,0,0,1,1,0,2,,0,,3,2022-03-23,1,2022-03-23,2
M18,march_2022_arm_1,ento_form_1a_immediately_processed_summary,3,2022-03-29,,10,0,0,0,0,0,0,,0,0,1,0,0,0,1,,1,,3,2022-03-30,1,2022-03-30,2
M18,april_2022_arm_1,ento_form_1a_immediately_processed_summary,1,2022-04-27,,8,0,0,0,0,0,0,,0,0,0,0,0,0,0,,0,,3,2022-04-27,1,2022-04-27,2
M18,april_2022_arm_1,ento_form_1a_immediately_processed_summary,2,2022-04-05,,8,0,0,0,0,0,0,,0,0,0,0,0,0,0,,0,,3,2022-04-27,1,2022-04-27,2
M18,may_2022_arm_1,ento_form_1a_immediately_processed_summary,1,2022-05-24,,4,0,0,0,0,0,0,,0,0,2,2,0,0,4,,2,,3,2022-05-30,1,2022-05-30,2
M18,may_2022_arm_1,ento_form_1a_immediately_processed_summary,2,2022-05-17,,4,0,0,0,0,0,0,,0,0,0,3,0,0,3,,0,,3,2022-05-30,2,2022-05-30,2
M18,june_2022_arm_1,ento_form_1a_immediately_processed_summary,1,2022-06-21,,2,0,0,0,0,0,0,,0,7,1,2,0,0,10,,9,,3,2022-06-30,1,2022-06-30,2
M18,june_2022_arm_1,ento_form_1a_immediately_processed_summary,2,2022-06-14,,2,0,0,0,0,0,0,,0,4,2,0,5,0,11,,18,,3,2022-06-30,1,2022-06-30,2
M18,july_2022_arm_1,ento_form_1a_immediately_processed_summary,1,2022-07-12,,2,0,0,0,0,0,0,,0,0,0,0,0,0,0,,1,,3,2022-07-19,1,2022-07-19,2
M18,july_2022_arm_1,ento_form_1a_immediately_processed_summary,2,2022-07-19,,3,0,0,0,0,0,0,,0,0,0,0,2,0,2,,5,,3,2022-07-19,1,2022-07-19,2
M18,july_2022_arm_1,ento_form_1a_immediately_processed_summary,3,2022-07-26,,5,0,0,0,0,0,0,,0,0,0,0,0,0,0,,9,,4,2022-08-02,1,2022-08-02,2
M18,august_2022_arm_1,ento_form_1a_immediately_processed_summary,1,2022-08-02,,7,0,0,0,0,0,0,,1,0,0,0,2,0,2,,17,,4,2022-08-04,1,2022-08-04,2
M18,august_2022_arm_1,ento_form_1a_immediately_processed_summary,2,2022-08-23,,6,0,0,0,0,0,0,,0,0,0,3,2,1,6,,3,,3,2022-09-01,1,2022-09-01,2
M18,september_2022_arm_1,ento_form_1a_immediately_processed_summary,1,2022-09-20,,8,0,0,0,0,0,0,,0,0,0,0,0,0,0,,1,,3,2022-09-23,1,2022-09-23,2
M18,september_2022_arm_1,ento_form_1a_immediately_processed_summary,2,2022-09-13,,8,0,0,0,0,0,0,,0,0,0,0,0,0,0,,4,,3,2022-09-23,1,2022-09-23,2
M18,october_2022_arm_1,ento_form_1a_immediately_processed_summary,1,2022-10-11,,9,0,0,0,0,0,0,,0,0,0,1,2,0,3,,3,,4,2022-10-19,1,2022-10-19,2
M18,october_2022_arm_1,ento_form_1a_immediately_processed_summary,2,2022-10-18,,9,0,0,0,0,0,0,,0,1,1,2,3,0,7,,5,,4,2022-10-19,1,2022-10-19,2
M18,october_2022_arm_1,ento_form_1a_immediately_processed_summary,3,2022-10-25,,9,0,0,0,0,0,0,,0,1,0,0,1,0,2,,4,,11,2022-10-27,1,2022-10-27,2
M18,november_2022_arm_1,ento_form_1a_immediately_processed_summary,1,2022-11-15,,6,0,0,0,0,0,0,,0,1,0,0,3,0,4,,30,,12,2022-11-15,1,2022-11-15,1
M18,november_2022_arm_1,ento_form_1a_immediately_processed_summary,2,2022-11-22,,4,0,0,0,0,0,0,,0,3,1,1,2,0,7,,14,,12,2022-11-22,1,2022-11-22,2
M18,december_2022_arm_1,ento_form_1a_immediately_processed_summary,1,2022-12-13,,3,0,0,0,0,0,0,,0,2,0,1,1,0,4,,5,,10,2022-12-13,1,2022-12-13,2
M18,december_2022_arm_1,ento_form_1a_immediately_processed_summary,2,2022-12-20,,3,0,0,0,0,0,0,,0,1,0,1,0,0,2,,3,,12,2022-12-20,1,2022-12-20,2
M19,january_2020_arm_1,ento_form_1a_immediately_processed_summary,1,2020-01-21,,3,0,0,0,0,0,0,,0,2,0,3,1,0,6,,2,,3,2020-04-08,1,2020-04-08,1
M19,january_2020_arm_1,ento_form_1a_immediately_processed_summary,2,2020-01-28,,3,0,0,0,0,0,0,,0,0,0,0,0,0,0,,1,,3,2020-04-09,1,2020-04-09,1
M19,february_2020_arm_1,ento_form_1a_immediately_processed_summary,1,2020-02-04,,8,0,0,0,0,0,0,,0,0,0,0,2,0,2,,5,,3,2020-04-20,1,2020-04-20,1
M19,february_2020_arm_1,ento_form_1a_immediately_processed_summary,2,2020-02-18,,8,0,0,0,0,0,0,,0,1,3,2,1,0,7,,2,,3,2020-04-20,1,2020-04-20,1
M19,february_2020_arm_1,ento_form_1a_immediately_processed_summary,3,2020-02-25,,8,0,0,0,0,0,0,,0,1,2,4,2,0,9,,2,,3,2020-04-20,1,2020-04-20,1
M19,march_2020_arm_1,ento_form_1a_immediately_processed_summary,1,2020-03-03,,7,0,0,0,0,0,0,,0,4,0,2,5,0,11,,9,,3,2020-04-28,1,2020-04-28,1
M19,march_2020_arm_1,ento_form_1a_immediately_processed_summary,2,2020-03-17,,7,0,0,0,0,0,0,,0,0,0,1,1,0,2,,0,,3,2020-04-30,1,2020-04-30,1
M19,june_2020_arm_1,ento_form_1a_immediately_processed_summary,1,2020-06-02,,3,0,0,0,0,0,0,,0,38,0,11,13,4,66,,160,,3,2020-06-05,1,2020-06-05,1
M19,june_2020_arm_1,ento_form_1a_immediately_processed_summary,2,2020-06-16,,3,0,0,0,0,0,0,,0,4,0,4,4,0,12,,16,,3,2020-06-18,1,2020-06-18,1
M19,june_2020_arm_1,ento_form_1a_immediately_processed_summary,3,2020-06-23,,3,0,0,0,0,0,0,,0,12,0,2,7,1,22,,36,,3,2020-06-29,1,2020-06-29,1
M19,july_2020_arm_1,ento_form_1a_immediately_processed_summary,1,2020-07-07,,5,0,0,0,0,0,0,,0,5,0,4,3,0,12,,3,,3,2020-07-09,1,2020-07-09,1
M19,july_2020_arm_1,ento_form_1a_immediately_processed_summary,2,2020-07-21,,5,0,0,0,0,0,0,,0,9,1,4,3,0,17,,7,,5,2020-07-28,1,2020-07-28,1
M19,july_2020_arm_1,ento_form_1a_immediately_processed_summary,3,2020-07-28,,5,0,0,0,0,0,0,,0,3,0,4,2,0,9,,11,,3,2020-08-04,1,2020-08-04,1
M19,august_2020_arm_1,ento_form_1a_immediately_processed_summary,1,2020-08-04,,4,0,0,0,0,0,0,,0,4,5,2,3,0,14,,1,,4,2020-08-20,1,2020-08-20,2
M19,august_2020_arm_1,ento_form_1a_immediately_processed_summary,2,2020-08-18,,4,0,0,0,0,0,0,,0,2,2,1,1,0,6,,7,,3,2020-08-28,1,2020-08-28,2
M19,august_2020_arm_1,ento_form_1a_immediately_processed_summary,3,2020-08-25,,4,0,0,0,0,0,0,,0,1,0,0,0,0,1,,2,,3,2020-08-28,1,2020-08-28,2
M19,september_2020_arm_1,ento_form_1a_immediately_processed_summary,1,2020-09-01,,9,0,0,0,0,0,0,,2,2,1,0,0,0,3,,2,,5,2020-09-14,1,2020-09-14,2
M19,september_2020_arm_1,ento_form_1a_immediately_processed_summary,2,2020-09-15,,9,0,0,0,0,0,0,,0,1,2,2,4,0,9,,5,,3,2020-09-15,1,2020-09-15,2
M19,september_2020_arm_1,ento_form_1a_immediately_processed_summary,3,2020-09-22,,9,0,1,0,0,0,1,,0,1,4,0,0,0,5,,1,,3,2020-09-23,1,2020-09-23,2
M19,october_2020_arm_1,ento_form_1a_immediately_processed_summary,1,2020-10-06,,6,0,0,0,0,0,0,,0,1,1,1,0,0,3,,2,,3,2020-10-06,1,2020-10-06,2
M19,october_2020_arm_1,ento_form_1a_immediately_processed_summary,2,2020-10-27,,6,0,0,0,0,0,0,,0,3,0,0,0,0,3,,1,,4,2020-10-27,1,2020-10-27,2
M19,november_2020_arm_1,ento_form_1a_immediately_processed_summary,1,2020-11-03,,9,0,0,0,0,0,0,,0,1,0,2,1,0,4,,1,,5,2020-11-03,1,2020-11-03,2
M19,november_2020_arm_1,ento_form_1a_immediately_processed_summary,2,2020-11-17,,8,0,0,0,0,0,0,,0,2,1,5,1,0,9,,0,,3,2020-11-18,1,2020-11-18,2
M19,november_2020_arm_1,ento_form_1a_immediately_processed_summary,3,2020-11-24,,8,0,0,0,0,0,0,,0,2,4,9,0,0,15,,2,,4,2020-11-30,1,2020-11-30,2
M19,december_2020_arm_1,ento_form_1a_immediately_processed_summary,1,2020-12-01,,7,0,0,0,0,0,0,,0,0,1,4,3,0,8,,3,,3,2020-12-01,1,2020-12-01,2
M19,december_2020_arm_1,ento_form_1a_immediately_processed_summary,2,2020-12-15,,7,0,0,0,0,0,0,,0,0,2,6,3,0,11,,8,,3,2020-12-15,1,2020-12-15,2
M19,january_2021_arm_1,ento_form_1a_immediately_processed_summary,1,2021-01-05,,3,0,0,0,0,0,0,,1,2,0,6,2,0,10,,1,,3,2021-01-07,1,2021-01-07,2
M19,january_2021_arm_1,ento_form_1a_immediately_processed_summary,2,2021-01-19,,3,0,0,0,0,0,0,,0,1,1,3,4,1,10,,6,,3,2021-02-01,1,2021-02-01,2
M19,january_2021_arm_1,ento_form_1a_immediately_processed_summary,3,2021-01-26,,3,0,0,0,0,0,0,,0,0,0,0,2,0,2,,0,,3,2021-02-01,1,2021-02-01,2
M19,feburary_2021_arm_1,ento_form_1a_immediately_processed_summary,1,2021-02-16,,2,0,0,0,0,0,0,,0,0,0,0,1,0,1,,1,,3,2021-03-01,1,2021-03-01,2
M19,feburary_2021_arm_1,ento_form_1a_immediately_processed_summary,2,2021-02-23,,2,0,0,0,0,0,0,,0,0,0,0,0,0,0,,0,,3,2021-03-03,1,2021-03-03,2
M19,march_2021_arm_1,ento_form_1a_immediately_processed_summary,1,2021-03-16,,4,0,0,0,0,0,0,,0,0,0,0,1,0,1,,0,,3,2021-03-29,1,2021-03-29,2
M19,march_2021_arm_1,ento_form_1a_immediately_processed_summary,2,2021-03-23,,4,0,0,0,0,0,0,,1,0,0,0,1,0,1,,0,,3,2021-03-29,1,2021-03-29,2
M19,march_2021_arm_1,ento_form_1a_immediately_processed_summary,3,2021-03-30,,4,0,0,0,0,0,0,,0,1,1,2,0,0,4,,2,,3,2021-03-31,1,2021-03-31,2
M19,april_2021_arm_1,ento_form_1a_immediately_processed_summary,1,2021-04-20,,9,0,0,0,0,0,0,,0,0,0,0,0,0,0,,0,,3,2021-04-26,1,2021-04-26,2
M19,april_2021_arm_1,ento_form_1a_immediately_processed_summary,2,2021-04-27,,9,0,0,0,0,0,0,,0,0,0,0,0,0,0,,0,,5,2021-04-28,1,2021-04-28,2
M19,may_2021_arm_1,ento_form_1a_immediately_processed_summary,1,2021-05-25,,7,1,0,0,0,0,1,,2,0,0,0,2,0,2,,2,,5,2021-06-09,1,2021-06-09,2
M19,may_2021_arm_1,ento_form_1a_immediately_processed_summary,2,2021-05-18,,7,1,0,0,0,0,1,,0,0,0,0,1,0,1,,3,,5,2021-06-09,1,2021-06-09,2
M19,june_2021_arm_1,ento_form_1a_immediately_processed_summary,1,2021-06-15,,6,0,0,0,0,0,0,,2,1,0,1,0,0,2,,1,,4,2021-07-01,1,2021-07-01,2
M19,july_2021_arm_1,ento_form_1a_immediately_processed_summary,1,2021-07-27,,10,0,0,0,0,0,0,,0,0,0,0,0,0,0,,1,,6,2021-08-04,1,2021-08-04,2
M19,august_2021_arm_1,ento_form_1a_immediately_processed_summary,1,2021-08-17,,3,0,0,0,0,0,0,,0,1,0,1,0,0,2,,2,,6,2021-08-19,1,2021-08-19,2
M19,august_2021_arm_1,ento_form_1a_immediately_processed_summary,2,2021-08-24,,3,0,0,0,0,0,0,,0,0,0,0,0,0,0,,0,,6,2021-09-01,1,2021-09-01,2
M19,august_2021_arm_1,ento_form_1a_immediately_processed_summary,3,2021-08-31,,3,0,0,0,0,0,0,,0,1,0,0,1,0,2,,0,,6,2021-09-01,1,2021-09-01,2
M19,september_2021_arm_1,ento_form_1a_immediately_processed_summary,1,2021-09-21,,2,0,0,0,0,0,0,,0,6,0,1,0,0,7,,13,,3,2021-09-28,1,2021-09-28,2
M19,september_2021_arm_1,ento_form_1a_immediately_processed_summary,2,2021-09-28,,2,0,0,0,0,0,0,,0,4,0,1,0,1,6,,15,,3,2021-09-28,1,2021-09-28,2
M19,october_2021_arm_1,ento_form_1a_immediately_processed_summary,1,2021-10-19,,4,0,0,0,0,0,0,,0,5,0,2,3,0,10,,12,,3,2021-10-25,1,2021-10-25,2
M19,october_2021_arm_1,ento_form_1a_immediately_processed_summary,2,2021-10-26,,4,0,0,0,0,0,0,,0,7,0,0,9,2,18,,35,,3,2021-10-27,1,2021-10-27,2
M19,november_2021_arm_1,ento_form_1a_immediately_processed_summary,1,2021-11-23,,9,0,0,0,0,0,0,,0,2,0,0,5,0,7,,9,,3,2021-11-24,1,2021-11-24,2
M19,november_2021_arm_1,ento_form_1a_immediately_processed_summary,2,2021-11-16,,9,0,0,0,0,0,0,,0,2,0,1,6,0,9,,11,,3,2021-11-24,1,2021-11-24,2
M19,december_2021_arm_1,ento_form_1a_immediately_processed_summary,1,2021-12-14,,7,0,0,0,0,0,0,,0,0,0,1,1,0,2,,5,,3,2021-12-20,1,2021-12-20,2
M19,january_2022_arm_1,ento_form_1a_immediately_processed_summary,1,2022-01-25,,6,0,0,0,0,0,0,,0,7,0,0,6,0,13,,20,,3,2022-01-25,1,2022-01-25,2
M19,january_2022_arm_1,ento_form_1a_immediately_processed_summary,2,2022-01-18,,6,0,0,0,0,0,0,,0,2,1,0,1,1,5,,5,,3,2022-01-31,1,2022-01-31,2
M19,february_2022_arm_1,ento_form_1a_immediately_processed_summary,1,2022-02-15,,9,0,0,0,1,0,1,,1,2,0,0,3,0,5,,15,,3,2022-02-16,1,2022-02-16,2
M19,february_2022_arm_1,ento_form_1a_immediately_processed_summary,2,2022-02-22,,10,0,0,0,0,0,0,,0,2,0,0,1,0,3,,10,,3,2022-02-23,1,2022-02-23,2
M19,march_2022_arm_1,ento_form_1a_immediately_processed_summary,1,2022-03-22,,8,0,0,0,0,0,0,,0,0,0,0,0,0,0,,1,,3,2022-03-23,1,2022-03-23,2
M19,march_2022_arm_1,ento_form_1a_immediately_processed_summary,2,2022-03-15,,8,0,0,0,0,0,0,,0,0,0,2,1,0,3,,9,,3,2022-03-23,1,2022-03-23,2
M19,march_2022_arm_1,ento_form_1a_immediately_processed_summary,3,2022-03-29,,8,0,0,0,0,0,0,,0,0,1,0,0,0,1,,0,,3,2022-03-30,1,2022-03-30,2
M19,april_2022_arm_1,ento_form_1a_immediately_processed_summary,1,2022-04-27,,2,0,0,0,0,0,0,,0,0,0,0,1,0,1,,2,,3,2022-04-27,1,2022-04-27,2
M19,april_2022_arm_1,ento_form_1a_immediately_processed_summary,2,2022-04-05,,2,0,1,0,0,0,1,,0,1,0,0,0,0,1,,0,,3,2022-04-27,1,2022-04-27,2
M19,may_2022_arm_1,ento_form_1a_immediately_processed_summary,1,2022-05-24,,9,0,0,0,0,0,0,,0,1,0,2,1,0,4,,4,,3,2022-05-30,1,2022-05-30,2
M19,may_2022_arm_1,ento_form_1a_immediately_processed_summary,2,2022-05-17,,9,0,1,0,0,0,1,,0,0,0,1,0,0,1,,2,,3,2022-05-30,1,2022-05-30,2
M19,june_2022_arm_1,ento_form_1a_immediately_processed_summary,1,2022-06-21,,6,0,0,0,0,0,0,,0,17,2,7,5,0,31,,18,,3,2022-06-30,1,2022-06-30,2
M19,june_2022_arm_1,ento_form_1a_immediately_processed_summary,2,2022-06-14,,6,0,0,0,0,0,0,,0,9,1,0,3,0,13,,29,,3,2022-06-30,1,2022-06-30,2
M19,july_2022_arm_1,ento_form_1a_immediately_processed_summary,1,2022-07-12,,7,0,0,0,0,0,0,,0,4,1,1,3,0,9,,22,,3,2022-07-19,1,2022-07-19,2
M19,july_2022_arm_1,ento_form_1a_immediately_processed_summary,2,2022-07-19,,7,0,0,0,0,0,0,,0,0,0,2,5,0,7,,24,,3,2022-07-19,1,2022-07-19,2
M19,july_2022_arm_1,ento_form_1a_immediately_processed_summary,3,2022-07-26,,5,0,0,1,0,0,1,,0,10,0,0,0,0,10,,12,,4,2022-08-02,1,2022-08-02,2
M19,august_2022_arm_1,ento_form_1a_immediately_processed_summary,1,2022-08-02,,4,0,0,0,0,0,0,,0,0,0,1,5,1,7,,39,,4,2022-08-04,1,2022-08-04,2
M19,august_2022_arm_1,ento_form_1a_immediately_processed_summary,2,2022-08-23,,4,0,0,0,0,0,0,,0,4,1,1,3,0,9,,14,,3,2022-09-01,1,2022-09-01,2
M19,september_2022_arm_1,ento_form_1a_immediately_processed_summary,1,2022-09-20,,3,0,0,0,0,0,0,,0,3,1,1,9,0,14,,22,,3,2022-09-23,1,2022-09-23,2
M19,september_2022_arm_1,ento_form_1a_immediately_processed_summary,2,2022-09-13,,3,0,0,0,0,0,0,,0,11,0,4,15,2,32,,41,,3,2022-09-23,1,2022-09-23,2
M19,october_2022_arm_1,ento_form_1a_immediately_processed_summary,1,2022-10-11,,8,0,0,0,0,0,0,,0,6,0,3,2,0,11,,22,,4,2022-10-19,1,2022-10-19,2
M19,october_2022_arm_1,ento_form_1a_immediately_processed_summary,2,2022-10-18,,8,0,0,0,0,0,0,,0,8,0,0,3,0,11,,33,,4,2022-10-19,1,2022-10-19,2
M19,october_2022_arm_1,ento_form_1a_immediately_processed_summary,3,2022-10-25,,8,0,0,0,0,0,0,,0,2,0,0,11,0,13,,33,,11,2022-10-27,1,2022-10-27,2
M19,november_2022_arm_1,ento_form_1a_immediately_processed_summary,1,2022-11-15,,9,0,0,0,0,0,0,,0,6,10,8,12,2,38,,30,,12,2022-11-15,1,2022-11-15,2
M19,november_2022_arm_1,ento_form_1a_immediately_processed_summary,2,2022-11-22,,9,0,0,0,0,0,0,,0,3,7,6,5,0,21,,16,,12,2022-11-22,1,2022-11-22,2
M19,december_2022_arm_1,ento_form_1a_immediately_processed_summary,1,2022-12-13,,5,0,0,0,0,0,0,,0,1,0,0,1,0,2,,1,,10,2022-12-13,1,2022-12-13,2
M19,december_2022_arm_1,ento_form_1a_immediately_processed_summary,2,2022-12-20,,2,0,0,0,0,0,0,,0,1,0,0,0,0,1,,7,,12,2022-12-20,1,2022-12-20,2
N01,january_2020_arm_1,ento_form_1a_immediately_processed_summary,1,2020-01-16,,7,0,0,0,0,0,0,,0,9,0,4,12,0,25,,21,,3,2020-04-09,1,2020-04-09,1
N01,january_2020_arm_1,ento_form_1a_immediately_processed_summary,2,2020-01-30,,7,0,0,0,0,0,0,,0,0,0,1,1,0,2,,7,,3,2020-04-09,1,2020-04-09,1
N01,february_2020_arm_1,ento_form_1a_immediately_processed_summary,1,2020-02-06,,4,0,0,0,0,0,0,,0,6,0,0,3,0,9,,10,,3,2020-04-23,1,2020-04-23,1
N01,february_2020_arm_1,ento_form_1a_immediately_processed_summary,2,2020-02-13,,4,0,0,0,0,0,0,,0,7,0,0,4,0,11,,13,,3,2020-04-23,1,2020-04-23,1
N01,february_2020_arm_1,ento_form_1a_immediately_processed_summary,3,2020-02-27,,4,0,0,0,0,0,0,,0,0,0,0,0,1,1,,3,,3,2020-04-24,1,2020-04-24,1
N01,march_2020_arm_1,ento_form_1a_immediately_processed_summary,1,2020-03-12,,9,0,0,0,0,0,0,,0,1,1,1,0,1,4,,3,,3,2020-04-29,1,2020-04-29,1
N01,march_2020_arm_1,ento_form_1a_immediately_processed_summary,2,2020-03-05,,9,0,0,0,0,0,0,,0,0,0,2,0,0,2,,7,,3,2020-04-29,1,2020-04-29,1
N02,january_2020_arm_1,ento_form_1a_immediately_processed_summary,1,2020-01-16,,7,0,0,0,0,0,0,,0,4,0,4,2,0,10,,23,,3,2020-04-09,1,2020-04-09,1
N02,january_2020_arm_1,ento_form_1a_immediately_processed_summary,2,2020-01-30,,7,0,0,0,0,0,0,,1,1,0,0,0,0,1,,14,,3,2020-04-09,1,2020-04-09,1
N02,february_2020_arm_1,ento_form_1a_immediately_processed_summary,1,2020-02-06,,4,0,0,0,0,0,0,,0,0,0,0,1,0,1,,9,,3,2020-04-23,1,2020-04-23,1
N02,february_2020_arm_1,ento_form_1a_immediately_processed_summary,2,2020-02-13,,4,0,0,1,0,0,1,,0,0,0,0,2,0,2,,12,,3,2020-04-23,1,2020-04-23,1
N02,february_2020_arm_1,ento_form_1a_immediately_processed_summary,3,2020-02-27,,4,0,0,0,0,0,0,,0,0,1,0,2,0,3,,6,,3,2020-04-24,1,2020-04-24,1
N02,march_2020_arm_1,ento_form_1a_immediately_processed_summary,1,2020-03-12,,9,0,0,0,0,0,0,,0,1,2,3,1,0,7,,2,,3,2020-04-29,1,2020-04-29,1
N02,march_2020_arm_1,ento_form_1a_immediately_processed_summary,2,2020-03-05,,9,0,0,0,0,0,0,,0,1,0,0,1,0,2,,2,,3,2020-04-29,1,2020-04-29,1
N02,june_2020_arm_1,ento_form_1a_immediately_processed_summary,1,2020-06-04,,5,0,0,0,0,0,0,,0,24,0,13,15,0,52,,88,,3,2020-06-05,1,2020-06-05,1
N02,june_2020_arm_1,ento_form_1a_immediately_processed_summary,2,2020-06-11,,5,0,0,0,0,0,0,,0,68,2,17,31,0,118,,240,,3,2020-06-16,1,2020-06-16,1
N02,june_2020_arm_1,ento_form_1a_immediately_processed_summary,3,2020-06-25,,5,0,0,0,0,0,0,,0,37,4,25,10,1,77,,67,,3,2020-06-29,1,2020-06-29,1
N02,july_2020_arm_1,ento_form_1a_immediately_processed_summary,1,2020-07-09,,3,0,0,0,0,0,0,,0,11,2,32,9,0,54,,31,,5,2020-07-28,1,2020-07-28,1
N02,july_2020_arm_1,ento_form_1a_immediately_processed_summary,2,2020-07-16,,3,0,0,0,0,0,0,,0,4,0,2,2,1,9,,12,,5,2020-07-28,1,2020-07-28,1
N02,july_2020_arm_1,ento_form_1a_immediately_processed_summary,3,2020-07-30,,3,0,0,0,0,0,0,,0,15,1,4,9,0,29,,49,,3,2020-08-04,1,2020-08-04,1
N02,august_2020_arm_1,ento_form_1a_immediately_processed_summary,1,2020-08-06,,9,0,0,0,0,0,0,,0,2,3,4,6,0,15,,16,,5,2020-08-20,1,2020-08-20,2
N02,august_2020_arm_1,ento_form_1a_immediately_processed_summary,2,2020-08-13,,9,0,0,0,0,0,0,,0,1,2,2,2,0,7,,14,,4,2020-08-20,1,2020-08-20,2
N02,august_2020_arm_1,ento_form_1a_immediately_processed_summary,3,2020-08-27,,9,0,0,0,0,0,0,,0,0,0,0,3,0,3,,9,,3,2020-08-27,1,2020-08-27,2
N02,september_2020_arm_1,ento_form_1a_immediately_processed_summary,1,2020-09-10,,4,0,0,0,0,0,0,,0,0,0,0,0,0,0,,1,,4,2020-09-16,1,2020-09-16,2
N02,september_2020_arm_1,ento_form_1a_immediately_processed_summary,2,2020-09-03,,4,0,0,0,0,0,0,,0,0,1,0,1,0,2,,12,,5,2020-09-16,1,2020-09-16,2
N02,september_2020_arm_1,ento_form_1a_immediately_processed_summary,3,2020-09-24,,4,0,0,0,0,0,0,,0,0,0,0,2,0,2,,0,,5,2020-09-24,1,2020-09-24,2
N02,september_2020_arm_1,ento_form_1a_immediately_processed_summary,4,2020-09-24,,4,0,0,0,0,0,0,,1,0,0,0,0,0,0,,3,,5,2020-09-24,1,2020-09-24,2
N02,october_2020_arm_1,ento_form_1a_immediately_processed_summary,1,2020-10-08,,6,0,0,0,0,0,0,,0,0,0,1,2,0,3,,0,,4,2020-10-08,1,2020-10-08,2
N02,october_2020_arm_1,ento_form_1a_immediately_processed_summary,2,2020-10-15,,6,0,0,0,0,0,0,,0,0,0,2,0,0,2,,0,,3,2020-10-15,1,2020-10-15,2
N02,november_2020_arm_1,ento_form_1a_immediately_processed_summary,1,2020-11-05,,8,0,0,0,0,0,0,,0,0,0,3,1,0,4,,3,,3,2020-11-05,1,2020-11-05,2
N02,november_2020_arm_1,ento_form_1a_immediately_processed_summary,2,2020-11-12,,2,0,0,0,0,0,0,,0,1,20,12,22,0,55,,17,,4,2020-11-18,1,2020-11-18,2
N02,november_2020_arm_1,ento_form_1a_immediately_processed_summary,3,2020-11-30,,8,0,0,0,0,0,0,,0,0,0,2,3,0,5,,15,,5,2020-11-30,1,2020-11-30,2
N02,november_2020_arm_1,ento_form_1a_immediately_processed_summary,4,2020-11-24,,8,0,0,0,0,0,0,,0,2,0,13,6,1,22,,22,,5,2020-11-30,1,2020-11-30,2
N02,december_2020_arm_1,ento_form_1a_immediately_processed_summary,1,2020-12-03,,2,0,0,0,0,0,0,,0,1,0,0,1,0,2,,7,,4,2020-12-03,1,2020-12-03,2
N02,december_2020_arm_1,ento_form_1a_immediately_processed_summary,2,2020-12-17,,7,0,0,0,0,0,0,,0,0,1,1,1,0,3,,3,,4,2020-12-17,1,2020-12-17,2
N02,january_2021_arm_1,ento_form_1a_immediately_processed_summary,1,2021-01-07,,5,0,0,0,0,0,0,,0,0,0,0,0,0,0,,3,,3,2021-01-07,1,2021-01-07,2
N02,january_2021_arm_1,ento_form_1a_immediately_processed_summary,2,2021-01-28,,2,0,0,0,0,0,0,,0,0,1,2,0,0,3,,2,,4,2021-02-02,1,2021-02-02,2
N02,january_2021_arm_1,ento_form_1a_immediately_processed_summary,3,2021-01-14,,2,0,0,0,0,0,0,,0,0,0,0,0,0,0,,0,,4,2021-02-02,1,2021-02-02,2
N02,feburary_2021_arm_1,ento_form_1a_immediately_processed_summary,1,2021-02-04,,7,0,0,0,0,0,0,,0,0,0,0,0,0,0,,2,,3,2021-03-05,1,2021-03-05,2
N02,feburary_2021_arm_1,ento_form_1a_immediately_processed_summary,2,2021-02-25,,2,0,0,0,0,0,0,,0,0,0,0,0,0,0,,0,,3,2021-03-19,1,2021-03-19,2
N02,march_2021_arm_1,ento_form_1a_immediately_processed_summary,1,2021-03-04,,3,0,0,0,0,0,0,,0,0,0,0,0,0,0,,0,,3,2021-04-09,1,2021-04-09,2
N02,march_2021_arm_1,ento_form_1a_immediately_processed_summary,2,2021-03-25,,6,0,0,0,0,0,0,,0,0,0,0,0,0,0,,0,,4,2021-04-01,1,2021-04-01,2
N02,april_2021_arm_1,ento_form_1a_immediately_processed_summary,1,2021-04-08,,4,0,0,0,0,0,0,,0,0,0,0,1,0,1,,0,,3,2021-04-25,1,2021-04-25,2
N02,april_2021_arm_1,ento_form_1a_immediately_processed_summary,2,2021-04-29,,10,0,0,0,0,0,0,,0,0,0,0,1,0,1,,0,,5,2021-05-11,1,2021-05-11,2
N02,may_2021_arm_1,ento_form_1a_immediately_processed_summary,1,2021-05-06,,9,0,0,0,0,0,0,,0,0,0,0,0,0,0,,0,,5,2021-05-11,1,2021-05-11,2
N02,may_2021_arm_1,ento_form_1a_immediately_processed_summary,2,2021-05-27,,6,0,0,0,0,0,0,,0,0,0,0,0,0,0,,0,,5,2021-06-09,1,2021-06-09,2
N02,june_2021_arm_1,ento_form_1a_immediately_processed_summary,1,2021-06-03,,3,0,0,0,0,0,0,,0,0,0,0,0,0,0,,0,,5,2021-06-09,1,2021-06-09,2
N02,june_2021_arm_1,ento_form_1a_immediately_processed_summary,2,2021-06-24,,9,0,0,0,0,0,0,,0,1,1,3,2,0,7,,4,,4,2021-07-01,1,2021-07-01,2
N02,july_2021_arm_1,ento_form_1a_immediately_processed_summary,1,2021-07-08,,7,0,0,0,0,0,0,,0,2,0,0,6,0,8,,0,,6,2021-07-19,1,2021-07-19,2
N02,july_2021_arm_1,ento_form_1a_immediately_processed_summary,2,2021-07-01,,7,0,0,0,0,0,0,,0,0,0,2,1,0,3,,0,,6,2021-07-19,1,2021-07-19,2
N02,july_2021_arm_1,ento_form_1a_immediately_processed_summary,3,2021-07-29,,2,0,0,0,0,0,0,,0,1,0,0,0,0,1,,8,,6,2021-08-04,1,2021-08-04,2
N02,august_2021_arm_1,ento_form_1a_immediately_processed_summary,1,2021-08-05,,4,0,0,0,0,0,0,,0,2,0,0,3,1,6,,3,,6,2021-08-18,1,2021-08-18,2
N02,august_2021_arm_1,ento_form_1a_immediately_processed_summary,2,2021-08-26,,7,0,0,0,0,0,0,,0,0,0,0,2,0,2,,0,,6,2021-09-01,1,2021-09-01,2
N02,september_2021_arm_1,ento_form_1a_immediately_processed_summary,1,2021-09-02,,5,0,0,0,0,0,0,,0,0,0,0,1,0,1,,1,,3,2021-10-06,1,2021-10-06,2
N02,september_2021_arm_1,ento_form_1a_immediately_processed_summary,2,2021-09-09,,2,0,0,0,0,0,0,,0,0,0,0,1,0,1,,0,,3,2021-10-07,1,2021-10-07,2
N02,september_2021_arm_1,ento_form_1a_immediately_processed_summary,3,2021-09-30,,10,0,0,0,0,0,0,,0,3,0,0,0,0,3,,0,,3,2021-10-07,1,2021-10-07,2
N02,october_2021_arm_1,ento_form_1a_immediately_processed_summary,1,2021-10-07,,10,0,0,0,0,0,0,,0,5,1,1,5,0,12,,6,,3,2021-10-28,1,2021-10-28,2
N02,october_2021_arm_1,ento_form_1a_immediately_processed_summary,2,2021-10-28,,6,0,0,0,0,0,0,,0,14,4,4,6,0,28,,6,,3,2021-10-28,1,2021-10-28,2
N02,november_2021_arm_1,ento_form_1a_immediately_processed_summary,1,2021-11-25,,2,0,0,0,0,0,0,,0,28,24,16,30,0,98,,40,,3,2021-11-29,1,2021-11-29,2
N02,november_2021_arm_1,ento_form_1a_immediately_processed_summary,2,2021-11-04,,2,0,0,0,0,0,0,,0,17,14,4,25,0,60,,17,,3,2021-11-29,1,2021-11-29,2
N02,december_2021_arm_1,ento_form_1a_immediately_processed_summary,1,2021-12-02,,9,0,0,0,0,0,0,,0,8,4,6,4,0,22,,7,,3,2021-12-21,1,2021-12-21,2
N02,january_2022_arm_1,ento_form_1a_immediately_processed_summary,1,2022-01-27,,9,0,0,0,0,0,0,,0,1,0,1,0,0,2,,3,,3,2022-01-31,1,2022-01-31,2
N02,january_2022_arm_1,ento_form_1a_immediately_processed_summary,2,2022-01-06,,9,0,0,0,0,0,0,,0,1,0,0,0,0,1,,4,,3,2022-01-31,1,2022-01-31,2
N02,february_2022_arm_1,ento_form_1a_immediately_processed_summary,1,2022-02-03,,7,0,0,0,0,0,0,,0,0,0,0,1,0,1,,1,,3,2022-02-16,1,2022-02-16,2
N02,february_2022_arm_1,ento_form_1a_immediately_processed_summary,2,2022-02-24,,4,0,0,0,0,0,0,,0,0,0,1,0,0,1,,1,,3,2022-02-28,1,2022-02-28,2
N02,march_2022_arm_1,ento_form_1a_immediately_processed_summary,1,2022-03-24,,10,0,0,0,0,0,0,,0,0,0,0,0,0,0,,0,,3,2022-03-31,1,2022-03-31,2
N02,march_2022_arm_1,ento_form_1a_immediately_processed_summary,2,2022-03-03,,10,0,0,0,0,0,0,,0,0,0,0,0,0,0,,1,,3,2022-03-31,1,2022-03-31,2
N02,april_2022_arm_1,ento_form_1a_immediately_processed_summary,1,2022-04-25,,7,0,0,0,0,0,0,,0,0,0,0,0,0,0,,0,,3,2022-04-26,1,2022-04-26,2
N02,may_2022_arm_1,ento_form_1a_immediately_processed_summary,1,2022-05-26,,2,0,0,0,0,0,0,,0,0,0,0,0,0,0,,0,,3,2022-05-30,1,2022-05-30,2
N02,may_2022_arm_1,ento_form_1a_immediately_processed_summary,2,2022-05-05,,2,0,0,0,0,0,0,,0,0,0,0,0,0,0,,0,,3,2022-05-30,1,2022-05-30,2
N02,june_2022_arm_1,ento_form_1a_immediately_processed_summary,1,2022-06-30,,4,0,0,0,0,0,0,0,0,7,0,4,12,0,23,0,13,,2,2022-07-04,1,2022-07-04,2
N02,june_2022_arm_1,ento_form_1a_immediately_processed_summary,2,2022-06-23,,8,0,0,0,0,0,0,0,0,3,1,4,7,0,15,,2,,2,2022-07-05,1,2022-07-05,2
N02,june_2022_arm_1,ento_form_1a_immediately_processed_summary,3,2022-06-02,,8,0,0,0,0,0,0,0,0,0,1,0,0,0,1,0,0,,2,2022-07-05,1,2022-07-05,2
N02,july_2022_arm_1,ento_form_1a_immediately_processed_summary,1,2022-07-21,,6,0,0,0,0,0,0,,0,2,1,0,4,0,7,,22,,3,2022-07-21,1,2022-07-21,2
N02,july_2022_arm_1,ento_form_1a_immediately_processed_summary,2,2022-07-28,,6,0,0,0,0,0,0,,0,2,0,2,2,0,6,,11,,4,2022-08-03,1,2022-08-03,2
N02,august_2022_arm_1,ento_form_1a_immediately_processed_summary,1,2022-08-04,,9,0,0,0,0,0,0,,0,0,1,0,1,0,2,,0,,4,2022-08-16,1,2022-08-16,2
N02,august_2022_arm_1,ento_form_1a_immediately_processed_summary,2,2022-08-25,,2,0,0,0,0,0,0,,0,2,0,1,2,0,5,,6,,3,2022-09-01,1,2022-09-01,2
N02,september_2022_arm_1,ento_form_1a_immediately_processed_summary,1,2022-09-29,,5,0,0,0,0,0,0,,0,7,3,3,7,0,20,,13,,3,2022-10-12,1,2022-10-12,2
N02,september_2022_arm_1,ento_form_1a_immediately_processed_summary,2,2022-09-22,,5,0,0,0,0,0,0,,0,8,2,2,7,0,19,,32,,3,2022-10-12,1,2022-10-12,2
N02,september_2022_arm_1,ento_form_1a_immediately_processed_summary,3,2022-09-01,,5,0,0,0,0,0,0,,0,4,0,0,0,0,4,,9,,3,2022-10-12,1,2022-10-12,2
N02,october_2022_arm_1,ento_form_1a_immediately_processed_summary,1,2022-10-27,,7,0,0,0,0,0,0,,0,0,0,1,5,0,6,,11,,10,2022-10-27,1,2022-10-27,2
N02,november_2022_arm_1,ento_form_1a_immediately_processed_summary,1,2022-11-03,,2,0,0,0,0,0,0,,0,0,0,0,0,0,0,,5,,10,2022-11-03,1,2022-11-03,2
N02,november_2022_arm_1,ento_form_1a_immediately_processed_summary,2,2022-11-24,,3,0,0,0,0,0,0,,0,2,0,0,0,1,3,,4,,12,2022-11-24,1,2022-11-24,2
N02,december_2022_arm_1,ento_form_1a_immediately_processed_summary,1,2022-12-01,,9,0,0,0,0,0,0,,0,0,0,0,0,0,0,,0,,13,2022-12-01,1,2022-12-01,2
N02,december_2022_arm_1,ento_form_1a_immediately_processed_summary,2,2022-12-22,,8,0,0,0,0,0,0,,0,0,0,0,0,0,0,,0,,11,2022-12-22,1,2022-12-22,2
N03,january_2020_arm_1,ento_form_1a_immediately_processed_summary,1,2020-01-16,,3,0,0,0,0,0,0,,0,22,2,13,13,0,50,,61,,3,2020-04-09,1,2020-04-09,1
N03,january_2020_arm_1,ento_form_1a_immediately_processed_summary,2,2020-01-30,,3,0,0,0,0,0,0,,0,4,0,2,2,0,8,,31,,3,2020-04-09,1,2020-04-09,1
N03,february_2020_arm_1,ento_form_1a_immediately_processed_summary,1,2020-02-06,,9,0,0,0,0,0,0,,1,7,2,7,1,0,17,,40,,3,2020-04-23,1,2020-04-23,1
N03,february_2020_arm_1,ento_form_1a_immediately_processed_summary,2,2020-02-13,,9,0,0,0,0,0,0,,1,1,8,5,8,1,23,,34,,3,2020-04-23,1,2020-04-23,1
N03,february_2020_arm_1,ento_form_1a_immediately_processed_summary,3,2020-02-27,,9,0,0,0,0,0,0,,0,1,0,2,1,1,5,,12,,3,2020-04-23,1,2020-04-23,1
N03,march_2020_arm_1,ento_form_1a_immediately_processed_summary,1,2020-03-12,,7,0,0,0,0,0,0,,1,3,0,6,4,0,13,,16,,3,2020-04-29,1,2020-04-29,1
N03,march_2020_arm_1,ento_form_1a_immediately_processed_summary,2,2020-03-05,,7,0,0,0,0,0,0,,0,0,0,5,7,0,12,,22,,3,2020-04-29,1,2020-04-29,1
N03,june_2020_arm_1,ento_form_1a_immediately_processed_summary,1,2020-06-04,,6,0,0,0,0,0,0,,2,139,82,132,45,0,398,,366,,3,2020-06-05,1,2020-06-05,1
N03,june_2020_arm_1,ento_form_1a_immediately_processed_summary,2,2020-06-11,,6,0,0,0,0,0,0,,0,260,113,116,23,3,515,,933,,3,2020-06-16,1,2020-06-16,1
N03,june_2020_arm_1,ento_form_1a_immediately_processed_summary,3,2020-06-25,,6,0,0,0,0,0,0,,2,396,71,199,127,0,793,,1672,,3,2020-06-26,1,2020-06-26,1
N03,july_2020_arm_1,ento_form_1a_immediately_processed_summary,1,2020-07-09,,8,0,0,0,0,0,0,,0,142,26,143,52,4,367,,889,,3,2020-07-09,1,2020-07-09,1
N03,july_2020_arm_1,ento_form_1a_immediately_processed_summary,2,2020-07-16,,8,0,0,0,0,0,0,,0,84,12,69,37,2,204,,504,,4,2020-07-28,1,2020-07-28,1
N03,july_2020_arm_1,ento_form_1a_immediately_processed_summary,3,2020-07-30,,8,0,0,0,0,0,0,,0,99,13,45,65,1,223,,417,,3,2020-07-31,1,2020-07-31,1
N03,august_2020_arm_1,ento_form_1a_immediately_processed_summary,1,2020-08-06,,4,0,0,0,0,0,0,,0,30,35,10,33,2,110,,169,,4,2020-08-20,1,2020-08-20,2
N03,august_2020_arm_1,ento_form_1a_immediately_processed_summary,2,2020-08-13,,4,0,0,0,0,0,0,,0,21,15,11,20,0,67,,132,,4,2020-08-20,1,2020-08-20,2
N03,august_2020_arm_1,ento_form_1a_immediately_processed_summary,3,2020-08-27,,4,0,0,0,0,0,0,,0,3,1,0,18,0,22,,102,,3,2020-08-27,1,2020-08-27,2
N03,september_2020_arm_1,ento_form_1a_immediately_processed_summary,1,2020-09-03,,5,0,0,0,0,0,0,,0,0,3,3,2,1,9,,140,,5,2020-09-16,1,2020-09-16,2
N03,september_2020_arm_1,ento_form_1a_immediately_processed_summary,2,2020-09-10,,5,0,0,0,0,0,0,,0,1,0,2,0,0,3,,20,,4,2020-09-16,1,2020-09-16,2
N03,september_2020_arm_1,ento_form_1a_immediately_processed_summary,3,2020-09-24,,5,0,0,0,0,0,0,,0,1,1,3,3,0,8,,8,,5,2020-09-24,1,2020-09-24,2
N03,october_2020_arm_1,ento_form_1a_immediately_processed_summary,1,2020-10-08,,3,0,0,0,0,0,0,,0,2,0,5,1,1,9,,3,,4,2020-10-08,1,2020-10-08,2
N03,october_2020_arm_1,ento_form_1a_immediately_processed_summary,2,2020-10-15,,3,0,0,0,0,0,0,,0,2,0,4,2,0,8,,2,,3,2020-10-15,1,2020-10-15,2
N03,october_2020_arm_1,ento_form_1a_immediately_processed_summary,3,2020-10-29,,3,0,0,0,0,0,0,,0,25,3,51,16,4,99,,7,,5,2020-10-30,1,2020-10-30,2
N03,november_2020_arm_1,ento_form_1a_immediately_processed_summary,1,2020-11-05,,7,0,0,0,0,0,0,,0,34,52,98,60,0,244,,158,,3,2020-11-05,1,2020-11-05,2
N03,november_2020_arm_1,ento_form_1a_immediately_processed_summary,2,2020-11-12,,7,0,0,0,0,0,0,,0,18,82,53,32,0,185,,62,,4,2020-11-18,1,2020-11-18,2
N03,november_2020_arm_1,ento_form_1a_immediately_processed_summary,3,2020-11-26,,7,0,0,0,0,0,0,,0,0,3,9,7,0,19,,35,,5,2020-11-30,1,2020-11-30,2
N03,december_2020_arm_1,ento_form_1a_immediately_processed_summary,1,2020-12-03,,6,0,0,0,0,0,0,,0,0,3,4,3,0,10,,31,,4,2020-12-03,1,2020-12-03,2
N03,december_2020_arm_1,ento_form_1a_immediately_processed_summary,2,2020-12-17,,6,0,0,0,0,0,0,,0,0,3,3,5,0,11,,24,,4,2020-12-17,1,2020-12-17,2
N03,january_2021_arm_1,ento_form_1a_immediately_processed_summary,1,2021-01-28,,9,0,0,0,0,0,0,,0,2,2,0,0,0,4,,11,,4,2021-02-02,1,2021-02-02,2
N03,january_2021_arm_1,ento_form_1a_immediately_processed_summary,2,2021-01-14,,9,0,0,0,0,0,0,,2,1,2,1,2,1,7,,18,,4,2021-02-02,1,2021-02-02,2
N03,january_2021_arm_1,ento_form_1a_immediately_processed_summary,3,2021-01-07,,9,0,1,0,0,0,1,,0,0,0,0,1,0,1,,13,,3,2021-02-03,1,2021-02-03,2
N03,feburary_2021_arm_1,ento_form_1a_immediately_processed_summary,1,2021-02-04,,8,0,0,1,0,0,1,,1,1,0,0,2,0,3,,16,,3,2021-03-19,1,2021-03-19,2
N03,feburary_2021_arm_1,ento_form_1a_immediately_processed_summary,2,2021-02-25,,8,0,0,0,0,0,0,,0,0,0,0,1,0,1,,0,,3,2021-03-19,1,2021-03-19,2
N03,march_2021_arm_1,ento_form_1a_immediately_processed_summary,1,2021-03-04,,2,0,5,1,1,0,7,,7,0,3,0,5,0,8,,13,,3,2021-04-09,1,2021-04-09,2
N03,march_2021_arm_1,ento_form_1a_immediately_processed_summary,2,2021-03-25,,2,0,0,0,0,0,0,,0,0,0,0,1,0,1,,4,,5,2021-04-06,1,2021-04-06,2
N03,april_2021_arm_1,ento_form_1a_immediately_processed_summary,1,2021-04-08,,2,0,0,0,0,0,0,,0,1,0,0,0,0,1,,1,,3,2021-04-25,1,2021-04-25,2
N03,april_2021_arm_1,ento_form_1a_immediately_processed_summary,2,2021-04-29,,3,0,0,0,0,0,0,,0,0,2,0,1,0,3,,1,,5,2021-05-11,1,2021-05-11,2
N03,may_2021_arm_1,ento_form_1a_immediately_processed_summary,1,2021-05-06,,6,0,0,0,1,0,1,,1,0,0,0,1,0,1,,0,,5,2021-05-11,1,2021-05-11,2
N03,may_2021_arm_1,ento_form_1a_immediately_processed_summary,2,2021-05-27,,7,0,3,2,2,0,7,,1,1,0,0,4,0,5,,0,,5,2021-06-09,1,2021-06-09,2
N03,june_2021_arm_1,ento_form_1a_immediately_processed_summary,1,2021-06-03,,6,0,0,1,3,0,4,,5,2,0,1,1,0,4,,3,,5,2021-06-09,1,2021-06-09,2
N03,june_2021_arm_1,ento_form_1a_immediately_processed_summary,2,2021-06-24,,4,0,0,1,0,0,1,,1,2,1,0,3,0,6,,2,,4,2021-07-01,1,2021-07-01,2
N03,july_2021_arm_1,ento_form_1a_immediately_processed_summary,1,2021-07-08,,2,0,0,0,0,0,0,,0,0,0,0,3,0,3,,3,,6,2021-07-19,1,2021-07-19,2
N03,july_2021_arm_1,ento_form_1a_immediately_processed_summary,2,2021-07-01,,2,0,0,0,0,0,0,,1,3,0,0,0,0,3,,0,,6,2021-07-19,1,2021-07-19,2
N03,july_2021_arm_1,ento_form_1a_immediately_processed_summary,3,2021-07-29,,10,0,0,0,0,0,0,,1,3,1,0,1,0,5,,14,,6,2021-08-04,1,2021-08-04,2
N03,august_2021_arm_1,ento_form_1a_immediately_processed_summary,1,2021-08-05,,7,0,0,1,0,0,1,,0,0,1,0,1,0,2,,1,,6,2021-08-18,1,2021-08-18,2
N03,august_2021_arm_1,ento_form_1a_immediately_processed_summary,2,2021-08-26,,9,0,0,0,0,0,0,,0,0,0,0,1,0,1,,5,,6,2021-09-01,1,2021-09-01,2
N03,september_2021_arm_1,ento_form_1a_immediately_processed_summary,1,2021-09-02,,2,0,0,0,0,0,0,,0,1,0,1,1,0,3,,2,,3,2021-10-06,1,2021-10-06,2
N03,september_2021_arm_1,ento_form_1a_immediately_processed_summary,2,2021-09-09,,4,0,0,0,0,0,0,,0,1,0,1,4,0,6,,17,,3,2021-10-07,1,2021-10-07,2
N03,september_2021_arm_1,ento_form_1a_immediately_processed_summary,3,2021-09-30,,4,0,0,0,0,0,0,,0,1,0,0,1,0,2,,3,,3,2021-10-07,1,2021-10-07,2
N03,october_2021_arm_1,ento_form_1a_immediately_processed_summary,1,2021-10-07,,3,0,0,0,0,0,0,,0,6,0,1,9,0,16,,44,,3,2021-10-28,1,2021-10-28,2
N03,october_2021_arm_1,ento_form_1a_immediately_processed_summary,2,2021-10-28,,3,0,0,0,0,0,0,,0,8,0,1,9,0,18,,31,,3,2021-10-28,1,2021-10-28,2
N03,november_2021_arm_1,ento_form_1a_immediately_processed_summary,1,2021-11-25,,3,0,0,0,0,0,0,,0,37,17,17,43,6,120,,143,,3,2021-11-29,1,2021-11-29,2
N03,november_2021_arm_1,ento_form_1a_immediately_processed_summary,2,2021-11-04,,3,0,0,0,0,0,0,,0,16,0,0,20,0,36,,102,,3,2021-11-29,1,2021-11-29,2
N03,december_2021_arm_1,ento_form_1a_immediately_processed_summary,1,2021-12-02,,6,0,0,0,0,0,0,,0,28,2,2,27,0,59,,308,,3,2021-12-21,1,2021-12-21,2
N03,january_2022_arm_1,ento_form_1a_immediately_processed_summary,1,2022-01-27,,4,0,0,0,0,0,0,,0,0,3,1,4,0,8,,4,,3,2022-01-31,1,2022-01-31,2
N03,january_2022_arm_1,ento_form_1a_immediately_processed_summary,2,2022-01-06,,4,0,0,0,0,0,0,,1,2,0,0,4,0,6,,85,,3,2022-01-31,1,2022-01-31,2
N03,february_2022_arm_1,ento_form_1a_immediately_processed_summary,1,2022-02-03,,10,0,0,0,0,0,0,,0,0,1,2,3,0,6,,4,,3,2022-02-16,1,2022-02-16,2
N03,february_2022_arm_1,ento_form_1a_immediately_processed_summary,2,2022-02-24,,10,0,0,0,0,0,0,,0,0,0,0,2,0,2,,1,,3,2022-02-28,1,2022-02-28,2
N03,march_2022_arm_1,ento_form_1a_immediately_processed_summary,1,2022-03-24,,9,0,0,0,0,0,0,,0,0,1,0,0,0,1,,0,,3,2022-03-31,1,2022-03-31,2
N03,march_2022_arm_1,ento_form_1a_immediately_processed_summary,2,2022-03-03,,9,0,0,0,0,0,0,,0,0,0,0,0,0,0,,1,,3,2022-03-31,1,2022-03-31,2
N03,april_2022_arm_1,ento_form_1a_immediately_processed_summary,1,2022-04-25,,6,0,1,0,0,0,1,,1,0,0,0,0,0,0,,3,,3,2022-04-26,1,2022-04-26,2
N03,april_2022_arm_1,ento_form_1a_immediately_processed_summary,2,2022-04-13,,6,0,0,0,0,0,0,,0,0,0,0,0,0,0,,2,,3,2022-04-27,1,2022-04-27,2
N03,may_2022_arm_1,ento_form_1a_immediately_processed_summary,1,2022-05-26,,7,0,0,0,0,0,0,,2,3,0,2,3,0,8,,9,,3,2022-05-30,1,2022-05-30,2
N03,may_2022_arm_1,ento_form_1a_immediately_processed_summary,2,2022-05-05,,7,0,0,0,0,0,0,,0,0,1,0,0,0,1,,1,,3,2022-05-30,1,2022-05-30,2
N03,june_2022_arm_1,ento_form_1a_immediately_processed_summary,1,2022-06-30,,2,0,0,0,0,0,0,0,0,15,13,0,9,0,37,,22,,2,2022-07-04,1,2022-07-04,2
N03,june_2022_arm_1,ento_form_1a_immediately_processed_summary,2,2022-06-23,,2,0,0,0,0,0,0,0,0,14,44,3,9,0,70,0,21,,2,2022-07-05,1,2022-07-05,2
N03,june_2022_arm_1,ento_form_1a_immediately_processed_summary,3,2022-06-02,,2,0,0,0,0,0,0,0,0,1,7,1,4,0,13,0,4,,2,2022-07-05,1,2022-07-05,2
N03,july_2022_arm_1,ento_form_1a_immediately_processed_summary,1,2022-07-21,,3,1,0,1,0,0,2,,1,11,16,70,59,0,156,,199,,3,2022-07-21,1,2022-07-21,2
N03,july_2022_arm_1,ento_form_1a_immediately_processed_summary,2,2022-07-28,,3,0,0,0,1,0,1,,1,6,10,18,12,0,46,,0,,4,2022-08-03,1,2022-08-03,2
N03,august_2022_arm_1,ento_form_1a_immediately_processed_summary,1,2022-08-04,,8,0,0,0,0,0,0,,0,8,9,17,16,0,50,,69,,4,2022-08-16,1,2022-08-16,2
N03,august_2022_arm_1,ento_form_1a_immediately_processed_summary,2,2022-08-25,,9,0,0,0,0,0,0,,0,2,3,6,8,0,19,,22,,3,2022-09-01,1,2022-09-01,2
N03,september_2022_arm_1,ento_form_1a_immediately_processed_summary,1,2022-09-29,,10,0,0,0,0,0,0,,0,17,13,6,11,0,47,,80,,3,2022-10-12,1,2022-10-12,2
N03,september_2022_arm_1,ento_form_1a_immediately_processed_summary,2,2022-09-22,,4,0,0,0,0,0,0,,0,31,22,24,14,1,92,,101,,3,2022-10-12,1,2022-10-12,2
N03,september_2022_arm_1,ento_form_1a_immediately_processed_summary,3,2022-09-01,,4,0,0,0,0,0,0,,0,24,7,37,21,2,91,,68,,3,2022-10-12,1,2022-10-12,2
N03,october_2022_arm_1,ento_form_1a_immediately_processed_summary,1,2022-10-27,,2,0,0,0,0,0,0,,0,5,1,1,9,0,16,,79,,10,2022-10-27,1,2022-10-27,2
N03,november_2022_arm_1,ento_form_1a_immediately_processed_summary,1,2022-11-03,,3,0,1,0,0,0,1,,1,3,0,2,3,1,9,,28,,10,2022-11-03,1,2022-11-03,2
N03,november_2022_arm_1,ento_form_1a_immediately_processed_summary,2,2022-11-24,,6,0,1,0,0,0,1,,3,1,3,5,5,0,14,,15,,12,2022-11-24,1,2022-11-24,2
N03,december_2022_arm_1,ento_form_1a_immediately_processed_summary,1,2022-12-01,,8,0,0,0,0,0,0,,0,3,0,2,5,0,10,,19,,13,2022-12-01,1,2022-12-01,2
N03,december_2022_arm_1,ento_form_1a_immediately_processed_summary,2,2022-12-22,,7,1,0,0,0,0,1,,0,3,3,7,5,0,18,,14,,11,2022-12-22,1,2022-12-22,2
N04,january_2020_arm_1,ento_form_1a_immediately_processed_summary,1,2020-01-16,,3,0,0,0,0,0,0,,0,13,0,10,29,4,56,,205,,3,2020-04-09,1,2020-04-09,1
N04,january_2020_arm_1,ento_form_1a_immediately_processed_summary,2,2020-01-30,,3,0,0,0,0,0,0,,0,1,0,2,3,0,6,,11,,3,2020-04-09,1,2020-04-09,1
N04,february_2020_arm_1,ento_form_1a_immediately_processed_summary,1,2020-02-06,,9,0,0,0,0,0,0,,0,1,0,3,3,0,7,,14,,3,2020-04-23,1,2020-04-23,1
N04,february_2020_arm_1,ento_form_1a_immediately_processed_summary,2,2020-02-13,,9,0,0,0,0,0,0,,1,0,0,5,1,2,8,,17,,3,2020-04-23,1,2020-04-23,1
N04,february_2020_arm_1,ento_form_1a_immediately_processed_summary,3,2020-02-27,,9,0,0,0,0,0,0,,0,2,3,2,4,0,11,,13,,3,2020-04-23,1,2020-04-23,1
N04,march_2020_arm_1,ento_form_1a_immediately_processed_summary,1,2020-03-12,,7,0,0,0,0,0,0,,1,0,0,3,4,0,7,,13,,3,2020-04-29,1,2020-04-29,1
N04,march_2020_arm_1,ento_form_1a_immediately_processed_summary,2,2020-03-05,,7,0,0,0,0,0,0,,0,1,0,3,4,0,8,,9,,3,2020-04-29,1,2020-04-29,1
N04,june_2020_arm_1,ento_form_1a_immediately_processed_summary,1,2020-06-04,,6,0,0,0,0,0,0,,0,94,22,48,9,3,176,,221,,3,2020-06-05,1,2020-06-05,1
N04,june_2020_arm_1,ento_form_1a_immediately_processed_summary,2,2020-06-11,,6,0,0,0,0,0,0,,1,99,6,33,13,0,151,,260,,3,2020-06-16,1,2020-06-16,1
N04,june_2020_arm_1,ento_form_1a_immediately_processed_summary,3,2020-06-25,,6,0,0,0,0,0,0,,0,74,37,60,36,0,207,,334,,3,2020-06-26,1,2020-06-26,1
N04,july_2020_arm_1,ento_form_1a_immediately_processed_summary,1,2020-07-09,,8,0,0,1,0,0,1,,0,73,23,58,61,0,215,,806,,3,2020-07-09,1,2020-07-09,1
N04,july_2020_arm_1,ento_form_1a_immediately_processed_summary,2,2020-07-16,,8,0,0,0,0,0,0,,0,82,20,55,22,0,179,,155,,4,2020-07-28,1,2020-07-28,1
N04,july_2020_arm_1,ento_form_1a_immediately_processed_summary,3,2020-07-30,,8,0,0,0,0,0,0,,0,43,21,75,85,0,224,,300,,3,2020-07-31,1,2020-07-31,1
N04,august_2020_arm_1,ento_form_1a_immediately_processed_summary,1,2020-08-06,,9,0,0,0,0,0,0,,0,22,26,8,6,1,63,,175,,5,2020-08-20,1,2020-08-20,2
N04,august_2020_arm_1,ento_form_1a_immediately_processed_summary,2,2020-08-13,,9,1,0,0,2,0,3,,0,26,17,24,34,2,103,,172,,4,2020-08-20,1,2020-08-20,2
N04,august_2020_arm_1,ento_form_1a_immediately_processed_summary,3,2020-08-27,,9,0,0,0,0,0,0,,0,3,1,0,4,1,9,,48,,3,2020-08-27,1,2020-08-27,2
N04,september_2020_arm_1,ento_form_1a_immediately_processed_summary,1,2020-09-10,,4,0,0,0,0,0,0,,0,0,0,0,2,1,3,,8,,4,2020-09-16,1,2020-09-16,2
N04,september_2020_arm_1,ento_form_1a_immediately_processed_summary,2,2020-09-03,,4,0,0,0,0,0,0,,0,0,2,0,1,0,3,,30,,5,2020-09-16,1,2020-09-16,2
N04,october_2020_arm_1,ento_form_1a_immediately_processed_summary,1,2020-10-08,,6,0,0,0,0,0,0,,0,0,1,2,0,0,3,,0,,4,2020-10-08,1,2020-10-08,2
N04,october_2020_arm_1,ento_form_1a_immediately_processed_summary,2,2020-10-15,,2,0,0,0,0,0,0,,0,0,0,5,3,0,8,,3,,3,2020-10-15,1,2020-10-15,2
N04,october_2020_arm_1,ento_form_1a_immediately_processed_summary,3,2020-10-30,,6,0,0,0,0,0,0,,0,8,19,21,25,0,73,,56,,5,2020-10-30,1,2020-10-30,2
N04,november_2020_arm_1,ento_form_1a_immediately_processed_summary,1,2020-11-05,,8,0,0,0,0,0,0,,0,12,2,48,25,0,87,,139,,3,2020-11-05,1,2020-11-05,2
N04,november_2020_arm_1,ento_form_1a_immediately_processed_summary,2,2020-11-12,,8,0,1,0,0,0,1,,0,39,5,121,36,0,201,,138,,4,2020-11-18,1,2020-11-18,2
N04,november_2020_arm_1,ento_form_1a_immediately_processed_summary,3,2020-11-26,,8,0,0,0,0,0,0,,0,2,0,13,6,1,22,,32,,5,2020-11-30,1,2020-11-30,2
N04,december_2020_arm_1,ento_form_1a_immediately_processed_summary,1,2020-12-03,,7,0,0,0,0,0,0,,0,0,2,6,1,0,9,,26,,4,2020-12-03,1,2020-12-03,2
N04,december_2020_arm_1,ento_form_1a_immediately_processed_summary,2,2020-12-17,,7,0,0,0,0,0,0,,0,2,3,9,3,0,17,,34,,4,2020-12-17,1,2020-12-17,2
N04,january_2021_arm_1,ento_form_1a_immediately_processed_summary,1,2021-01-28,,2,0,0,0,0,0,0,,0,2,0,0,4,0,6,,7,,4,2021-02-02,1,2021-02-02,2
N04,january_2021_arm_1,ento_form_1a_immediately_processed_summary,2,2021-01-14,,2,0,0,0,0,0,0,,0,0,0,0,1,0,1,,9,,4,2021-02-02,1,2021-02-02,2
N04,january_2021_arm_1,ento_form_1a_immediately_processed_summary,3,2021-01-07,,9,0,0,1,0,0,1,,0,0,0,0,3,0,3,,14,,3,2021-02-03,1,2021-02-03,2
N04,feburary_2021_arm_1,ento_form_1a_immediately_processed_summary,1,2021-02-04,,7,0,1,1,0,0,2,,2,0,2,4,2,0,8,,13,,5,2021-03-05,1,2021-03-05,2
N04,feburary_2021_arm_1,ento_form_1a_immediately_processed_summary,2,2021-02-25,,7,0,0,0,0,0,0,,1,0,0,1,0,0,1,,2,,3,2021-03-19,1,2021-03-19,2
N04,march_2021_arm_1,ento_form_1a_immediately_processed_summary,1,2021-03-04,,3,0,0,0,0,0,0,,4,2,0,2,2,0,6,,5,,3,2021-04-09,1,2021-04-09,2
N04,march_2021_arm_1,ento_form_1a_immediately_processed_summary,2,2021-03-25,,2,0,1,0,0,0,1,,0,0,0,0,0,0,0,,1,,5,2021-04-06,1,2021-04-06,2
N04,april_2021_arm_1,ento_form_1a_immediately_processed_summary,1,2021-04-08,,2,0,0,0,0,0,0,,0,0,0,0,1,0,1,,1,,3,2021-04-25,1,2021-04-25,2
N04,april_2021_arm_1,ento_form_1a_immediately_processed_summary,2,2021-04-29,,10,0,1,0,0,0,1,,1,0,1,0,0,0,1,,1,,5,2021-05-11,1,2021-05-11,2
N04,may_2021_arm_1,ento_form_1a_immediately_processed_summary,1,2021-05-06,,6,0,0,0,0,0,0,,1,0,0,0,0,0,0,,0,,5,2021-05-11,1,2021-05-11,2
N04,may_2021_arm_1,ento_form_1a_immediately_processed_summary,2,2021-05-27,,6,0,2,0,0,0,2,,1,0,0,1,0,0,1,,0,,5,2021-06-09,1,2021-06-09,2
N04,june_2021_arm_1,ento_form_1a_immediately_processed_summary,1,2021-06-03,,4,1,6,1,2,0,10,,5,1,2,2,0,0,5,,1,,5,2021-06-09,1,2021-06-09,2
N04,june_2021_arm_1,ento_form_1a_immediately_processed_summary,2,2021-06-24,,9,0,0,0,1,0,1,,0,2,3,4,2,0,11,,3,,4,2021-07-01,1,2021-07-01,2
N04,july_2021_arm_1,ento_form_1a_immediately_processed_summary,1,2021-07-08,,2,0,0,0,0,0,0,,1,0,1,0,5,0,6,,11,,6,2021-07-19,1,2021-07-19,2
N04,july_2021_arm_1,ento_form_1a_immediately_processed_summary,2,2021-07-01,,2,0,0,0,0,0,0,,0,0,0,0,1,0,1,,1,,6,2021-07-19,1,2021-07-19,2
N04,july_2021_arm_1,ento_form_1a_immediately_processed_summary,3,2021-07-29,,10,0,0,0,0,0,0,,1,0,0,1,2,0,3,,5,,6,2021-08-04,1,2021-08-04,2
N04,august_2021_arm_1,ento_form_1a_immediately_processed_summary,1,2021-08-05,,7,0,0,0,0,0,0,,0,1,0,0,3,0,4,,6,,6,2021-08-18,1,2021-08-18,2
N04,august_2021_arm_1,ento_form_1a_immediately_processed_summary,2,2021-08-26,,7,0,0,0,0,0,0,,0,1,0,0,14,0,15,,14,,6,2021-09-01,1,2021-09-01,2
N04,september_2021_arm_1,ento_form_1a_immediately_processed_summary,1,2021-09-02,,2,0,0,0,0,0,0,,0,0,0,0,1,0,1,,12,,3,2021-10-06,1,2021-10-06,2
N04,september_2021_arm_1,ento_form_1a_immediately_processed_summary,2,2021-09-09,,4,0,0,0,0,0,0,,0,0,5,1,2,0,8,,3,,3,2021-10-07,1,2021-10-07,2
N04,september_2021_arm_1,ento_form_1a_immediately_processed_summary,3,2021-09-30,,4,0,0,0,0,0,0,,0,6,1,1,1,0,9,,14,,3,2021-10-07,1,2021-10-07,2
N04,october_2021_arm_1,ento_form_1a_immediately_processed_summary,1,2021-10-07,,3,0,0,0,0,0,0,,0,7,0,2,2,1,12,,16,,3,2021-10-28,1,2021-10-28,2
N04,october_2021_arm_1,ento_form_1a_immediately_processed_summary,2,2021-10-28,,3,0,0,0,0,0,0,,0,21,16,19,28,2,86,,101,,3,2021-10-28,1,2021-10-28,2
N04,november_2021_arm_1,ento_form_1a_immediately_processed_summary,1,2021-11-25,,2,0,0,0,0,0,0,,0,86,39,32,140,0,297,,750,,3,2021-11-29,1,2021-11-29,2
N04,november_2021_arm_1,ento_form_1a_immediately_processed_summary,2,2021-11-04,,2,0,0,0,0,0,0,,0,34,8,39,87,0,168,,228,,3,2021-11-29,1,2021-11-29,2
N04,december_2021_arm_1,ento_form_1a_immediately_processed_summary,1,2021-12-02,,6,0,0,0,0,0,0,,0,56,8,12,83,0,159,,654,,3,2021-12-21,1,2021-12-21,2
N04,january_2022_arm_1,ento_form_1a_immediately_processed_summary,1,2022-01-27,,9,0,0,0,0,0,0,,0,2,2,3,5,0,12,,5,,3,2022-01-31,1,2022-01-31,2
N04,january_2022_arm_1,ento_form_1a_immediately_processed_summary,2,2022-01-06,,9,1,0,0,0,0,1,,0,2,1,0,0,0,3,,51,,3,2022-01-31,1,2022-01-31,2
N04,february_2022_arm_1,ento_form_1a_immediately_processed_summary,1,2022-02-03,,4,0,0,0,0,0,0,,0,1,1,1,4,0,7,,3,,3,2022-02-16,1,2022-02-16,2
N04,february_2022_arm_1,ento_form_1a_immediately_processed_summary,2,2022-02-24,,4,0,0,0,0,0,0,,0,1,0,2,0,0,3,,6,,3,2022-02-28,1,2022-02-28,2
N04,march_2022_arm_1,ento_form_1a_immediately_processed_summary,1,2022-03-24,,10,0,0,0,0,0,0,,1,0,0,0,0,0,0,,3,,3,2022-03-31,1,2022-03-31,2
N04,march_2022_arm_1,ento_form_1a_immediately_processed_summary,2,2022-03-03,,10,0,0,0,0,0,0,,0,1,0,0,4,0,5,,4,,3,2022-03-31,1,2022-03-31,2
N04,april_2022_arm_1,ento_form_1a_immediately_processed_summary,1,2022-04-25,,7,0,0,0,0,0,0,,1,0,0,0,1,0,1,,1,,3,2022-04-26,1,2022-04-26,2
N04,april_2022_arm_1,ento_form_1a_immediately_processed_summary,2,2022-04-13,,7,0,0,0,0,0,0,,0,0,0,0,0,0,0,,3,,3,2022-04-27,1,2022-04-27,2
N04,may_2022_arm_1,ento_form_1a_immediately_processed_summary,1,2022-05-26,,2,1,1,0,0,0,2,,0,1,2,0,2,0,5,,2,,3,2022-05-30,1,2022-05-30,2
N04,may_2022_arm_1,ento_form_1a_immediately_processed_summary,2,2022-05-05,,2,0,0,0,0,0,0,,0,0,0,3,2,0,5,,1,,3,2022-05-30,1,2022-05-30,2
N04,june_2022_arm_1,ento_form_1a_immediately_processed_summary,1,2022-06-30,,8,0,0,0,1,0,1,0,1,9,5,18,40,3,75,0,62,,2,2022-07-04,1,2022-07-04,2
N04,june_2022_arm_1,ento_form_1a_immediately_processed_summary,2,2022-06-23,,8,0,0,0,0,0,0,0,0,22,1,25,23,02,73,0,76,,2,2022-07-05,1,2022-07-05,2
N04,june_2022_arm_1,ento_form_1a_immediately_processed_summary,3,2022-06-02,,8,0,1,0,0,0,1,0,0,0,0,0,1,0,1,0,0,,2,2022-07-05,1,2022-07-05,2
N04,july_2022_arm_1,ento_form_1a_immediately_processed_summary,1,2022-07-21,,6,0,0,0,1,0,1,,0,0,5,5,16,0,26,,10,,3,2022-07-21,1,2022-07-21,2
N04,july_2022_arm_1,ento_form_1a_immediately_processed_summary,2,2022-07-28,,6,0,0,0,0,0,0,,0,6,14,17,19,0,56,,57,,4,2022-08-03,1,2022-08-03,2
N04,august_2022_arm_1,ento_form_1a_immediately_processed_summary,1,2022-08-04,,8,0,0,0,0,0,0,,0,1,0,11,23,0,35,,49,,4,2022-08-16,1,2022-08-16,2
N04,august_2022_arm_1,ento_form_1a_immediately_processed_summary,2,2022-08-25,,9,0,0,0,0,0,0,,0,0,3,5,3,0,11,,5,,3,2022-09-01,1,2022-09-01,2
N04,september_2022_arm_1,ento_form_1a_immediately_processed_summary,1,2022-09-29,,10,0,0,0,0,0,0,,0,15,14,5,17,0,51,,73,,3,2022-10-11,1,2022-10-11,2
N04,september_2022_arm_1,ento_form_1a_immediately_processed_summary,2,2022-09-22,,4,0,0,0,0,0,0,,0,20,31,33,33,1,118,,67,,3,2022-10-12,1,2022-10-12,2
N04,september_2022_arm_1,ento_form_1a_immediately_processed_summary,3,2022-09-01,,4,0,0,0,0,0,0,,0,4,5,9,6,0,24,,15,,3,2022-10-12,1,2022-10-12,2
N04,october_2022_arm_1,ento_form_1a_immediately_processed_summary,1,2022-10-27,,2,0,0,0,0,0,0,,0,4,5,1,6,0,16,,46,,10,2022-10-27,1,2022-10-27,2
N04,november_2022_arm_1,ento_form_1a_immediately_processed_summary,1,2022-11-03,,3,0,0,0,0,0,0,,0,3,0,2,5,0,10,,16,,10,2022-11-03,1,2022-11-03,2
N04,november_2022_arm_1,ento_form_1a_immediately_processed_summary,2,2022-11-24,,3,0,0,0,0,0,0,,0,1,0,1,0,0,2,,4,,12,2022-11-24,1,2022-11-24,2
N04,december_2022_arm_1,ento_form_1a_immediately_processed_summary,1,2022-12-01,,8,0,0,0,0,0,0,,0,0,0,1,1,0,2,,9,,13,2022-12-01,1,2022-12-01,2
N04,december_2022_arm_1,ento_form_1a_immediately_processed_summary,2,2022-12-22,,8,0,0,0,0,0,0,,0,2,0,5,3,0,10,,4,,11,2022-12-22,1,2022-12-22,2
N05,january_2020_arm_1,ento_form_1a_immediately_processed_summary,1,2020-01-16,,9,0,0,0,0,0,0,,0,3,3,2,3,1,12,,20,,3,2020-04-09,1,2020-04-09,1
N05,january_2020_arm_1,ento_form_1a_immediately_processed_summary,2,2020-01-30,,9,0,0,0,0,0,0,,0,0,0,1,1,0,2,,9,,3,2020-04-09,1,2020-04-09,1
N05,february_2020_arm_1,ento_form_1a_immediately_processed_summary,1,2020-02-06,,5,0,0,0,0,0,0,,0,0,0,9,1,1,11,,27,,3,2020-04-23,1,2020-04-23,1
N05,february_2020_arm_1,ento_form_1a_immediately_processed_summary,2,2020-02-13,,5,0,0,0,0,0,0,,0,0,0,1,7,0,8,,25,,3,2020-04-23,1,2020-04-23,1
N05,february_2020_arm_1,ento_form_1a_immediately_processed_summary,3,2020-02-27,,5,0,0,0,0,0,0,,0,1,0,1,1,0,3,,7,,3,2020-04-24,1,2020-04-24,1
N05,march_2020_arm_1,ento_form_1a_immediately_processed_summary,1,2020-03-12,,6,0,0,0,0,0,0,,0,0,0,1,3,0,4,,6,,3,2020-04-29,1,2020-04-29,1
N05,march_2020_arm_1,ento_form_1a_immediately_processed_summary,2,2020-03-05,,6,0,0,0,0,0,0,,0,0,0,0,0,0,0,,0,,3,2020-04-29,1,2020-04-29,1
N05,june_2020_arm_1,ento_form_1a_immediately_processed_summary,1,2020-06-04,,4,0,0,1,0,0,1,,1,53,1,3,23,2,82,,144,,3,2020-06-05,1,2020-06-05,1
N05,june_2020_arm_1,ento_form_1a_immediately_processed_summary,2,2020-06-11,,4,0,0,0,0,0,0,,1,54,2,9,18,0,83,,149,,3,2020-06-16,1,2020-06-16,1
N05,june_2020_arm_1,ento_form_1a_immediately_processed_summary,3,2020-06-25,,4,0,0,0,0,0,0,,0,17,1,4,19,0,41,,89,,3,2020-06-29,1,2020-06-29,1
N05,july_2020_arm_1,ento_form_1a_immediately_processed_summary,1,2020-07-09,,7,0,0,0,0,0,0,,0,5,2,2,11,0,20,,49,,4,2020-07-28,1,2020-07-28,1
N05,july_2020_arm_1,ento_form_1a_immediately_processed_summary,2,2020-07-16,,7,0,0,0,0,0,0,,0,29,0,10,32,0,71,,282,,4,2020-07-28,1,2020-07-28,1
N05,july_2020_arm_1,ento_form_1a_immediately_processed_summary,3,2020-07-30,,7,0,0,0,0,0,0,,0,12,0,0,12,0,24,,76,,3,2020-08-04,1,2020-08-04,1
N05,august_2020_arm_1,ento_form_1a_immediately_processed_summary,1,2020-08-06,,3,0,0,0,0,0,0,,0,6,2,17,14,2,41,,62,,4,2020-08-20,1,2020-08-20,2
N05,august_2020_arm_1,ento_form_1a_immediately_processed_summary,2,2020-08-13,,3,0,0,0,0,0,0,,0,1,0,1,1,0,3,,7,,5,2020-08-20,1,2020-08-20,2
N05,august_2020_arm_1,ento_form_1a_immediately_processed_summary,3,2020-08-27,,3,0,0,0,0,0,0,,0,0,0,0,0,0,0,,4,,3,2020-08-27,1,2020-08-27,2
N05,september_2020_arm_1,ento_form_1a_immediately_processed_summary,1,2020-09-10,,8,0,0,0,0,0,0,,0,0,0,0,0,0,0,,6,,4,2020-09-16,1,2020-09-16,2
N05,september_2020_arm_1,ento_form_1a_immediately_processed_summary,2,2020-09-03,,8,0,0,0,0,0,0,,0,0,0,0,0,0,0,,7,,5,2020-09-16,1,2020-09-16,2
N05,september_2020_arm_1,ento_form_1a_immediately_processed_summary,3,2020-09-24,,8,0,0,0,0,0,0,,0,0,0,0,0,0,0,,1,,5,2020-09-24,1,2020-09-24,2
N05,october_2020_arm_1,ento_form_1a_immediately_processed_summary,1,2020-10-08,,7,0,0,0,0,0,0,,0,0,1,0,0,0,1,,0,,4,2020-10-08,1,2020-10-08,2
N05,october_2020_arm_1,ento_form_1a_immediately_processed_summary,2,2020-10-15,,7,0,0,0,0,0,0,,0,0,0,0,4,0,4,,5,,3,2020-10-15,1,2020-10-15,2
N05,october_2020_arm_1,ento_form_1a_immediately_processed_summary,3,2020-10-29,,7,0,0,0,0,0,0,,0,0,0,0,1,0,1,,2,,5,2020-10-30,1,2020-10-30,2
N05,november_2020_arm_1,ento_form_1a_immediately_processed_summary,1,2020-11-05,,5,0,0,0,0,0,0,,0,2,0,1,11,0,14,,27,,3,2020-11-05,1,2020-11-05,2
N05,november_2020_arm_1,ento_form_1a_immediately_processed_summary,2,2020-11-12,,5,0,0,0,0,0,0,,0,0,0,0,15,0,15,,19,,4,2020-11-18,1,2020-11-18,2
N05,november_2020_arm_1,ento_form_1a_immediately_processed_summary,3,2020-11-26,,5,0,0,0,0,0,0,,0,2,0,0,11,1,14,,35,,5,2020-11-30,1,2020-11-30,2
N05,december_2020_arm_1,ento_form_1a_immediately_processed_summary,1,2020-12-03,,3,0,0,0,0,0,0,,0,0,0,0,3,0,3,,10,,4,2020-12-03,1,2020-12-03,2
N05,december_2020_arm_1,ento_form_1a_immediately_processed_summary,2,2020-12-17,,3,0,0,0,0,0,0,,0,0,0,0,0,0,0,,10,,4,2020-12-17,1,2020-12-17,2
N05,january_2021_arm_1,ento_form_1a_immediately_processed_summary,1,2021-01-07,,4,0,0,0,0,0,0,,0,0,0,0,0,0,0,,1,,3,2021-01-07,1,2021-01-07,2
N05,january_2021_arm_1,ento_form_1a_immediately_processed_summary,2,2021-01-28,,4,0,0,0,0,0,0,,1,0,0,0,1,0,1,,3,,4,2021-02-02,1,2021-02-02,2
N05,january_2021_arm_1,ento_form_1a_immediately_processed_summary,3,2021-01-14,,4,0,0,0,0,0,0,,0,2,0,0,1,0,3,,4,,4,2021-02-02,1,2021-02-02,2
N05,feburary_2021_arm_1,ento_form_1a_immediately_processed_summary,1,2021-02-04,,6,0,0,0,0,0,0,,0,0,0,0,1,0,1,,1,,3,2021-03-19,1,2021-03-19,2
N05,feburary_2021_arm_1,ento_form_1a_immediately_processed_summary,2,2021-02-25,,6,0,0,0,0,0,0,,0,0,0,0,0,0,0,,0,,3,2021-03-19,1,2021-03-19,2
N05,march_2021_arm_1,ento_form_1a_immediately_processed_summary,1,2021-03-04,,8,0,0,0,0,0,0,,0,0,0,0,0,0,0,,0,,3,2021-04-09,1,2021-04-09,2
N05,march_2021_arm_1,ento_form_1a_immediately_processed_summary,2,2021-03-25,,8,0,0,0,0,0,0,,0,0,0,0,0,0,0,,1,,4,2021-04-01,1,2021-04-01,2
N05,april_2021_arm_1,ento_form_1a_immediately_processed_summary,1,2021-04-08,,9,0,0,0,0,0,0,,0,0,0,0,0,0,0,,0,,3,2021-04-25,1,2021-04-25,2
N05,april_2021_arm_1,ento_form_1a_immediately_processed_summary,2,2021-04-29,,9,0,0,0,0,0,0,,0,0,0,0,0,0,0,,0,,5,2021-05-11,1,2021-05-11,2
N05,may_2021_arm_1,ento_form_1a_immediately_processed_summary,1,2021-05-06,,3,0,0,0,0,0,0,,0,0,0,0,0000000,0,0,,0,,5,2021-05-11,1,2021-05-11,2
N05,may_2021_arm_1,ento_form_1a_immediately_processed_summary,2,2021-05-27,,3,0,0,0,0,0,0,,0,0,0,0,0,0,0,,0,,5,2021-06-09,1,2021-06-09,2
N05,june_2021_arm_1,ento_form_1a_immediately_processed_summary,1,2021-06-24,,2,0,0,0,0,0,0,,0,0,0,0,0,0,0,,0,,4,2021-07-01,1,2021-07-01,2
N05,july_2021_arm_1,ento_form_1a_immediately_processed_summary,1,2021-07-08,,10,0,0,0,0,0,0,,0,3,0,0,1,0,4,,0,,6,2021-07-19,1,2021-07-19,2
N05,july_2021_arm_1,ento_form_1a_immediately_processed_summary,2,2021-07-01,,6,0,0,0,0,0,0,,0,0,0,2,2,0,4,,0,,6,2021-07-19,1,2021-07-19,2
N05,july_2021_arm_1,ento_form_1a_immediately_processed_summary,3,2021-07-29,,6,0,0,0,0,0,0,,0,1,0,0,3,0,4,,3,,6,2021-08-04,1,2021-08-04,2
N05,august_2021_arm_1,ento_form_1a_immediately_processed_summary,1,2021-08-05,,6,0,0,0,0,0,0,,0,0,0,0,1,0,1,,3,,6,2021-08-18,1,2021-08-18,2
N05,august_2021_arm_1,ento_form_1a_immediately_processed_summary,2,2021-08-26,,6,0,0,0,0,0,0,,0,0,0,0,0,0,0,,0,,6,2021-09-01,1,2021-09-01,2
N05,september_2021_arm_1,ento_form_1a_immediately_processed_summary,1,2021-09-02,,7,0,0,0,0,0,0,,0,0,0,0,0,0,0,,1,,3,2021-10-06,1,2021-10-06,2
N05,september_2021_arm_1,ento_form_1a_immediately_processed_summary,2,2021-09-09,,7,0,0,0,0,0,0,,0,0,0,0,0,0,0,,4,,3,2021-10-07,1,2021-10-07,2
N05,september_2021_arm_1,ento_form_1a_immediately_processed_summary,3,2021-09-30,,7,0,0,0,0,0,0,,0,0,0,0,0,0,0,,6,,3,2021-10-07,1,2021-10-07,2
N05,october_2021_arm_1,ento_form_1a_immediately_processed_summary,1,2021-10-07,,9,0,0,0,0,0,0,,0,1,0,0,2,0,3,,8,,3,2021-10-28,1,2021-10-28,2
N05,october_2021_arm_1,ento_form_1a_immediately_processed_summary,2,2021-10-28,,9,0,0,0,0,0,0,,0,1,0,2,3,0,6,,10,,3,2021-10-28,1,2021-10-28,2
N05,november_2021_arm_1,ento_form_1a_immediately_processed_summary,1,2021-11-25,,10,0,0,0,0,0,0,,0,12,0,5,3,0,20,,34,,3,2021-11-29,1,2021-11-29,2
N05,november_2021_arm_1,ento_form_1a_immediately_processed_summary,2,2021-11-04,,10,0,0,0,0,0,0,,0,5,0,3,8,0,16,,25,,3,2021-11-29,1,2021-11-29,2
N05,december_2021_arm_1,ento_form_1a_immediately_processed_summary,1,2021-12-02,,3,0,0,0,0,0,0,,0,5,7,2,2,0,16,,20,,3,2021-12-21,1,2021-12-21,2
N05,january_2022_arm_1,ento_form_1a_immediately_processed_summary,1,2022-01-27,,2,0,0,0,0,0,0,,0,0,0,0,0,0,0,,1,,3,2022-01-31,1,2022-01-31,2
N05,january_2022_arm_1,ento_form_1a_immediately_processed_summary,2,2022-01-06,,2,0,0,0,0,0,0,,0,0,0,0,2,0,2,,12,,3,2022-01-31,1,2022-01-31,2
N05,february_2022_arm_1,ento_form_1a_immediately_processed_summary,1,2022-02-03,,6,0,0,0,0,0,0,,0,0,0,0,0,0,0,,1,,3,2022-02-16,1,2022-02-16,2
N05,february_2022_arm_1,ento_form_1a_immediately_processed_summary,2,2022-02-24,,6,0,0,0,0,0,0,,0,0,0,0,0,0,0,,0,,3,2022-02-28,1,2022-02-28,2
N05,march_2022_arm_1,ento_form_1a_immediately_processed_summary,1,2022-03-24,,8,0,0,0,0,0,0,,0,0,0,0,0,0,0,,3,,3,2022-03-31,1,2022-03-31,2
N05,march_2022_arm_1,ento_form_1a_immediately_processed_summary,2,2022-03-03,,8,0,0,0,0,0,0,,0,1,0,0,2,0,3,,2,,3,2022-03-31,1,2022-03-31,2
N05,april_2022_arm_1,ento_form_1a_immediately_processed_summary,1,2022-04-25,,10,0,0,0,0,0,0,,1,0,0,0,0,0,0,,1,,3,2022-04-26,1,2022-04-26,2
N05,may_2022_arm_1,ento_form_1a_immediately_processed_summary,1,2022-05-26,,4,0,0,0,0,0,0,,0,1,1,0,0,0,2,,0,,3,2022-05-30,1,2022-05-30,2
N05,may_2022_arm_1,ento_form_1a_immediately_processed_summary,2,2022-05-05,,5,0,0,0,0,0,0,,0,0,0,0,0,0,0,,0,,3,2022-05-30,1,2022-05-30,2
N05,june_2022_arm_1,ento_form_1a_immediately_processed_summary,1,2022-06-30,,3,0,0,0,0,0,0,0,1,2,0,0,4,1,7,0,5,,2,2022-07-04,1,2022-07-04,2
N05,june_2022_arm_1,ento_form_1a_immediately_processed_summary,2,2022-06-23,,3,0,0,0,0,0,0,0,0,2,0,4,5,0,11,0,6,,2,2022-07-05,1,2022-07-05,2
N05,june_2022_arm_1,ento_form_1a_immediately_processed_summary,3,2022-06-02,,3,0,0,0,0,0,0,0,0,1,0,0,3,0,4,0,1,,2,2022-07-05,1,2022-07-05,2
N05,july_2022_arm_1,ento_form_1a_immediately_processed_summary,1,2022-07-21,,2,0,0,0,0,0,0,,0,1,11,5,18,0,35,,17,,3,2022-07-21,1,2022-07-21,2
N05,july_2022_arm_1,ento_form_1a_immediately_processed_summary,2,2022-07-28,,5,0,0,0,0,0,0,,0,0,2,5,5,0,12,,11,,4,2022-08-03,1,2022-08-03,2
N05,august_2022_arm_1,ento_form_1a_immediately_processed_summary,1,2022-08-25,,6,0,0,0,0,0,0,,0,1,1,2,2,0,6,,8,,3,2022-09-01,1,2022-09-01,2
N05,august_2022_arm_1,ento_form_1a_immediately_processed_summary,2,2022-08-25,,6,0,0,0,0,0,0,,0,1,1,2,2,0,6,,8,,3,2022-09-01,1,2022-09-01,2
N05,september_2022_arm_1,ento_form_1a_immediately_processed_summary,1,2022-09-29,,7,0,0,0,0,0,0,,0,10,4,10,12,0,36,,64,,3,2022-10-11,1,2022-10-11,2
N05,september_2022_arm_1,ento_form_1a_immediately_processed_summary,2,2022-09-22,,2,0,0,0,0,0,0,,0,6,0,14,6,0,26,,46,,3,2022-10-12,1,2022-10-12,2
N05,september_2022_arm_1,ento_form_1a_immediately_processed_summary,3,2022-09-01,,8,0,0,0,0,0,0,,0,5,2,2,4,0,13,,8,,3,2022-10-12,1,2022-10-12,2
N05,october_2022_arm_1,ento_form_1a_immediately_processed_summary,1,2022-10-27,,5,0,0,0,0,0,0,,0,3,2,1,1,0,7,,10,,3,2022-10-27,1,2022-10-27,2
N05,november_2022_arm_1,ento_form_1a_immediately_processed_summary,1,2022-11-03,,6,0,0,0,0,0,0,,0,1,0,3,5,0,9,,14,,10,2022-11-03,1,2022-11-03,2
N05,november_2022_arm_1,ento_form_1a_immediately_processed_summary,2,2022-11-24,,8,0,0,0,0,0,0,,0,0,0,0,0,0,0,,0,,12,2022-11-24,1,2022-11-24,2
N05,december_2022_arm_1,ento_form_1a_immediately_processed_summary,1,2022-12-01,,3,0,0,0,0,0,0,,0,1,0,1,1,0,3,,2,,13,2022-12-01,1,2022-12-01,2
N05,december_2022_arm_1,ento_form_1a_immediately_processed_summary,2,2022-12-22,,3,0,0,0,0,0,0,,0,0,0,14,1,1,16,,7,,11,2022-12-22,1,2022-12-22,2
N06,january_2020_arm_1,ento_form_1a_immediately_processed_summary,1,2020-01-16,,8,0,0,0,0,0,0,,0,0,0,3,0,0,3,,5,,3,2020-04-09,1,2020-04-09,1
N06,january_2020_arm_1,ento_form_1a_immediately_processed_summary,2,2020-01-30,,8,0,0,0,0,0,0,,0,1,0,0,1,0,2,,0,,3,2020-04-09,1,2020-04-09,1
N06,february_2020_arm_1,ento_form_1a_immediately_processed_summary,1,2020-02-06,,3,0,0,0,0,0,0,,0,4,0,2,2,0,8,,17,,3,2020-04-20,1,2020-04-20,1
N06,february_2020_arm_1,ento_form_1a_immediately_processed_summary,2,2020-02-27,,3,0,0,0,0,0,0,,0,0,0,2,3,0,5,,2,,3,2020-04-23,1,2020-04-23,1
N06,march_2020_arm_1,ento_form_1a_immediately_processed_summary,1,2020-03-12,,3,0,0,0,0,0,0,,0,3,0,2,3,1,9,,6,,3,2020-04-29,1,2020-04-29,1
N06,march_2020_arm_1,ento_form_1a_immediately_processed_summary,2,2020-03-05,,3,0,0,0,0,0,0,,0,0,0,1,0,0,1,,0,,3,2020-04-29,1,2020-04-29,1
N06,june_2020_arm_1,ento_form_1a_immediately_processed_summary,1,2020-06-04,,8,0,0,0,0,0,0,,0,10,6,7,2,0,25,,14,,3,2020-06-05,1,2020-06-05,1
N06,june_2020_arm_1,ento_form_1a_immediately_processed_summary,2,2020-06-11,,8,0,0,0,0,0,0,,0,8,1,9,5,0,23,,19,,3,2020-06-16,1,2020-06-16,1
N06,june_2020_arm_1,ento_form_1a_immediately_processed_summary,3,2020-06-25,,8,0,0,0,0,0,0,,0,6,3,8,5,0,22,,7,,3,2020-06-26,1,2020-06-26,1
N06,july_2020_arm_1,ento_form_1a_immediately_processed_summary,1,2020-07-09,,2,0,0,0,0,0,0,,0,4,10,2,3,0,19,,1,,4,2020-07-28,1,2020-07-28,1
N06,july_2020_arm_1,ento_form_1a_immediately_processed_summary,2,2020-07-16,,9,0,0,0,0,0,0,,0,1,3,2,3,0,9,,2,,4,2020-07-28,1,2020-07-28,1
N06,july_2020_arm_1,ento_form_1a_immediately_processed_summary,3,2020-07-30,,9,0,0,0,0,0,0,,0,1,0,3,1,0,5,,2,,3,2020-08-04,1,2020-08-04,1
N06,august_2020_arm_1,ento_form_1a_immediately_processed_summary,1,2020-08-06,,2,0,0,0,0,0,0,,0,2,19,0,2,0,23,,0,,5,2020-08-20,1,2020-08-20,2
N06,august_2020_arm_1,ento_form_1a_immediately_processed_summary,2,2020-08-13,,2,0,0,0,0,0,0,,0,3,4,8,5,0,20,,0,,5,2020-08-20,1,2020-08-20,2
N06,august_2020_arm_1,ento_form_1a_immediately_processed_summary,3,2020-08-27,,7,0,0,0,0,0,0,,0,1,0,4,3,0,8,,6,,3,2020-08-27,1,2020-08-27,2
N06,september_2020_arm_1,ento_form_1a_immediately_processed_summary,1,2020-09-10,,2,0,0,0,0,0,0,,0,0,0,0,1,0,1,,1,,4,2020-09-16,1,2020-09-16,2
N06,september_2020_arm_1,ento_form_1a_immediately_processed_summary,2,2020-09-24,,6,0,0,0,0,0,0,,0,0,0,2,1,0,3,,2,,5,2020-09-24,1,2020-09-24,2
N06,october_2020_arm_1,ento_form_1a_immediately_processed_summary,1,2020-10-08,,4,0,0,0,0,0,0,,0,0,1,0,0,0,1,,0,,4,2020-10-08,1,2020-10-08,2
N06,october_2020_arm_1,ento_form_1a_immediately_processed_summary,2,2020-10-15,,4,0,0,0,0,0,0,,0,1,0,0,1,0,2,,2,,3,2020-10-15,1,2020-10-15,2
N06,november_2020_arm_1,ento_form_1a_immediately_processed_summary,1,2020-11-05,,2,0,0,0,0,0,0,,0,1,1,2,2,0,6,,0,,3,2020-11-05,1,2020-11-05,2
N06,november_2020_arm_1,ento_form_1a_immediately_processed_summary,2,2020-11-12,,9,0,0,0,0,0,0,,0,0,1,1,2,0,4,,3,,4,2020-11-18,1,2020-11-18,2
N06,november_2020_arm_1,ento_form_1a_immediately_processed_summary,3,2020-11-26,,9,0,0,0,0,0,0,,0,0,0,0,0,0,0,,0,,5,2020-11-30,1,2020-11-30,2
N06,december_2020_arm_1,ento_form_1a_immediately_processed_summary,1,2020-12-03,,5,0,0,0,0,0,0,,0,0,0,2,0,0,2,,0,,4,2020-12-03,1,2020-12-03,2
N06,december_2020_arm_1,ento_form_1a_immediately_processed_summary,2,2020-12-17,,5,0,0,0,0,0,0,,0,0,0,0,0,0,0,,1,,4,2020-12-17,1,2020-12-17,2
N06,january_2021_arm_1,ento_form_1a_immediately_processed_summary,1,2021-01-07,,8,0,0,0,0,0,0,,0,0,0,0,0,0,0,,1,,3,2021-01-07,1,2021-01-07,2
N06,january_2021_arm_1,ento_form_1a_immediately_processed_summary,2,2021-01-28,,8,0,0,0,0,0,0,,0,0,0,0,0,0,0,,0,,4,2021-02-02,1,2021-02-02,2
N06,january_2021_arm_1,ento_form_1a_immediately_processed_summary,3,2021-01-14,,8,0,0,0,0,0,0,,0,0,0,0,0,0,0,,0,,4,2021-02-02,1,2021-02-02,2
N06,feburary_2021_arm_1,ento_form_1a_immediately_processed_summary,1,2021-02-04,,3,0,0,0,0,0,0,,0,0,0,0,0,1,1,,1,,3,2021-03-19,1,2021-03-19,2
N06,feburary_2021_arm_1,ento_form_1a_immediately_processed_summary,2,2021-02-25,,3,0,0,0,0,0,0,,0,0,0,0,0,0,0,,2,,3,2021-03-19,1,2021-03-19,2
N06,march_2021_arm_1,ento_form_1a_immediately_processed_summary,1,2021-03-04,,4,0,0,0,0,0,0,,1,0,0,0,0,0,0,,0,,3,2021-04-09,1,2021-04-09,2
N06,march_2021_arm_1,ento_form_1a_immediately_processed_summary,2,2021-03-25,,4,0,0,0,0,0,0,,0,0,0,0,0,0,0,,0,,5,2021-04-06,1,2021-04-06,2
N06,april_2021_arm_1,ento_form_1a_immediately_processed_summary,1,2021-04-08,,2,0,0,0,0,0,0,,0,0,1,0,0,0,1,,0,,3,2021-04-25,1,2021-04-25,2
N06,may_2021_arm_1,ento_form_1a_immediately_processed_summary,1,2021-05-06,,5,0,0,0,0,0,0,,0,1,1,0,2,0,4,,0,,5,2021-05-11,1,2021-05-11,2
N06,may_2021_arm_1,ento_form_1a_immediately_processed_summary,2,2021-05-27,,2,0,0,0,0,0,0,,0,0,0,0,0,0,0,,0,,5,2021-06-09,1,2021-06-09,2
N06,june_2021_arm_1,ento_form_1a_immediately_processed_summary,1,2021-06-03,,6,0,0,0,0,0,0,,0,0,00,0,0,0,0,,0,,5,2021-06-09,1,2021-06-09,2
N06,june_2021_arm_1,ento_form_1a_immediately_processed_summary,2,2021-06-24,,6,0,0,0,0,0,0,,0,0,0,0,1,0,1,,0,,4,2021-07-01,1,2021-07-01,2
N06,july_2021_arm_1,ento_form_1a_immediately_processed_summary,1,2021-07-08,,9,0,0,0,0,0,0,,1,1,2,3,0,0,6,,3,,6,2021-07-19,1,2021-07-19,2
N06,july_2021_arm_1,ento_form_1a_immediately_processed_summary,2,2021-07-01,,9,0,0,0,0,0,0,,0,1,0,1,0,0,2,,1,,6,2021-07-19,1,2021-07-19,2
N06,july_2021_arm_1,ento_form_1a_immediately_processed_summary,3,2021-07-29,,9,0,0,0,0,0,0,,0,0,1,0,0,0,1,,0,,6,2021-08-04,1,2021-08-04,2
N06,august_2021_arm_1,ento_form_1a_immediately_processed_summary,1,2021-08-05,,6,0,0,0,0,0,0,,0,0,0,1,0,0,1,,1,,6,2021-08-18,1,2021-08-18,2
N06,august_2021_arm_1,ento_form_1a_immediately_processed_summary,2,2021-08-26,,10,0,0,0,0,0,0,,0,0,0,0,0,0,0,,0,,6,2021-09-01,1,2021-09-01,2
N06,september_2021_arm_1,ento_form_1a_immediately_processed_summary,1,2021-09-02,,3,0,0,0,0,0,0,,0,0,0,0,0,0,0,,0,,3,2021-10-06,1,2021-10-06,2
N06,september_2021_arm_1,ento_form_1a_immediately_processed_summary,2,2021-09-09,,3,0,0,0,0,0,0,,0,0,0,0,0,0,0,,0,,3,2021-10-07,1,2021-10-07,2
N06,september_2021_arm_1,ento_form_1a_immediately_processed_summary,3,2021-09-30,,3,0,0,0,0,0,0,,0,0,3,1,1,0,5,,1,,3,2021-10-07,1,2021-10-07,2
N06,october_2021_arm_1,ento_form_1a_immediately_processed_summary,1,2021-10-07,,4,0,0,0,0,0,0,,0,0,1,0,0,0,1,,2,,3,2021-10-28,1,2021-10-28,2
N06,january_2022_arm_1,ento_form_1a_immediately_processed_summary,1,2022-01-27,,6,0,0,0,0,0,0,,0,0,0,0,0,0,0,,0,,3,2022-01-31,1,2022-01-31,2
N06,february_2022_arm_1,ento_form_1a_immediately_processed_summary,1,2022-02-03,,9,0,0,0,0,0,0,,0,1,0,0,0,0,1,,2,,3,2022-02-16,1,2022-02-16,2
N06,february_2022_arm_1,ento_form_1a_immediately_processed_summary,2,2022-02-24,,9,0,0,0,0,0,0,,0,0,0,0,0,0,0,,0,,3,2022-02-28,1,2022-02-28,2
N06,march_2022_arm_1,ento_form_1a_immediately_processed_summary,1,2022-03-03,,4,0,0,0,0,0,0,,0,0,0,0,0,0,0,,2,,3,2022-03-31,1,2022-03-31,2
N06,april_2022_arm_1,ento_form_1a_immediately_processed_summary,1,2022-04-25,,8,0,0,0,0,0,0,,0,0,0,0,0,0,0,,0,,3,2022-04-26,1,2022-04-26,2
N06,april_2022_arm_1,ento_form_1a_immediately_processed_summary,2,2022-04-13,,8,0,0,0,0,0,0,,0,0,0,1,0,0,1,,0,,3,2022-04-27,1,2022-04-27,2
N06,may_2022_arm_1,ento_form_1a_immediately_processed_summary,1,2022-05-26,,10,0,0,0,0,0,0,,0,0,0,0,0,0,0,,0,,3,2022-05-30,1,2022-05-30,2
N06,may_2022_arm_1,ento_form_1a_immediately_processed_summary,2,2022-05-05,,9,0,0,0,0,0,0,,0,0,0,0,0,0,0,,0,,3,2022-05-30,1,2022-05-30,2
N06,june_2022_arm_1,ento_form_1a_immediately_processed_summary,1,2022-06-23,,6,0,0,0,0,0,0,0,0,0,0,0,0,0,0,0,0,,2,2022-07-05,1,2022-07-05,2
N06,june_2022_arm_1,ento_form_1a_immediately_processed_summary,2,2022-06-02,,6,0,0,0,0,0,0,0,0,0,0,0,0,0,0,0,0,,2,2022-07-05,1,2022-07-05,2
N06,october_2022_arm_1,ento_form_1a_immediately_processed_summary,1,2022-10-27,,6,0,0,0,0,0,0,,0,2,1,3,2,0,8,,2,,3,2022-10-27,1,2022-10-27,2
N06,november_2022_arm_1,ento_form_1a_immediately_processed_summary,1,2022-11-03,,7,0,0,0,0,0,0,,0,0,0,0,0,0,0,,5,,10,2022-11-03,1,2022-11-03,2
N06,november_2022_arm_1,ento_form_1a_immediately_processed_summary,2,2022-11-24,,2,0,0,0,0,0,0,,0,0,0,1,0,0,1,,1,,12,2022-11-24,1,2022-11-24,2
N06,december_2022_arm_1,ento_form_1a_immediately_processed_summary,1,2022-12-01,,2,0,0,0,0,0,0,,0,1,1,2,0,0,4,,3,,13,2022-12-01,1,2022-12-01,2
N06,december_2022_arm_1,ento_form_1a_immediately_processed_summary,2,2022-12-22,,4,0,0,0,0,0,0,,0,0,0,0,0,0,0,,0,,11,2022-12-22,1,2022-12-22,2
N06,december_2021_arm_1,ento_form_1a_immediately_processed_summary,1,,,,,,,,,,,,,,,,,,,,,,,,,0
N07,january_2020_arm_1,ento_form_1a_immediately_processed_summary,1,2020-01-16,,9,0,0,0,0,0,0,,0,3,9,3,6,2,23,,27,,3,2020-04-09,1,2020-04-09,1
N07,january_2020_arm_1,ento_form_1a_immediately_processed_summary,2,2020-01-30,,9,0,0,0,0,0,0,,0,0,5,4,4,1,14,,15,,3,2020-04-09,1,2020-04-09,1
N07,february_2020_arm_1,ento_form_1a_immediately_processed_summary,1,2020-02-06,,5,0,0,0,0,0,0,,0,2,0,17,2,1,22,,39,,3,2020-04-23,1,2020-04-23,1
N07,february_2020_arm_1,ento_form_1a_immediately_processed_summary,2,2020-02-27,,5,0,0,0,0,0,0,,0,0,0,9,9,0,18,,32,,3,2020-04-23,1,2020-04-23,1
N07,march_2020_arm_1,ento_form_1a_immediately_processed_summary,1,2020-03-12,,6,0,0,0,0,0,0,,0,1,0,4,8,0,13,,22,,3,2020-04-29,1,2020-04-29,1
N07,march_2020_arm_1,ento_form_1a_immediately_processed_summary,2,2020-03-05,,6,0,0,0,0,0,0,,0,0,0,1,1,0,2,,6,,3,2020-04-29,1,2020-04-29,1
N07,june_2020_arm_1,ento_form_1a_immediately_processed_summary,1,2020-06-04,,4,0,0,0,0,0,0,,1,72,99,134,77,0,382,,260,,3,2020-06-05,1,2020-06-05,1
N07,june_2020_arm_1,ento_form_1a_immediately_processed_summary,2,2020-06-11,,4,0,0,0,0,0,0,,1,95,59,162,100,7,423,,248,,3,2020-06-16,1,2020-06-16,1
N07,june_2020_arm_1,ento_form_1a_immediately_processed_summary,3,2020-06-25,,4,0,1,0,0,0,1,,0,81,84,100,114,2,381,,449,,3,2020-06-29,1,2020-06-29,1
N07,july_2020_arm_1,ento_form_1a_immediately_processed_summary,1,2020-07-09,,7,0,0,0,0,0,0,,0,43,57,165,92,0,357,,357,,5,2020-07-28,1,2020-07-28,1
N07,july_2020_arm_1,ento_form_1a_immediately_processed_summary,2,2020-07-16,,7,0,0,0,0,0,0,,1,48,125,99,68,0,340,,213,,4,2020-07-28,1,2020-07-28,1
N07,july_2020_arm_1,ento_form_1a_immediately_processed_summary,3,2020-07-30,,7,0,0,1,0,0,1,,1,26,39,113,50,0,228,,211,,3,2020-08-04,1,2020-08-04,1
N07,august_2020_arm_1,ento_form_1a_immediately_processed_summary,1,2020-08-06,,3,0,0,0,0,0,0,,0,13,4,49,26,3,95,,61,,4,2020-08-20,1,2020-08-20,2
N07,august_2020_arm_1,ento_form_1a_immediately_processed_summary,2,2020-08-13,,3,0,0,0,0,0,0,,0,3,0,18,3,1,25,,18,,5,2020-08-20,1,2020-08-20,2
N07,august_2020_arm_1,ento_form_1a_immediately_processed_summary,3,2020-08-27,,3,0,0,0,0,0,0,,0,1,0,4,2,0,7,,3,,3,2020-08-27,1,2020-08-27,2
N07,september_2020_arm_1,ento_form_1a_immediately_processed_summary,1,2020-09-10,,8,0,0,0,0,0,0,,0,1,0,0,2,0,3,,20,,4,2020-09-16,1,2020-09-16,2
N07,september_2020_arm_1,ento_form_1a_immediately_processed_summary,2,2020-09-03,,8,0,0,0,0,0,0,,0,0,0,0,0,0,0,,0,,5,2020-09-16,1,2020-09-16,2
N07,september_2020_arm_1,ento_form_1a_immediately_processed_summary,3,2020-09-24,,8,0,0,0,0,0,0,,0,0,0,0,1,0,1,,1,,5,2020-09-24,1,2020-09-24,2
N07,october_2020_arm_1,ento_form_1a_immediately_processed_summary,1,2020-10-08,,7,0,0,0,0,0,0,,0,0,1,0,0,0,1,,1,,4,2020-10-08,1,2020-10-08,2
N07,october_2020_arm_1,ento_form_1a_immediately_processed_summary,2,2020-10-15,,7,0,0,0,0,0,0,,0,2,3,5,1,0,11,,6,,3,2020-10-15,1,2020-10-15,2
N07,october_2020_arm_1,ento_form_1a_immediately_processed_summary,3,2020-10-29,,7,0,0,0,0,0,0,,0,3,13,15,22,0,53,,30,,4,2020-10-30,1,2020-10-30,2
N07,november_2020_arm_1,ento_form_1a_immediately_processed_summary,1,2020-11-05,,5,0,0,0,1,0,1,,0,3,26,39,22,0,90,,51,,3,2020-11-05,1,2020-11-05,2
N07,november_2020_arm_1,ento_form_1a_immediately_processed_summary,2,2020-11-12,,5,0,0,0,0,0,0,,0,5,42,44,46,1,138,,104,,4,2020-11-18,1,2020-11-18,2
N07,november_2020_arm_1,ento_form_1a_immediately_processed_summary,3,2020-11-26,,5,0,0,0,0,0,0,,0,0,12,19,27,0,58,,58,,5,2020-11-30,1,2020-11-30,2
N07,december_2020_arm_1,ento_form_1a_immediately_processed_summary,1,2020-12-03,,3,0,0,0,0,0,0,,0,4,0,11,4,0,19,,13,,4,2020-12-03,1,2020-12-03,2
N07,december_2020_arm_1,ento_form_1a_immediately_processed_summary,2,2020-12-17,,3,0,0,0,0,0,0,,0,0,0,1,0,0,1,,9,,4,2020-12-17,1,2020-12-17,2
N07,january_2021_arm_1,ento_form_1a_immediately_processed_summary,1,2021-01-07,,4,0,0,0,0,0,0,,1,0,0,1,6,1,8,,18,,3,2021-01-07,1,2021-01-07,2
N07,january_2021_arm_1,ento_form_1a_immediately_processed_summary,2,2021-01-28,,4,0,2,0,0,0,2,,0,0,1,2,2,1,6,,10,,4,2021-02-02,1,2021-02-02,2
N07,january_2021_arm_1,ento_form_1a_immediately_processed_summary,3,2021-01-14,,4,0,0,0,0,0,0,,0,0,0,3,2,1,6,,1,,4,2021-02-02,1,2021-02-02,2
N07,feburary_2021_arm_1,ento_form_1a_immediately_processed_summary,1,2021-02-04,,6,0,0,0,0,0,0,,0,0,0,2,1,0,3,,3,,3,2021-03-19,1,2021-03-19,2
N07,feburary_2021_arm_1,ento_form_1a_immediately_processed_summary,2,2021-02-25,,6,0,0,0,0,0,0,,1,0,1,0,1,0,2,,2,,3,2021-03-19,1,2021-03-19,2
N07,march_2021_arm_1,ento_form_1a_immediately_processed_summary,1,2021-03-04,,8,0,0,0,0,0,0,,0,1,0,0,0,0,1,,1,,3,2021-04-09,1,2021-04-09,2
N07,march_2021_arm_1,ento_form_1a_immediately_processed_summary,2,2021-03-25,,8,0,0,0,1,0,1,,0,0,0,0,1,0,1,,0,,4,2021-04-01,1,2021-04-01,2
N07,april_2021_arm_1,ento_form_1a_immediately_processed_summary,1,2021-04-08,,9,0,0,0,0,0,0,,0,0,0,0,0,0,0,,1,,3,2021-04-25,1,2021-04-25,2
N07,april_2021_arm_1,ento_form_1a_immediately_processed_summary,2,2021-04-29,,9,0,1,0,0,0,1,,0,0,0,0,1,0,1,,0,,5,2021-05-11,1,2021-05-11,2
N07,may_2021_arm_1,ento_form_1a_immediately_processed_summary,1,2021-05-06,,3,0,0,0,1,0,1,,0,0,0,1,0,0,1,,0,,5,2021-05-11,1,2021-05-11,2
N07,may_2021_arm_1,ento_form_1a_immediately_processed_summary,2,2021-05-27,,3,0,1,1,1,0,3,,1,1,0,4,2,0,7,,1,,5,2021-06-09,1,2021-06-09,2
N07,june_2021_arm_1,ento_form_1a_immediately_processed_summary,1,2021-06-03,,2,0,0,0,0,0,0,,7,0,1,0,1,0,2,,1,,5,2021-06-09,1,2021-06-09,2
N07,june_2021_arm_1,ento_form_1a_immediately_processed_summary,2,2021-06-24,,2,0,1,0,0,0,1,,2,0,1,2,3,0,6,,1,,4,2021-07-01,1,2021-07-01,2
N07,july_2021_arm_1,ento_form_1a_immediately_processed_summary,1,2021-07-08,,10,0,0,0,0,0,0,,1,2,3,7,7,0,19,,8,,6,2021-07-19,1,2021-07-19,2
N07,july_2021_arm_1,ento_form_1a_immediately_processed_summary,2,2021-07-01,,6,0,0,0,0,0,0,,0,0,4,2,4,0,10,,1,,6,2021-07-19,1,2021-07-19,2
N07,july_2021_arm_1,ento_form_1a_immediately_processed_summary,3,2021-07-29,,6,0,0,0,0,0,0,,0,2,2,3,3,0,10,,4,,6,2021-08-04,1,2021-08-04,2
N07,august_2021_arm_1,ento_form_1a_immediately_processed_summary,1,2021-08-05,,6,0,0,1,0,0,1,,0,0,0,4,5,0,9,,5,,6,2021-08-18,1,2021-08-18,2
N07,august_2021_arm_1,ento_form_1a_immediately_processed_summary,2,2021-08-26,,6,0,0,0,0,0,0,,0,4,0,5,4,1,14,,5,,6,2021-09-01,1,2021-09-01,2
N07,september_2021_arm_1,ento_form_1a_immediately_processed_summary,1,2021-09-02,,7,0,0,0,0,0,0,,1,0,1,1,5,0,7,,9,,3,2021-10-06,1,2021-10-06,2
N07,september_2021_arm_1,ento_form_1a_immediately_processed_summary,2,2021-09-09,,4,0,0,0,0,0,0,,0,1,9,12,1,0,23,,3,,3,2021-10-07,1,2021-10-07,2
N07,september_2021_arm_1,ento_form_1a_immediately_processed_summary,3,2021-09-30,,7,0,0,0,0,0,0,,0,2,8,4,7,0,21,,27,,3,2021-10-07,1,2021-10-07,2
N07,october_2021_arm_1,ento_form_1a_immediately_processed_summary,1,2021-10-07,,9,0,0,0,0,0,0,,0,0,6,0,4,0,10,,18,,3,2021-10-28,1,2021-10-28,2
N07,october_2021_arm_1,ento_form_1a_immediately_processed_summary,2,2021-10-28,,9,0,0,0,0,0,0,,0,4,41,19,11,0,75,,22,,3,2021-10-28,1,2021-10-28,2
N07,november_2021_arm_1,ento_form_1a_immediately_processed_summary,1,2021-11-25,,10,0,0,0,0,0,0,,0,16,10,309,39,4,378,,678,,3,2021-11-29,1,2021-11-29,2
N07,november_2021_arm_1,ento_form_1a_immediately_processed_summary,2,2021-11-04,,10,0,0,0,0,0,0,,0,33,54,112,87,0,286,,210,,3,2021-11-29,1,2021-11-29,2
N07,december_2021_arm_1,ento_form_1a_immediately_processed_summary,1,2021-12-02,,3,0,0,0,0,0,0,,0,15,57,39,77,0,188,,209,,3,2021-12-21,1,2021-12-21,2
N07,january_2022_arm_1,ento_form_1a_immediately_processed_summary,1,2022-01-27,,2,0,0,0,0,0,0,,0,0,0,0,0,0,0,,3,,3,2022-01-31,1,2022-01-31,2
N07,january_2022_arm_1,ento_form_1a_immediately_processed_summary,2,2022-01-06,,2,0,0,0,0,0,0,,0,5,1,1,1,0,8,,123,,3,2022-01-31,1,2022-01-31,2
N07,february_2022_arm_1,ento_form_1a_immediately_processed_summary,1,2022-02-03,,6,0,0,0,0,0,0,,0,2,2,4,0,0,8,,8,,3,2022-02-16,1,2022-02-16,2
N07,february_2022_arm_1,ento_form_1a_immediately_processed_summary,2,2022-02-24,,6,0,0,0,0,0,0,,0,0,0,2,4,0,6,,6,,3,2022-02-28,1,2022-02-28,2
N07,march_2022_arm_1,ento_form_1a_immediately_processed_summary,1,2022-03-24,,8,1,0,0,0,0,1,,0,0,0,0,0,0,0,,2,,3,2022-03-30,1,2022-03-30,2
N07,march_2022_arm_1,ento_form_1a_immediately_processed_summary,2,2022-03-03,,8,0,0,0,1,0,1,,0,0,0,0,1,0,1,,5,,3,2022-03-31,1,2022-03-31,2
N07,april_2022_arm_1,ento_form_1a_immediately_processed_summary,1,2022-04-25,,10,0,0,0,0,0,0,,0,1,1,1,0,0,3,,4,,3,2022-04-26,1,2022-04-26,2
N07,may_2022_arm_1,ento_form_1a_immediately_processed_summary,1,2022-05-26,,4,0,0,0,0,0,0,,1,0,3,0,5,0,8,,1,,3,2022-05-30,1,2022-05-30,2
N07,may_2022_arm_1,ento_form_1a_immediately_processed_summary,2,2022-05-05,,5,0,0,0,0,0,0,,0,0,1,0,2,0,3,,3,,3,2022-05-30,1,2022-05-30,2
N07,june_2022_arm_1,ento_form_1a_immediately_processed_summary,1,2022-06-30,,3,0,0,0,0,0,0,0,0,8,43,47,52,0,150,0,22,,2,2022-07-04,1,2022-07-04,2
N07,june_2022_arm_1,ento_form_1a_immediately_processed_summary,2,2022-06-23,,3,1,0,0,0,0,1,0,0,7,39,67,67,0,180,0,53,,2,2022-07-05,1,2022-07-05,2
N07,june_2022_arm_1,ento_form_1a_immediately_processed_summary,3,2022-06-02,,3,0,0,0,1,0,1,0,0,0,0,7,1,0,8,0,2,,2,2022-07-05,1,2022-07-05,2
N07,july_2022_arm_1,ento_form_1a_immediately_processed_summary,1,2022-07-21,,2,0,0,0,0,0,0,,1,13,70,65,85,0,233,,182,,3,2022-07-21,1,2022-07-21,2
N07,july_2022_arm_1,ento_form_1a_immediately_processed_summary,2,2022-07-28,,5,0,0,0,0,0,0,,0,5,29,45,37,0,116,,121,,4,2022-08-03,1,2022-08-03,2
N07,august_2022_arm_1,ento_form_1a_immediately_processed_summary,1,2022-08-04,,6,0,1,0,0,0,1,,0,20,57,63,54,0,194,,161,,4,2022-08-17,1,2022-08-17,2
N07,august_2022_arm_1,ento_form_1a_immediately_processed_summary,2,2022-08-25,,6,0,0,0,0,0,0,,0,4,6,14,18,3,45,,57,,3,2022-09-01,1,2022-09-01,2
N07,september_2022_arm_1,ento_form_1a_immediately_processed_summary,1,2022-09-29,,7,1,0,0,0,0,1,,0,48,94,97,60,0,299,,287,,3,2022-10-11,1,2022-10-11,2
N07,september_2022_arm_1,ento_form_1a_immediately_processed_summary,2,2022-09-22,,2,0,0,0,0,0,0,,0,20,8,67,23,2,120,,126,,3,2022-10-12,1,2022-10-12,2
N07,september_2022_arm_1,ento_form_1a_immediately_processed_summary,3,2022-09-01,,9,0,0,0,0,0,0,,0,3,22,24,3,0,52,,10,,3,2022-10-12,1,2022-10-12,2
N07,october_2022_arm_1,ento_form_1a_immediately_processed_summary,1,2022-10-27,,5,0,0,0,0,0,0,,0,5,17,18,12,0,52,,137,,3,2022-10-27,1,2022-10-27,2
N07,november_2022_arm_1,ento_form_1a_immediately_processed_summary,1,2022-11-03,,6,0,0,0,0,0,0,,0,0,7,7,17,0,31,,73,,10,2022-11-03,1,2022-11-03,2
N07,november_2022_arm_1,ento_form_1a_immediately_processed_summary,2,2022-11-24,,8,0,0,0,0,0,0,,0,2,0,5,1,0,8,,10,,12,2022-11-24,1,2022-11-24,2
N07,december_2022_arm_1,ento_form_1a_immediately_processed_summary,1,2022-12-01,,3,0,0,0,0,0,0,,0,1,0,9,2,0,12,,4,,13,2022-12-01,1,2022-12-01,2
N07,december_2022_arm_1,ento_form_1a_immediately_processed_summary,2,2022-12-22,,3,0,0,0,0,0,0,,1,2,0,13,8,0,23,,13,,11,2022-12-22,1,2022-12-22,2
N08,january_2020_arm_1,ento_form_1a_immediately_processed_summary,1,2020-01-16,,8,0,1,0,0,0,1,,1,18,1,14,20,0,53,,88,,3,2020-04-09,1,2020-04-09,1
N08,january_2020_arm_1,ento_form_1a_immediately_processed_summary,2,2020-01-30,,8,0,0,0,0,0,0,,0,2,0,2,4,0,8,,46,,3,2020-04-09,1,2020-04-09,1
N08,february_2020_arm_1,ento_form_1a_immediately_processed_summary,1,2020-02-06,,3,0,0,0,0,0,0,,0,2,0,1,1,0,4,,18,,3,2020-04-20,1,2020-04-20,1
N08,february_2020_arm_1,ento_form_1a_immediately_processed_summary,2,2020-02-13,,3,0,0,0,0,0,0,,2,2,0,3,4,0,9,,36,,3,2020-04-23,1,2020-04-23,1
N08,february_2020_arm_1,ento_form_1a_immediately_processed_summary,3,2020-02-27,,3,0,0,0,0,0,0,,0,1,0,1,1,0,3,,8,,3,2020-04-23,1,2020-04-23,1
N08,march_2020_arm_1,ento_form_1a_immediately_processed_summary,1,2020-03-12,,3,0,0,0,0,0,0,,0,2,0,2,2,0,6,,8,,3,2020-04-29,1,2020-04-29,1
N08,march_2020_arm_1,ento_form_1a_immediately_processed_summary,2,2020-03-05,,3,0,0,0,0,0,0,,0,0,0,0,0,0,0,,0,,3,2020-04-29,1,2020-04-29,1
N08,june_2020_arm_1,ento_form_1a_immediately_processed_summary,1,2020-06-04,,8,0,0,0,0,0,0,,0,75,3,23,11,0,112,,237,,3,2020-06-05,1,2020-06-05,1
N08,june_2020_arm_1,ento_form_1a_immediately_processed_summary,2,2020-06-11,,8,0,0,0,0,0,0,,0,96,9,49,30,2,186,,612,,3,2020-06-16,1,2020-06-16,1
N08,june_2020_arm_1,ento_form_1a_immediately_processed_summary,3,2020-06-25,,8,0,0,0,0,0,0,,1,46,9,29,51,3,138,,254,,3,2020-06-29,1,2020-06-29,1
N08,july_2020_arm_1,ento_form_1a_immediately_processed_summary,1,2020-07-09,,2,0,0,0,0,0,0,,0,116,42,20,64,0,242,,227,,5,2020-07-28,1,2020-07-28,1
N08,july_2020_arm_1,ento_form_1a_immediately_processed_summary,2,2020-07-16,,9,0,0,0,0,0,0,,0,12,2,16,13,0,43,,28,,4,2020-07-28,1,2020-07-28,1
N08,july_2020_arm_1,ento_form_1a_immediately_processed_summary,3,2020-07-30,,9,0,0,0,0,0,0,,0,14,0,4,20,1,39,,60,,3,2020-08-04,1,2020-08-04,1
N08,august_2020_arm_1,ento_form_1a_immediately_processed_summary,1,2020-08-06,,4,0,0,0,0,0,0,,0,21,19,22,32,0,94,,127,,5,2020-08-20,1,2020-08-20,2
N08,august_2020_arm_1,ento_form_1a_immediately_processed_summary,2,2020-08-13,,4,0,0,0,0,0,0,,0,8,29,28,12,0,77,,66,,5,2020-08-20,1,2020-08-20,2
N08,august_2020_arm_1,ento_form_1a_immediately_processed_summary,3,2020-08-27,,4,0,0,0,0,0,0,,0,4,1,1,16,0,22,,92,,3,2020-08-27,1,2020-08-27,2
N08,september_2020_arm_1,ento_form_1a_immediately_processed_summary,1,2020-09-03,,5,0,0,0,0,0,0,,0,0,1,1,0,0,2,,30,,5,2020-09-16,1,2020-09-16,2
N08,september_2020_arm_1,ento_form_1a_immediately_processed_summary,2,2020-09-10,,5,0,0,0,0,0,0,,0,0,0,0,0,0,0,,2,,4,2020-09-16,1,2020-09-16,2
N08,september_2020_arm_1,ento_form_1a_immediately_processed_summary,3,2020-09-24,,5,0,0,0,0,0,0,,0,0,0,0,0,0,0,,3,,5,2020-09-24,1,2020-09-24,2
N08,october_2020_arm_1,ento_form_1a_immediately_processed_summary,1,2020-10-08,,3,0,0,0,0,0,0,,0,2,0,4,1,0,7,,3,,4,2020-10-08,1,2020-10-08,2
N08,october_2020_arm_1,ento_form_1a_immediately_processed_summary,2,2020-10-15,,3,0,0,0,0,0,0,,0,1,0,3,3,0,7,,5,,3,2020-10-15,1,2020-10-15,2
N08,october_2020_arm_1,ento_form_1a_immediately_processed_summary,3,2020-10-29,,3,0,0,0,0,0,0,,0,3,0,7,3,0,13,,2,,5,2020-10-30,1,2020-10-30,2
N08,october_2020_arm_1,ento_form_1a_immediately_processed_summary,4,2020-10-30,,3,0,0,0,0,0,0,,0,3,2,4,0,0,9,,4,,5,2020-10-30,1,2020-10-30,2
N08,november_2020_arm_1,ento_form_1a_immediately_processed_summary,1,2020-11-05,,7,0,0,0,0,0,0,,1,18,14,57,65,0,154,,81,,3,2020-11-05,1,2020-11-05,2
N08,november_2020_arm_1,ento_form_1a_immediately_processed_summary,2,2020-11-12,,7,0,0,0,0,0,0,,0,38,38,44,52,0,172,,65,,4,2020-11-18,1,2020-11-18,2
N08,november_2020_arm_1,ento_form_1a_immediately_processed_summary,3,2020-11-26,,7,0,0,0,0,0,0,,0,2,1,15,1,0,19,,78,,5,2020-11-30,1,2020-11-30,2
N08,december_2020_arm_1,ento_form_1a_immediately_processed_summary,1,2020-12-03,,6,0,0,0,0,0,0,,0,3,1,1,4,0,9,,21,,4,2020-12-03,1,2020-12-03,2
N08,december_2020_arm_1,ento_form_1a_immediately_processed_summary,2,2020-12-17,,6,0,0,0,0,0,0,,0,1,0,8,2,0,11,,12,,4,2020-12-17,1,2020-12-17,2
N08,january_2021_arm_1,ento_form_1a_immediately_processed_summary,1,2021-01-07,,2,0,0,1,0,0,1,,1,0,1,0,2,0,3,,16,,3,2021-01-07,1,2021-01-07,2
N08,january_2021_arm_1,ento_form_1a_immediately_processed_summary,2,2021-01-28,,9,0,0,0,0,0,0,,1,0,1,1,1,0,3,,2,,4,2021-02-02,1,2021-02-02,2
N08,january_2021_arm_1,ento_form_1a_immediately_processed_summary,3,2021-01-14,,9,0,0,0,1,0,1,,0,0,0,0,2,0,2,,4,,4,2021-02-02,1,2021-02-02,2
N08,feburary_2021_arm_1,ento_form_1a_immediately_processed_summary,1,2021-02-04,,8,0,0,0,0,0,0,,0,0,0,0,1,0,1,,4,,3,2021-03-19,1,2021-03-19,2
N08,feburary_2021_arm_1,ento_form_1a_immediately_processed_summary,2,2021-02-25,,8,0,2,0,0,0,2,,0,1,0,2,0,0,3,,0,,3,2021-03-19,1,2021-03-19,2
N08,march_2021_arm_1,ento_form_1a_immediately_processed_summary,1,2021-03-04,,2,0,1,0,0,0,1,,0,0,1,1,0,0,2,,4,,3,2021-04-09,1,2021-04-09,2
N08,march_2021_arm_1,ento_form_1a_immediately_processed_summary,2,2021-03-25,,8,0,0,0,0,0,0,,0,0,0,0,0,0,0,,0,,4,2021-04-01,1,2021-04-01,2
N08,april_2021_arm_1,ento_form_1a_immediately_processed_summary,1,2021-04-08,,9,0,0,0,1,0,1,,0,0,0,0,1,0,1,,0,,3,2021-04-25,1,2021-04-25,2
N08,april_2021_arm_1,ento_form_1a_immediately_processed_summary,2,2021-04-29,,3,0,0,0,0,0,0,,0,0,0,0,0,0,0,,0,,5,2021-05-11,1,2021-05-11,2
N08,may_2021_arm_1,ento_form_1a_immediately_processed_summary,1,2021-05-06,,3,0,0,0,0,0,0,,0,1,1,0,0,0,2,,1,,5,2021-05-11,1,2021-05-11,2
N08,may_2021_arm_1,ento_form_1a_immediately_processed_summary,2,2021-05-27,,7,0,0,0,0,0,0,,3,0,0,1,1,0,2,,5,,5,2021-06-09,1,2021-06-09,2
N08,june_2021_arm_1,ento_form_1a_immediately_processed_summary,1,2021-06-03,,2,2,1,0,0,0,3,,5,2,0,3,8,0,13,,1,,5,2021-06-09,1,2021-06-09,2
N08,june_2021_arm_1,ento_form_1a_immediately_processed_summary,2,2021-06-24,,4,0,3,4,2,0,9,,8,4,5,4,0,0,13,,6,,4,2021-07-01,1,2021-07-01,2
N08,july_2021_arm_1,ento_form_1a_immediately_processed_summary,1,2021-07-08,,10,0,1,0,1,0,2,,9,2,5,6,14,0,27,,7,,6,2021-07-19,1,2021-07-19,2
N08,july_2021_arm_1,ento_form_1a_immediately_processed_summary,2,2021-07-01,,6,0,3,1,0,0,4,,3,1,3,4,5,0,13,,2,,6,2021-07-19,1,2021-07-19,2
N08,july_2021_arm_1,ento_form_1a_immediately_processed_summary,3,2021-07-29,,6,1,0,0,2,0,3,,4,2,5,9,8,0,24,,9,,6,2021-08-04,1,2021-08-04,2
N08,august_2021_arm_1,ento_form_1a_immediately_processed_summary,1,2021-08-05,,6,0,1,0,0,0,1,,2,2,0,2,4,0,8,,12,,6,2021-08-18,1,2021-08-18,2
N08,august_2021_arm_1,ento_form_1a_immediately_processed_summary,2,2021-08-26,,9,0,0,0,0,0,0,,0,0,0,1,1,0,2,,0,,6,2021-09-01,1,2021-09-01,2
N08,september_2021_arm_1,ento_form_1a_immediately_processed_summary,1,2021-09-02,,7,0,0,0,0,0,0,,0,1,0,0,3,0,4,,4,,3,2021-10-06,1,2021-10-06,2
N08,september_2021_arm_1,ento_form_1a_immediately_processed_summary,2,2021-09-09,,7,0,0,0,1,0,1,,0,16,2,16,4,0,38,,42,,3,2021-10-07,1,2021-10-07,2
N08,september_2021_arm_1,ento_form_1a_immediately_processed_summary,3,2021-09-30,,7,1,0,0,0,0,1,,0,18,10,13,11,1,53,,82,,3,2021-10-07,1,2021-10-07,2
N08,october_2021_arm_1,ento_form_1a_immediately_processed_summary,1,2021-10-07,,9,0,0,0,0,0,0,,0,16,10,2,9,0,37,,16,,3,2021-10-28,1,2021-10-28,2
N08,october_2021_arm_1,ento_form_1a_immediately_processed_summary,2,2021-10-28,,9,0,0,0,0,0,0,,0,60,40,30,36,0,166,,135,,3,2021-10-28,1,2021-10-28,2
N08,november_2021_arm_1,ento_form_1a_immediately_processed_summary,1,2021-11-25,,3,0,0,0,0,0,0,,0,106,75,23,87,1,292,,400,,3,2021-11-29,1,2021-11-29,2
N08,november_2021_arm_1,ento_form_1a_immediately_processed_summary,2,2021-11-04,,3,0,0,0,0,0,0,,0,39,31,13,32,0,115,,128,,3,2021-11-29,1,2021-11-29,2
N08,december_2021_arm_1,ento_form_1a_immediately_processed_summary,1,2021-12-02,,2,0,0,0,0,0,0,,0,32,123,6,38,0,199,,194,,3,2021-12-21,1,2021-12-21,2
N08,january_2022_arm_1,ento_form_1a_immediately_processed_summary,1,2022-01-27,,4,0,0,0,0,0,0,,0,0,1,0,2,0,3,,4,,3,2022-01-31,1,2022-01-31,2
N08,january_2022_arm_1,ento_form_1a_immediately_processed_summary,2,2022-01-06,,4,0,0,0,0,0,0,,1,2,0,0,3,0,5,,30,,3,2022-01-31,1,2022-01-31,2
N08,february_2022_arm_1,ento_form_1a_immediately_processed_summary,1,2022-02-03,,10,0,0,0,0,0,0,,0,0,0,1,1,0,2,,1,,3,2022-02-16,1,2022-02-16,2
N08,february_2022_arm_1,ento_form_1a_immediately_processed_summary,2,2022-02-24,,10,0,0,0,0,0,0,,0,0,0,1,0,0,1,,3,,3,2022-02-28,1,2022-02-28,2
N08,march_2022_arm_1,ento_form_1a_immediately_processed_summary,1,2022-04-25,,6,0,0,0,0,0,0,,0,0,0,0,0,0,0,,0,,3,2022-04-26,1,2022-04-26,2
N08,april_2022_arm_1,ento_form_1a_immediately_processed_summary,1,2022-04-25,,6,0,0,0,0,0,0,,0,0,0,0,0,0,0,,0,,3,2022-04-27,1,2022-04-27,2
N08,april_2022_arm_1,ento_form_1a_immediately_processed_summary,2,2022-04-13,,6,0,0,0,0,0,0,,0,0,0,0,0,0,0,,0,,3,2022-04-27,1,2022-04-27,2
N08,may_2022_arm_1,ento_form_1a_immediately_processed_summary,1,2022-05-26,,7,1,1,0,0,0,2,,0,1,5,1,3,0,10,,2,,3,2022-05-30,1,2022-05-30,2
N08,may_2022_arm_1,ento_form_1a_immediately_processed_summary,2,2022-05-05,,7,0,0,0,0,0,0,,0,0,1,0,2,0,3,,3,,3,2022-05-30,1,2022-05-30,2
N08,june_2022_arm_1,ento_form_1a_immediately_processed_summary,1,2022-06-30,,2,0,0,0,0,0,0,0,1,18,6,5,8,0,37,0,41,,2,2022-07-04,1,2022-07-04,2
N08,june_2022_arm_1,ento_form_1a_immediately_processed_summary,2,2022-06-23,,2,0,0,0,0,0,0,0,1,42,13,20,17,0,92,0,31,,2,2022-07-05,1,2022-07-05,2
N08,june_2022_arm_1,ento_form_1a_immediately_processed_summary,3,2022-06-02,,2,0,0,0,0,0,0,0,0,8,8,3,9,0,28,0,8,,2,2022-07-05,1,2022-07-05,2
N08,july_2022_arm_1,ento_form_1a_immediately_processed_summary,1,2022-07-21,,3,1,0,0,0,0,1,,0,12,0,15,16,0,43,,86,,3,2022-07-21,1,2022-07-21,2
N08,july_2022_arm_1,ento_form_1a_immediately_processed_summary,2,2022-07-28,,5,0,0,0,0,0,0,,0,22,0,3,13,0,38,,90,,4,2022-08-03,1,2022-08-03,2
N08,august_2022_arm_1,ento_form_1a_immediately_processed_summary,1,2022-08-04,,4,0,0,0,0,0,0,,0,38,0,6,41,1,86,,99,,4,2022-08-17,1,2022-08-17,2
N08,august_2022_arm_1,ento_form_1a_immediately_processed_summary,2,2022-08-25,,6,0,0,0,0,0,0,,0,8,4,3,6,0,21,,44,,3,2022-09-01,1,2022-09-01,2
N08,september_2022_arm_1,ento_form_1a_immediately_processed_summary,1,2022-09-22,,2,0,0,0,0,0,0,,0,16,0,8,4,0,28,,47,,3,2022-10-12,1,2022-10-12,2
N08,september_2022_arm_1,ento_form_1a_immediately_processed_summary,2,2022-09-01,,9,0,0,0,0,0,0,,1,74,3,6,38,1,122,,296,,3,2022-10-12,1,2022-10-12,2
N08,october_2022_arm_1,ento_form_1a_immediately_processed_summary,1,2022-10-27,,6,0,0,0,0,0,0,,1,11,3,6,7,0,27,,101,,3,2022-10-27,1,2022-10-27,2
N08,november_2022_arm_1,ento_form_1a_immediately_processed_summary,1,2022-11-03,,6,0,0,0,0,0,0,,0,2,1,0,8,0,11,,43,,10,2022-11-03,1,2022-11-03,2
N08,november_2022_arm_1,ento_form_1a_immediately_processed_summary,2,2022-11-24,,6,0,0,0,0,0,0,,1,0,1,0,3,0,4,,7,,12,2022-11-24,1,2022-11-24,2
N08,december_2022_arm_1,ento_form_1a_immediately_processed_summary,1,2022-12-01,,3,0,0,0,0,0,0,,0,5,0,9,4,2,20,,18,,13,2022-12-01,1,2022-12-01,2
N08,december_2022_arm_1,ento_form_1a_immediately_processed_summary,2,2022-12-22,,7,0,0,0,0,0,0,,0,5,0,2,7,0,14,,27,,11,2022-12-22,1,2022-12-22,2
N09,january_2020_arm_1,ento_form_1a_immediately_processed_summary,1,2020-01-16,,6,0,0,0,0,0,0,,0,5,3,82,24,0,114,,9,,3,2020-04-09,1,2020-04-09,1
N09,january_2020_arm_1,ento_form_1a_immediately_processed_summary,2,2020-01-30,,6,0,0,0,0,0,0,,0,1,2,19,3,0,25,,4,,3,2020-04-09,1,2020-04-09,1
N09,february_2020_arm_1,ento_form_1a_immediately_processed_summary,1,2020-02-06,,7,0,0,0,0,0,0,,0,1,7,18,7,0,33,,33,,3,2020-04-23,1,2020-04-23,1
N09,february_2020_arm_1,ento_form_1a_immediately_processed_summary,2,2020-02-13,,7,0,0,1,0,0,1,,0,1,1,7,5,0,14,,9,,3,2020-04-23,1,2020-04-23,1
N09,february_2020_arm_1,ento_form_1a_immediately_processed_summary,3,2020-02-27,,7,0,0,0,0,0,0,,0,2,1,6,3,0,12,,17,,3,2020-04-24,1,2020-04-24,1
N09,march_2020_arm_1,ento_form_1a_immediately_processed_summary,1,2020-03-12,,4,0,0,0,0,0,0,,0,0,8,8,5,0,21,,13,,3,2020-04-29,1,2020-04-29,1
N09,march_2020_arm_1,ento_form_1a_immediately_processed_summary,2,2020-03-05,,4,0,0,0,0,0,0,,0,1,0,2,5,0,8,,7,,3,2020-04-29,1,2020-04-29,1
N09,june_2020_arm_1,ento_form_1a_immediately_processed_summary,1,2020-06-04,,3,0,2,0,0,0,2,,0,16,2,60,13,7,98,,70,,3,2020-06-05,1,2020-06-05,1
N09,june_2020_arm_1,ento_form_1a_immediately_processed_summary,2,2020-06-11,,3,0,0,0,0,0,0,,0,18,3,107,23,3,154,,127,,3,2020-06-16,1,2020-06-16,1
N09,june_2020_arm_1,ento_form_1a_immediately_processed_summary,3,2020-06-25,,3,0,0,0,0,0,0,,0,17,4,38,10,0,69,,47,,3,2020-06-29,1,2020-06-29,1
N09,july_2020_arm_1,ento_form_1a_immediately_processed_summary,1,2020-07-09,,5,0,0,0,0,0,0,,0,28,43,215,64,0,350,,97,,3,2020-07-09,1,2020-07-09,1
N09,july_2020_arm_1,ento_form_1a_immediately_processed_summary,2,2020-07-16,,5,0,0,0,0,0,0,,0,21,34,39,17,0,111,,35,,4,2020-07-28,1,2020-07-28,1
N09,july_2020_arm_1,ento_form_1a_immediately_processed_summary,3,2020-07-30,,5,0,0,0,0,0,0,,1,25,31,44,30,0,130,,57,,3,2020-07-31,1,2020-07-31,1
N09,august_2020_arm_1,ento_form_1a_immediately_processed_summary,1,2020-08-06,,8,0,0,0,0,0,0,,0,9,15,20,4,1,49,,28,,4,2020-08-20,1,2020-08-20,2
N09,august_2020_arm_1,ento_form_1a_immediately_processed_summary,2,2020-08-13,,8,0,0,0,0,0,0,,0,3,3,8,0,0,14,,14,,4,2020-08-20,1,2020-08-20,2
N09,august_2020_arm_1,ento_form_1a_immediately_processed_summary,3,2020-08-27,,8,0,0,0,0,0,0,,1,1,2,0,6,0,9,,18,,3,2020-08-27,1,2020-08-27,2
N09,september_2020_arm_1,ento_form_1a_immediately_processed_summary,1,2020-09-10,,7,0,0,0,0,0,0,,0,2,0,1,1,0,4,,8,,4,2020-09-16,1,2020-09-16,2
N09,september_2020_arm_1,ento_form_1a_immediately_processed_summary,2,2020-09-03,,7,0,1,0,0,0,1,,0,0,1,0,2,0,3,,3,,5,2020-09-16,1,2020-09-16,2
N09,september_2020_arm_1,ento_form_1a_immediately_processed_summary,3,2020-09-24,,7,0,0,0,0,0,0,,0,0,2,1,1,0,4,,8,,5,2020-09-24,1,2020-09-24,2
N09,october_2020_arm_1,ento_form_1a_immediately_processed_summary,1,2020-10-08,,9,0,0,0,0,0,0,,0,0,0,2,0,0,2,,6,,4,2020-10-08,1,2020-10-08,2
N09,october_2020_arm_1,ento_form_1a_immediately_processed_summary,2,2020-10-15,,9,0,0,0,0,0,0,,0,1,0,0,1,0,2,,1,,3,2020-10-15,1,2020-10-15,2
N09,october_2020_arm_1,ento_form_1a_immediately_processed_summary,3,2020-10-29,,9,0,0,0,0,0,0,,0,0,4,1,2,1,8,,4,,5,2020-10-30,1,2020-10-30,2
N09,november_2020_arm_1,ento_form_1a_immediately_processed_summary,1,2020-11-05,,6,0,1,0,0,0,1,,0,0,5,8,5,0,18,,7,,3,2020-11-05,1,2020-11-05,2
N09,november_2020_arm_1,ento_form_1a_immediately_processed_summary,2,2020-11-12,,6,0,0,0,1,0,1,,0,4,1,9,5,0,19,,8,,4,2020-11-18,1,2020-11-18,2
N09,november_2020_arm_1,ento_form_1a_immediately_processed_summary,3,2020-11-26,,6,0,0,0,0,0,0,,2,2,0,6,2,0,10,,5,,5,2020-11-30,1,2020-11-30,2
N09,december_2020_arm_1,ento_form_1a_immediately_processed_summary,1,2020-12-03,,4,0,0,0,0,0,0,,0,1,2,3,2,1,9,,11,,4,2020-12-03,1,2020-12-03,2
N09,december_2020_arm_1,ento_form_1a_immediately_processed_summary,2,2020-12-17,,4,0,0,0,0,0,0,,0,0,0,3,1,0,4,,5,,4,2020-12-17,1,2020-12-17,2
N09,january_2021_arm_1,ento_form_1a_immediately_processed_summary,1,2021-01-07,,3,0,0,0,0,0,0,,0,3,1,1,2,0,7,,6,,3,2021-01-07,1,2021-01-07,2
N09,january_2021_arm_1,ento_form_1a_immediately_processed_summary,2,2021-01-28,,3,0,0,0,0,0,0,,0,1,0,1,1,0,3,,3,,4,2021-02-02,1,2021-02-02,2
N09,january_2021_arm_1,ento_form_1a_immediately_processed_summary,3,2021-01-14,,3,0,0,0,0,0,0,,0,1,0,4,2,0,7,,9,,4,2021-02-02,1,2021-02-02,2
N09,feburary_2021_arm_1,ento_form_1a_immediately_processed_summary,1,2021-02-04,,9,0,0,0,0,0,0,,0,0,2,2,3,0,7,,5,,5,2021-03-05,1,2021-03-05,2
N09,feburary_2021_arm_1,ento_form_1a_immediately_processed_summary,2,2021-02-25,,9,0,0,0,0,0,0,,0,1,2,3,4,0,10,,5,,3,2021-03-19,1,2021-03-19,2
N09,march_2021_arm_1,ento_form_1a_immediately_processed_summary,1,2021-03-04,,7,0,0,0,0,0,0,,0,0,0,2,2,0,4,,5,,3,2021-04-09,1,2021-04-09,2
N09,march_2021_arm_1,ento_form_1a_immediately_processed_summary,2,2021-03-25,,7,0,0,0,1,0,1,,0,0,0,0,0,0,0,,1,,5,2021-04-06,1,2021-04-06,2
N09,april_2021_arm_1,ento_form_1a_immediately_processed_summary,1,2021-04-08,,6,0,0,0,0,0,0,,0,0,0,0,0,0,0,,0,,3,2021-04-25,1,2021-04-25,2
N09,april_2021_arm_1,ento_form_1a_immediately_processed_summary,2,2021-04-29,,6,0,0,0,0,0,0,,0,0,0,0,0,0,0,,1,,5,2021-05-11,1,2021-05-11,2
N09,may_2021_arm_1,ento_form_1a_immediately_processed_summary,1,2021-05-06,,4,0,0,0,0,0,0,,0,0,1,0,1,0,2,,0,,5,2021-05-11,1,2021-05-11,2
N09,may_2021_arm_1,ento_form_1a_immediately_processed_summary,2,2021-05-27,,4,0,0,0,0,0,0,,0,0,2,1,0,0,3,,1,,5,2021-06-09,1,2021-06-09,2
N09,june_2021_arm_1,ento_form_1a_immediately_processed_summary,1,2021-06-03,,10,0,0,1,1,0,2,,0,0,3,0,2,0,5,,1,,5,2021-06-09,1,2021-06-09,2
N09,june_2021_arm_1,ento_form_1a_immediately_processed_summary,2,2021-06-24,,10,0,1,0,0,0,1,,1,1,17,4,5,0,27,,10,,4,2021-07-01,1,2021-07-01,2
N09,july_2021_arm_1,ento_form_1a_immediately_processed_summary,1,2021-07-08,,3,0,0,0,0,0,0,,2,9,1,14,3,0,27,,13,,6,2021-07-19,1,2021-07-19,2
N09,july_2021_arm_1,ento_form_1a_immediately_processed_summary,2,2021-07-01,,10,0,1,0,0,0,1,,4,4,1,15,8,0,28,,7,,6,2021-07-19,1,2021-07-19,2
N09,august_2021_arm_1,ento_form_1a_immediately_processed_summary,1,2021-08-05,,10,0,0,0,0,0,0,,0,0,0,3,3,0,6,,8,,6,2021-08-18,1,2021-08-18,2
N09,august_2021_arm_1,ento_form_1a_immediately_processed_summary,2,2021-08-26,,2,0,0,0,0,0,0,,0,0,2,4,2,0,8,,4,,6,2021-09-01,1,2021-09-01,2
N09,september_2021_arm_1,ento_form_1a_immediately_processed_summary,1,2021-09-02,,9,0,0,0,0,0,0,,0,0,0,0,3,0,3,,5,,3,2021-10-06,1,2021-10-06,2
N09,september_2021_arm_1,ento_form_1a_immediately_processed_summary,2,2021-09-09,,9,0,0,0,0,0,0,,0,0,4,2,0,0,6,,2,,3,2021-10-07,1,2021-10-07,2
N09,september_2021_arm_1,ento_form_1a_immediately_processed_summary,3,2021-09-30,,2,0,0,0,0,0,0,,0,2,6,5,2,0,15,,5,,3,2021-10-07,1,2021-10-07,2
N09,september_2021_arm_1,ento_form_1a_immediately_processed_summary,4,2021-09-30,,10,0,0,0,0,0,0,,0,0,0,0,0,0,0,,0,,3,2021-10-07,1,2021-10-07,2
N09,october_2021_arm_1,ento_form_1a_immediately_processed_summary,1,2021-10-07,,7,0,0,0,0,0,0,,0,2,15,2,6,0,25,,2,,3,2021-10-28,1,2021-10-28,2
N09,october_2021_arm_1,ento_form_1a_immediately_processed_summary,2,2021-10-28,,10,0,0,0,0,0,0,,0,13,28,22,18,0,81,,45,,3,2021-10-28,1,2021-10-28,2
N09,november_2021_arm_1,ento_form_1a_immediately_processed_summary,1,2021-11-25,,6,0,0,0,0,0,0,,0,24,6,98,25,2,155,,111,,3,2021-11-29,1,2021-11-29,2
N09,november_2021_arm_1,ento_form_1a_immediately_processed_summary,2,2021-11-04,,6,0,0,0,0,0,0,,0,39,35,7,30,0,111,,95,,3,2021-11-29,1,2021-11-29,2
N09,december_2021_arm_1,ento_form_1a_immediately_processed_summary,1,2021-12-02,,2,0,0,0,0,0,0,,0,10,5,1,11,0,27,,26,,3,2021-12-21,1,2021-12-21,2
N09,january_2022_arm_1,ento_form_1a_immediately_processed_summary,1,2022-01-27,,10,0,0,0,0,0,0,,0,0,7,3,6,0,16,,5,,3,2022-01-31,1,2022-01-31,2
N09,january_2022_arm_1,ento_form_1a_immediately_processed_summary,2,2022-01-06,,10,0,0,0,0,0,0,,0,0,2,0,0,0,2,,7,,3,2022-01-31,1,2022-01-31,2
N09,february_2022_arm_1,ento_form_1a_immediately_processed_summary,1,2022-02-03,,8,0,0,0,0,0,0,,0,0,1,1,1,0,3,,0,,3,2022-02-16,1,2022-02-16,2
N09,february_2022_arm_1,ento_form_1a_immediately_processed_summary,2,2022-02-24,,8,0,0,0,0,0,0,,0,0,0,0,0,0,0,,1,,3,2022-02-28,1,2022-02-28,2
N09,march_2022_arm_1,ento_form_1a_immediately_processed_summary,1,2022-03-24,,7,0,0,0,0,0,0,,0,0,0,1,2,0,3,,2,,3,2022-03-31,1,2022-03-31,2
N09,march_2022_arm_1,ento_form_1a_immediately_processed_summary,2,2022-03-03,,7,0,0,0,0,0,0,,0,0,1,0,3,0,4,,1,,3,2022-03-31,1,2022-03-31,2
N09,april_2022_arm_1,ento_form_1a_immediately_processed_summary,1,2022-04-25,,2,0,0,0,0,0,0,,0,0,0,0,0,0,0,,0,,3,2022-04-26,1,2022-04-26,2
N09,april_2022_arm_1,ento_form_1a_immediately_processed_summary,2,2022-04-13,,2,0,0,0,0,0,0,,0,0,0,0,0,0,0,,0,,3,2022-04-27,1,2022-04-27,2
N09,may_2022_arm_1,ento_form_1a_immediately_processed_summary,1,2022-05-26,,6,0,0,0,0,0,0,,0,0,0,0,1,0,1,,1,,3,2022-05-30,1,2022-05-30,2
N09,may_2022_arm_1,ento_form_1a_immediately_processed_summary,2,2022-05-05,,6,0,0,0,0,0,0,,0,0,0,1,0,0,1,,0,,3,2022-05-30,1,2022-05-30,2
N09,june_2022_arm_1,ento_form_1a_immediately_processed_summary,1,2022-06-30,,9,0,0,0,0,0,0,0,0,2,0,1,1,1,5,0,7,,2,2022-07-04,1,2022-07-04,2
N09,june_2022_arm_1,ento_form_1a_immediately_processed_summary,2,2022-06-23,,9,0,0,0,0,0,0,0,0,4,2,8,9,0,23,0,7,,2,2022-07-05,1,2022-07-05,2
N09,june_2022_arm_1,ento_form_1a_immediately_processed_summary,3,2022-06-02,,9,0,0,0,0,0,0,0,0,0,0,2,0,0,2,0,2,,2,2022-07-05,1,2022-07-05,2
N09,july_2022_arm_1,ento_form_1a_immediately_processed_summary,1,2022-07-21,,4,0,0,0,0,0,0,,0,0,2,8,9,0,19,,11,,3,2022-07-21,1,2022-07-21,2
N09,july_2022_arm_1,ento_form_1a_immediately_processed_summary,2,2022-07-28,,4,0,0,0,0,0,0,,0,0,1,0,4,0,5,,5,,4,2022-08-03,1,2022-08-03,2
N09,august_2022_arm_1,ento_form_1a_immediately_processed_summary,1,2022-08-04,,7,0,0,0,0,0,0,,0,0,0,0,1,0,1,,0,,4,2022-08-17,1,2022-08-17,2
N09,august_2022_arm_1,ento_form_1a_immediately_processed_summary,2,2022-08-25,,7,0,0,0,0,0,0,,0,1,0,2,1,0,4,,3,,3,2022-09-01,1,2022-09-01,2
N09,september_2022_arm_1,ento_form_1a_immediately_processed_summary,1,2022-09-29,,3,0,0,0,0,0,0,,0,14,0,16,4,0,34,,21,,3,2022-10-11,1,2022-10-11,2
N09,september_2022_arm_1,ento_form_1a_immediately_processed_summary,2,2022-09-22,,3,0,0,0,0,0,0,,0,16,0,19,13,0,48,,35,,3,2022-10-12,1,2022-10-12,2
N09,september_2022_arm_1,ento_form_1a_immediately_processed_summary,3,2022-09-01,,3,0,0,0,0,0,0,,0,9,3,21,6,1,40,,21,,3,2022-10-12,1,2022-10-12,2
N09,october_2022_arm_1,ento_form_1a_immediately_processed_summary,1,2022-10-27,,8,0,0,0,0,0,0,,0,0,1,3,0,0,4,,4,,3,2022-10-27,1,2022-10-27,2
N09,november_2022_arm_1,ento_form_1a_immediately_processed_summary,1,2022-11-03,,9,0,0,0,0,0,0,,0,1,0,1,1,0,3,,2,,10,2022-11-03,1,2022-11-03,2
N09,november_2022_arm_1,ento_form_1a_immediately_processed_summary,2,2022-11-24,,9,0,0,0,0,0,0,,0,1,2,1,1,0,5,,2,,12,2022-11-24,1,2022-11-24,2
N09,december_2022_arm_1,ento_form_1a_immediately_processed_summary,1,2022-12-01,,6,0,0,0,0,0,0,,0,0,0,2,0,0,2,,0,,13,2022-12-01,1,2022-12-01,2
N09,december_2022_arm_1,ento_form_1a_immediately_processed_summary,2,2022-12-22,,6,0,0,0,0,0,0,,0,2,3,7,6,0,18,,7,,11,2022-12-22,1,2022-12-22,2
N10,january_2020_arm_1,ento_form_1a_immediately_processed_summary,1,2020-01-16,,4,0,0,0,0,0,0,,0,5,2,5,10,1,23,,19,,3,2020-04-09,1,2020-04-09,1
N10,january_2020_arm_1,ento_form_1a_immediately_processed_summary,2,2020-01-30,,4,0,0,0,0,0,0,,0,3,0,0,4,1,8,,8,,3,2020-04-09,1,2020-04-09,1
N10,february_2020_arm_1,ento_form_1a_immediately_processed_summary,1,2020-02-06,,2,0,0,1,0,0,1,,0,2,2,0,1,0,5,,3,,3,2020-04-23,1,2020-04-23,1
N10,february_2020_arm_1,ento_form_1a_immediately_processed_summary,2,2020-02-13,,2,0,0,0,1,0,1,,0,1,4,2,1,0,8,,14,,3,2020-04-23,1,2020-04-23,1
N10,february_2020_arm_1,ento_form_1a_immediately_processed_summary,3,2020-02-27,,2,0,0,0,0,0,0,,0,0,0,4,7,0,11,,8,,3,2020-04-24,1,2020-04-24,1
N10,march_2020_arm_1,ento_form_1a_immediately_processed_summary,1,2020-03-12,,2,0,0,0,0,0,0,,0,2,3,0,1,1,7,,7,,3,2020-04-29,1,2020-04-29,1
N10,march_2020_arm_1,ento_form_1a_immediately_processed_summary,2,2020-03-05,,2,0,0,0,0,0,0,,0,1,1,2,3,0,7,,10,,3,2020-04-29,1,2020-04-29,1
N10,june_2020_arm_1,ento_form_1a_immediately_processed_summary,1,2020-06-04,,9,0,0,0,0,0,0,,0,3,30,16,14,0,63,,10,,3,2020-06-05,1,2020-06-05,1
N10,june_2020_arm_1,ento_form_1a_immediately_processed_summary,2,2020-06-11,,9,0,0,0,0,0,0,,0,3,8,22,14,0,47,,14,,3,2020-06-16,1,2020-06-16,1
N10,june_2020_arm_1,ento_form_1a_immediately_processed_summary,3,2020-06-25,,9,0,0,0,0,0,0,,0,4,26,30,22,0,82,,14,,3,2020-06-29,1,2020-06-29,1
N10,july_2020_arm_1,ento_form_1a_immediately_processed_summary,1,2020-07-09,,6,0,0,0,0,0,0,,0,17,3,32,79,00,131,,102,,5,2020-07-28,1,2020-07-28,1
N10,july_2020_arm_1,ento_form_1a_immediately_processed_summary,2,2020-07-16,,6,0,0,0,0,0,0,,0,1,1,0,5,0,7,,5,,5,2020-07-28,1,2020-07-28,1
N10,july_2020_arm_1,ento_form_1a_immediately_processed_summary,3,2020-07-31,,6,0,0,0,0,0,0,,1,5,0,3,3,0,11,,9,,3,2020-07-31,1,2020-07-31,1
N10,august_2020_arm_1,ento_form_1a_immediately_processed_summary,1,2020-08-06,,5,0,0,0,0,0,0,,0,3,18,14,24,0,59,,35,,5,2020-08-20,1,2020-08-20,2
N10,august_2020_arm_1,ento_form_1a_immediately_processed_summary,2,2020-08-13,,5,0,0,0,0,0,0,,0,3,0,26,27,2,58,,67,,4,2020-08-20,1,2020-08-20,2
N10,august_2020_arm_1,ento_form_1a_immediately_processed_summary,3,2020-08-27,,5,0,0,0,0,0,0,,0,1,1,0,2,0,4,,3,,3,2020-08-27,1,2020-08-27,2
N10,september_2020_arm_1,ento_form_1a_immediately_processed_summary,1,2020-09-10,,3,0,0,0,0,0,0,,0,1,1,0,1,0,3,,2,,4,2020-09-16,1,2020-09-16,2
N10,september_2020_arm_1,ento_form_1a_immediately_processed_summary,2,2020-09-03,,3,0,0,0,0,0,0,,0,1,0,0,1,0,2,,4,,5,2020-09-16,1,2020-09-16,2
N10,september_2020_arm_1,ento_form_1a_immediately_processed_summary,3,2020-09-24,,3,0,0,0,0,0,0,,0,0,0,0,0,0,0,,1,,5,2020-09-24,1,2020-09-24,2
N10,october_2020_arm_1,ento_form_1a_immediately_processed_summary,1,2020-10-08,,8,0,0,0,0,0,0,,0,0,1,0,0,0,1,,0,,4,2020-10-08,1,2020-10-08,2
N10,october_2020_arm_1,ento_form_1a_immediately_processed_summary,2,2020-10-15,,8,0,0,0,0,0,0,,0,2,0,2,2,0,6,,1,,3,2020-10-15,1,2020-10-15,2
N10,october_2020_arm_1,ento_form_1a_immediately_processed_summary,3,2020-10-29,,8,0,0,0,0,0,0,,0,0,0,0,0,0,0,,2,,5,2020-10-30,1,2020-10-30,2
N10,november_2020_arm_1,ento_form_1a_immediately_processed_summary,1,2020-11-05,,4,0,0,0,0,0,0,,0,1,1,5,7,3,17,,14,,3,2020-11-05,1,2020-11-05,2
N10,november_2020_arm_1,ento_form_1a_immediately_processed_summary,2,2020-11-12,,4,0,0,0,0,0,0,,0,4,4,16,25,0,49,,20,,4,2020-11-18,1,2020-11-18,2
N10,november_2020_arm_1,ento_form_1a_immediately_processed_summary,3,2020-11-26,,4,0,0,0,0,0,0,,0,1,2,1,1,1,6,,1,,5,2020-11-26,1,2020-11-26,2
N10,december_2020_arm_1,ento_form_1a_immediately_processed_summary,1,2020-12-03,,9,0,0,0,0,0,0,,0,1,3,4,4,0,12,,12,,4,2020-12-03,1,2020-12-03,2
N10,december_2020_arm_1,ento_form_1a_immediately_processed_summary,2,2020-12-17,,9,0,0,0,0,0,0,,0,1,4,2,3,0,10,,6,,4,2020-12-17,2,2020-12-17,2
N10,january_2021_arm_1,ento_form_1a_immediately_processed_summary,1,2021-01-07,,7,1,0,0,0,0,1,,0,0,0,1,2,0,3,,7,,3,2021-01-07,1,2021-01-07,2
N10,january_2021_arm_1,ento_form_1a_immediately_processed_summary,2,2021-01-28,,7,0,0,0,0,0,0,,0,0,1,2,0,0,3,,4,,4,2021-02-02,1,2021-02-02,2
N10,january_2021_arm_1,ento_form_1a_immediately_processed_summary,3,2021-01-14,,7,0,0,0,0,0,0,,0,0,0,3,1,0,4,,4,,4,2021-02-02,1,2021-02-02,2
N10,feburary_2021_arm_1,ento_form_1a_immediately_processed_summary,1,2021-02-04,,2,0,0,0,0,0,0,,0,0,0,0,1,1,2,,1,,5,2021-03-05,1,2021-03-05,2
N10,feburary_2021_arm_1,ento_form_1a_immediately_processed_summary,2,2021-02-25,,2,0,0,1,0,0,1,,0,0,1,0,0,0,1,,0,,3,2021-03-19,1,2021-03-19,2
N10,march_2021_arm_1,ento_form_1a_immediately_processed_summary,1,2021-03-04,,6,0,0,0,1,0,1,,0,0,0,0,0,0,0,,0,,3,2021-04-09,1,2021-04-09,2
N10,march_2021_arm_1,ento_form_1a_immediately_processed_summary,2,2021-03-25,,6,0,0,0,0,0,0,,0,1,0,0,0,0,1,,0,,5,2021-04-06,1,2021-04-06,2
N10,april_2021_arm_1,ento_form_1a_immediately_processed_summary,1,2021-04-08,,4,0,0,0,0,0,0,,0,0,0,0,0,0,0,,0,,3,2021-04-08,1,2021-04-08,2
N10,april_2021_arm_1,ento_form_1a_immediately_processed_summary,2,2021-04-29,,5,0,0,0,0,0,0,,0,0,0,0,0,0,0,,0,,5,2021-05-18,1,2021-05-18,2
N10,may_2021_arm_1,ento_form_1a_immediately_processed_summary,1,2021-05-06,,9,0,0,0,0,0,0,,0,0,0,0,0,0,0,,0,,5,2021-05-11,1,2021-05-11,2
N10,may_2021_arm_1,ento_form_1a_immediately_processed_summary,2,2021-05-27,,9,0,0,0,0,0,0,,0,0,1,1,0,0,2,,1,,5,2021-06-09,1,2021-06-09,2
N10,june_2021_arm_1,ento_form_1a_immediately_processed_summary,1,2021-06-03,,3,0,1,0,0,0,1,,0,0,0,1,0,0,1,,0,,5,2021-06-09,1,2021-06-09,2
N10,june_2021_arm_1,ento_form_1a_immediately_processed_summary,2,2021-06-24,,3,0,0,0,0,0,0,,0,0,0,1,0,0,1,,0,,4,2021-07-01,1,2021-07-01,2
N10,july_2021_arm_1,ento_form_1a_immediately_processed_summary,1,2021-07-08,,7,0,0,0,0,0,0,,0,0,0,2,0,0,2,,0,,6,2021-07-19,1,2021-07-19,2
N10,july_2021_arm_1,ento_form_1a_immediately_processed_summary,2,2021-07-01,,7,0,0,0,0,0,0,,0,0,3,2,1,0,6,,0,,6,2021-07-19,1,2021-07-19,2
N10,july_2021_arm_1,ento_form_1a_immediately_processed_summary,3,2021-07-29,,2,0,0,0,0,0,0,,0,0,0,0,1,0,1,,3,,6,2021-08-04,1,2021-08-04,2
N10,august_2021_arm_1,ento_form_1a_immediately_processed_summary,1,2021-08-05,,4,0,0,0,0,0,0,,0,0,0,0,2,0,2,,1,,6,2021-08-18,1,2021-08-18,2
N10,august_2021_arm_1,ento_form_1a_immediately_processed_summary,2,2021-08-26,,5,0,0,0,0,0,0,,0,0,0,1,0,0,1,,4,,6,2021-09-01,1,2021-09-01,2
N10,september_2021_arm_1,ento_form_1a_immediately_processed_summary,1,2021-09-02,,5,0,0,0,0,0,0,,0,0,0,0,0,0,0,,0,,3,2021-10-06,1,2021-10-06,2
N10,september_2021_arm_1,ento_form_1a_immediately_processed_summary,2,2021-09-09,,2,0,0,0,0,0,0,,0,0,0,0,0,0,0,,0,,3,2021-10-07,1,2021-10-07,2
N10,september_2021_arm_1,ento_form_1a_immediately_processed_summary,3,2021-09-30,,10,0,0,0,0,0,0,,0,0,0,0,0,0,0,,2,,3,2021-10-07,1,2021-10-07,2
N10,october_2021_arm_1,ento_form_1a_immediately_processed_summary,1,2021-10-07,,10,0,0,0,0,0,0,,0,0,0,0,0,0,0,,0,,3,2021-10-28,1,2021-10-28,2
N10,october_2021_arm_1,ento_form_1a_immediately_processed_summary,2,2021-10-28,,6,0,0,0,0,0,0,,0,1,14,1,8,0,24,,12,,3,2021-10-28,1,2021-10-28,2
N10,november_2021_arm_1,ento_form_1a_immediately_processed_summary,1,2021-11-25,,4,0,0,0,0,0,0,,0,8,13,1,15,1,38,,51,,3,2021-11-29,1,2021-11-29,2
N10,november_2021_arm_1,ento_form_1a_immediately_processed_summary,2,2021-11-04,,4,1,0,0,0,0,1,,0,2,0,5,5,0,12,,6,,3,2021-11-29,1,2021-11-29,2
N10,december_2021_arm_1,ento_form_1a_immediately_processed_summary,1,2021-12-02,,9,0,0,0,0,0,0,,0,3,4,4,11,0,22,,46,,3,2021-12-21,1,2021-12-21,2
N10,january_2022_arm_1,ento_form_1a_immediately_processed_summary,1,2022-01-27,,8,0,0,0,0,0,0,,0,0,0,1,0,0,1,,2,,3,2022-01-31,1,2022-01-31,2
N10,january_2022_arm_1,ento_form_1a_immediately_processed_summary,2,2022-01-06,,3,0,0,0,0,0,0,,0,0,0,0,0,0,0,,0,,3,2022-01-31,1,2022-01-31,2
N10,february_2022_arm_1,ento_form_1a_immediately_processed_summary,1,2022-02-03,,7,0,0,0,0,0,0,,0,0,0,0,0,0,0,,1,,3,2022-02-16,1,2022-02-16,2
N10,february_2022_arm_1,ento_form_1a_immediately_processed_summary,2,2022-02-24,,7,0,0,0,0,0,0,,0,0,0,1,0,0,1,,0,,3,2022-02-28,1,2022-02-28,2
N10,march_2022_arm_1,ento_form_1a_immediately_processed_summary,1,2022-03-24,,2,0,0,0,0,0,0,,0,0,0,0,0,0,0,,0,,3,2022-03-31,1,2022-03-31,2
N10,march_2022_arm_1,ento_form_1a_immediately_processed_summary,2,2022-03-03,,2,0,1,0,0,0,1,,0,0,0,0,0,0,0,,0,,3,2022-03-31,1,2022-03-31,2
N10,april_2022_arm_1,ento_form_1a_immediately_processed_summary,1,2022-04-25,,9,0,0,0,0,0,0,,0,0,0,0,0,0,0,,0,,3,2022-04-27,1,2022-04-27,2
N10,april_2022_arm_1,ento_form_1a_immediately_processed_summary,2,2022-04-13,,9,0,0,0,0,0,0,,0,0,0,0,0,0,0,,0,,3,2022-04-27,1,2022-04-27,2
N10,may_2022_arm_1,ento_form_1a_immediately_processed_summary,1,2022-05-26,,8,0,1,0,0,0,1,,0,0,0,1,0,0,1,,1,,3,2022-05-30,1,2022-05-30,2
N10,may_2022_arm_1,ento_form_1a_immediately_processed_summary,2,2022-05-05,,8,0,0,0,0,0,0,,0,0,0,0,0,0,0,,0,,3,2022-05-30,1,2022-05-30,2
N10,june_2022_arm_1,ento_form_1a_immediately_processed_summary,1,2022-06-30,,4,1,0,0,0,0,1,0,0,1,0,1,2,0,4,0,1,,2,2022-07-04,1,2022-07-04,2
N10,june_2022_arm_1,ento_form_1a_immediately_processed_summary,2,2022-06-23,,4,0,0,0,0,0,0,0,0,2,1,3,5,0,11,0,6,,2,2022-07-05,1,2022-07-05,2
N10,june_2022_arm_1,ento_form_1a_immediately_processed_summary,3,2022-06-02,,4,0,1,0,0,0,1,0,0,0,0,0,1,0,1,0,2,,2,2022-07-05,1,2022-07-05,2
N10,july_2022_arm_1,ento_form_1a_immediately_processed_summary,1,2022-07-21,,4,0,0,0,0,0,0,,0,0,2,2,3,1,8,,4,,3,2022-07-21,1,2022-07-21,2
N10,july_2022_arm_1,ento_form_1a_immediately_processed_summary,2,2022-07-28,,7,0,0,0,0,0,0,,0,0,1,2,1,0,4,,0,,4,2022-08-03,1,2022-08-03,2
N10,august_2022_arm_1,ento_form_1a_immediately_processed_summary,1,2022-08-04,,9,0,1,0,0,0,1,,0,2,1,0,0,1,4,,4,,4,2022-08-17,1,2022-08-17,2
N10,august_2022_arm_1,ento_form_1a_immediately_processed_summary,2,2022-08-25,,2,0,0,0,0,0,0,,0,0,0,0,2,0,2,,2,,3,2022-09-01,1,2022-09-01,2
N10,september_2022_arm_1,ento_form_1a_immediately_processed_summary,1,2022-09-29,,5,0,0,0,0,0,0,,0,8,10,5,6,0,29,,15,,3,2022-10-12,1,2022-10-12,2
N10,september_2022_arm_1,ento_form_1a_immediately_processed_summary,2,2022-09-22,,5,0,0,0,0,0,0,,0,0,2,0,2,0,4,,0,,3,2022-10-12,1,2022-10-12,2
N10,september_2022_arm_1,ento_form_1a_immediately_processed_summary,3,2022-09-01,,5,0,0,0,0,0,0,,0,3,0,0,0,0,3,,3,,3,2022-10-12,1,2022-10-12,2
N10,october_2022_arm_1,ento_form_1a_immediately_processed_summary,1,2022-10-27,,4,0,0,0,0,0,0,,0,1,2,0,2,0,5,,14,,3,2022-10-27,1,2022-10-27,2
N10,november_2022_arm_1,ento_form_1a_immediately_processed_summary,1,2022-11-03,,2,0,0,0,0,0,0,,0,1,0,0,1,0,2,,1,,10,2022-11-03,1,2022-11-03,2
N10,november_2022_arm_1,ento_form_1a_immediately_processed_summary,2,2022-11-24,,5,0,0,0,0,0,0,,0,0,1,2,1,0,4,,2,,12,2022-11-24,1,2022-11-24,2
N10,december_2022_arm_1,ento_form_1a_immediately_processed_summary,1,2022-12-01,,9,0,0,0,0,0,0,,0,1,2,3,1,1,8,,4,,13,2022-12-01,1,2022-12-01,2
N10,december_2022_arm_1,ento_form_1a_immediately_processed_summary,2,2022-12-22,,9,0,0,0,0,0,0,,0,0,0,0,0,0,0,,0,,11,2022-12-22,1,2022-12-22,2
N11,january_2020_arm_1,ento_form_1a_immediately_processed_summary,1,2020-01-16,,6,0,0,0,0,0,0,,0,4,0,10,12,0,26,,46,,3,2020-04-09,1,2020-04-09,1
N11,january_2020_arm_1,ento_form_1a_immediately_processed_summary,2,2020-01-30,,6,0,0,0,0,0,0,,0,3,0,6,3,0,12,,17,,3,2020-04-09,1,2020-04-09,1
N11,february_2020_arm_1,ento_form_1a_immediately_processed_summary,1,2020-02-06,,7,0,0,0,0,0,0,,0,2,0,2,2,0,6,,4,,3,2020-04-23,1,2020-04-23,1
N11,february_2020_arm_1,ento_form_1a_immediately_processed_summary,2,2020-02-13,,7,0,0,0,0,0,0,,0,0,0,0,4,0,4,,24,,3,2020-04-23,1,2020-04-23,1
N11,february_2020_arm_1,ento_form_1a_immediately_processed_summary,3,2020-02-27,,7,0,0,1,0,0,1,,0,1,0,4,0,0,5,,6,,3,2020-04-23,1,2020-04-23,1
N11,march_2020_arm_1,ento_form_1a_immediately_processed_summary,1,2020-03-12,,4,0,0,0,0,0,0,,0,1,0,0,1,0,2,,8,,3,2020-04-29,1,2020-04-29,1
N11,march_2020_arm_1,ento_form_1a_immediately_processed_summary,2,2020-03-05,,4,0,0,0,0,0,0,,0,0,1,1,3,0,5,,5,,3,2020-04-29,1,2020-04-29,1
N11,june_2020_arm_1,ento_form_1a_immediately_processed_summary,1,2020-06-04,,3,0,0,0,0,0,0,,0,30,0,56,19,4,109,,110,,3,2020-06-05,1,2020-06-05,1
N11,june_2020_arm_1,ento_form_1a_immediately_processed_summary,2,2020-06-11,,3,0,0,0,0,0,0,,0,60,1,51,28,4,144,,173,,3,2020-06-16,1,2020-06-16,1
N11,june_2020_arm_1,ento_form_1a_immediately_processed_summary,3,2020-06-25,,3,0,0,0,0,0,0,,0,29,16,16,18,0,79,,94,,3,2020-06-29,1,2020-06-29,1
N11,june_2020_arm_1,ento_form_1a_immediately_processed_summary,4,2020-07-09,,5,0,0,1,1,0,2,,0,99,29,100,79,1,308,,421,,5,2020-07-28,1,2020-07-28,1
N11,july_2020_arm_1,ento_form_1a_immediately_processed_summary,1,2020-07-16,,5,0,0,0,0,0,0,,0,67,21,77,37,2,204,,93,,4,2020-07-28,1,2020-07-28,1
N11,july_2020_arm_1,ento_form_1a_immediately_processed_summary,2,2020-07-30,,5,0,0,0,0,0,0,,0,17,25,65,28,0,135,,146,,3,2020-07-31,1,2020-07-31,1
N11,august_2020_arm_1,ento_form_1a_immediately_processed_summary,1,2020-08-06,,8,0,0,0,0,0,0,,0,14,11,38,17,1,81,,69,,4,2020-08-20,1,2020-08-20,2
N11,august_2020_arm_1,ento_form_1a_immediately_processed_summary,2,2020-08-13,,8,0,0,1,0,0,1,,0,8,10,17,11,0,46,,23,,4,2020-08-20,1,2020-08-20,2
N11,august_2020_arm_1,ento_form_1a_immediately_processed_summary,3,2020-08-27,,8,0,0,0,0,0,0,,0,0,0,1,0,0,1,,1,,3,2020-08-27,1,2020-08-27,2
N11,september_2020_arm_1,ento_form_1a_immediately_processed_summary,1,2020-09-10,,7,0,0,0,0,0,0,,0,0,1,0,0,0,1,,4,,4,2020-09-16,1,2020-09-16,2
N11,september_2020_arm_1,ento_form_1a_immediately_processed_summary,2,2020-09-03,,7,0,0,0,0,0,0,,0,1,1,2,2,0,6,,23,,5,2020-09-16,1,2020-09-16,2
N11,september_2020_arm_1,ento_form_1a_immediately_processed_summary,3,2020-09-24,,7,0,0,0,0,0,0,,0,0,0,0,1,0,1,,1,,5,2020-09-24,1,2020-09-24,2
N11,october_2020_arm_1,ento_form_1a_immediately_processed_summary,1,2020-10-08,,9,0,0,0,0,0,0,,0,0,0,1,0,0,1,,1,,4,2020-10-08,1,2020-10-08,2
N11,october_2020_arm_1,ento_form_1a_immediately_processed_summary,2,2020-10-15,,9,0,0,0,0,0,0,,0,1,1,0,2,0,4,,4,,3,2020-10-15,1,2020-10-15,2
N11,october_2020_arm_1,ento_form_1a_immediately_processed_summary,3,2020-10-29,,9,0,0,0,0,0,0,,0,0,2,0,1,1,4,,12,,5,2020-10-30,1,2020-10-30,2
N11,november_2020_arm_1,ento_form_1a_immediately_processed_summary,1,2020-11-05,,6,0,0,0,0,0,0,,0,2,0,8,20,0,30,,27,,3,2020-11-05,1,2020-11-05,2
N11,november_2020_arm_1,ento_form_1a_immediately_processed_summary,2,2020-11-12,,6,0,0,0,0,0,0,,0,6,10,14,22,0,52,,27,,4,2020-11-18,1,2020-11-18,2
N11,november_2020_arm_1,ento_form_1a_immediately_processed_summary,3,2020-11-26,,6,0,00,0,0,0,0,,0,2,3,21,10,0,36,,26,,5,2020-11-30,1,2020-11-30,2
N11,december_2020_arm_1,ento_form_1a_immediately_processed_summary,1,2020-12-03,,4,0,0,0,0,0,0,,0,2,6,8,12,0,28,,23,,4,2020-12-03,1,2020-12-03,2
N11,december_2020_arm_1,ento_form_1a_immediately_processed_summary,2,2020-12-17,,4,0,0,0,0,0,0,,0,1,8,6,10,1,26,,42,,4,2020-12-17,1,2020-12-17,2
N11,january_2021_arm_1,ento_form_1a_immediately_processed_summary,1,2021-01-07,,3,0,0,0,0,0,0,,0,1,0,1,1,0,3,,6,,3,2021-01-07,1,2021-01-07,2
N11,january_2021_arm_1,ento_form_1a_immediately_processed_summary,2,2021-01-28,,3,0,0,0,0,0,0,,0,1,0,0,0,0,1,,1,,4,2021-02-02,1,2021-02-02,2
N11,january_2021_arm_1,ento_form_1a_immediately_processed_summary,3,2021-01-14,,3,0,0,0,0,0,0,,0,2,0,2,0,1,5,,3,,4,2021-02-02,1,2021-02-02,2
N11,feburary_2021_arm_1,ento_form_1a_immediately_processed_summary,1,2021-02-25,,9,0,0,0,0,0,0,,0,1,3,4,2,0,10,,10,,3,2021-03-19,1,2021-03-19,2
N11,march_2021_arm_1,ento_form_1a_immediately_processed_summary,1,2021-03-04,,7,0,0,0,0,0,0,,0,0,0,2,1,0,3,,6,,3,2021-04-09,1,2021-04-09,2
N11,march_2021_arm_1,ento_form_1a_immediately_processed_summary,2,2021-03-25,,7,0,1,0,1,0,2,,1,0,0,0,0,0,0,,0,,5,2021-04-06,1,2021-04-06,2
N11,may_2021_arm_1,ento_form_1a_immediately_processed_summary,1,2021-05-06,,10,0,2,0,1,0,3,,0,0,3,2,0,0,5,,0,,5,2021-05-11,1,2021-05-11,2
N11,may_2021_arm_1,ento_form_1a_immediately_processed_summary,2,2021-05-27,,4,2,0,0,3,0,5,,0,1,0,0,1,0,2,,1,,5,2021-06-09,1,2021-06-09,2
N11,april_2021_arm_1,ento_form_1a_immediately_processed_summary,1,2021-04-29,,6,0,0,0,0,0,0,,0,0,0,0,0,0,0,,0000,,5,2021-05-11,1,2021-05-11,2
N11,june_2021_arm_1,ento_form_1a_immediately_processed_summary,1,2021-06-03,,10,0,2,0,0,0,2,,1,1,0,1,3,0,5,,0,,5,2021-06-09,1,2021-06-09,2
N11,june_2021_arm_1,ento_form_1a_immediately_processed_summary,2,2021-06-24,,10,0,2,2,1,0,5,,0,2,10,2,2,0,16,,3,,4,2021-07-01,1,2021-07-01,2
N11,july_2021_arm_1,ento_form_1a_immediately_processed_summary,1,2021-07-08,,3,0,0,0,0,0,0,,0,4,0,4,1,0,9,,1,,6,2021-07-19,1,2021-07-19,2
N11,july_2021_arm_1,ento_form_1a_immediately_processed_summary,2,2021-07-01,,10,0,1,0,0,0,1,,1,2,7,1,4,0,14,,2,,6,2021-07-19,1,2021-07-19,2
N11,july_2021_arm_1,ento_form_1a_immediately_processed_summary,3,2021-07-29,,3,0,0,0,0,0,0,,0,2,0,14,6,0,22,,5,,6,2021-08-04,1,2021-08-04,2
N11,august_2021_arm_1,ento_form_1a_immediately_processed_summary,1,2021-08-05,,10,0,0,1,1,0,2,,2,2,0,3,0,0,5,,7,,6,2021-08-18,1,2021-08-18,2
N11,august_2021_arm_1,ento_form_1a_immediately_processed_summary,2,2021-08-26,,2,0,0,0,00,0,0,,0,0,0,0,0,0,0,,4,,6,2021-09-01,1,2021-09-01,2
N11,september_2021_arm_1,ento_form_1a_immediately_processed_summary,1,2021-09-02,,9,0,0,0,0,0,0,,0,2,4,5,6,0,17,,8,,3,2021-10-06,1,2021-10-06,2
N11,september_2021_arm_1,ento_form_1a_immediately_processed_summary,2,2021-09-09,,9,0,0,0,0,0,0,,0,1,0,1,1,0,3,,0,,3,2021-10-07,1,2021-10-07,2
N11,september_2021_arm_1,ento_form_1a_immediately_processed_summary,3,2021-09-30,,2,0,0,0,0,0,0,,0,2,5,3,3,0,13,,2,,3,2021-10-07,1,2021-10-07,2
N11,october_2021_arm_1,ento_form_1a_immediately_processed_summary,1,2021-10-07,,7,0,0,0,0,0,0,,0,1,5,0,4,0,10,,10,,3,2021-10-28,1,2021-10-28,2
N11,october_2021_arm_1,ento_form_1a_immediately_processed_summary,2,2021-10-28,,10,0,0,0,0,0,0,,0,20,46,22,14,0,102,,72,,3,2021-10-28,1,2021-10-28,2
N11,november_2021_arm_1,ento_form_1a_immediately_processed_summary,1,2021-11-25,,6,0,0,0,0,0,0,,0,28,0,18,13,0,59,,99,,3,2021-11-29,1,2021-11-29,2
N11,november_2021_arm_1,ento_form_1a_immediately_processed_summary,2,2021-11-04,,6,0,0,0,0,0,0,,0,5,6,10,7,0,28,,15,,3,2021-11-29,1,2021-11-29,2
N11,december_2021_arm_1,ento_form_1a_immediately_processed_summary,1,2021-12-02,,5,0,0,0,0,0,0,,0,0,0,0,0,0,0,,0,,3,2021-12-21,1,2021-12-21,2
N11,january_2022_arm_1,ento_form_1a_immediately_processed_summary,1,2022-01-27,,10,0,0,0,0,0,0,,0,2,6,4,2,0,14,,3,,3,2022-01-31,1,2022-01-31,2
N11,january_2022_arm_1,ento_form_1a_immediately_processed_summary,2,2022-01-06,,10,0,0,0,0,0,0,,0,1,3,2,5,0,11,,24,,3,2022-01-31,1,2022-01-31,2
N11,february_2022_arm_1,ento_form_1a_immediately_processed_summary,1,2022-02-03,,8,0,0,0,0,0,0,,0,1,0,1,0,0,2,,2,,3,2022-02-16,1,2022-02-16,2
N11,february_2022_arm_1,ento_form_1a_immediately_processed_summary,2,2022-02-24,,8,0,0,0,0,0,0,,0,0,1,0,1,0,2,,6,,3,2022-02-28,1,2022-02-28,2
N11,march_2022_arm_1,ento_form_1a_immediately_processed_summary,1,2022-03-24,,7,0,0,0,0,0,0,,0,0,0,0,1,0,1,,5,,3,2022-03-31,1,2022-03-31,2
N11,march_2022_arm_1,ento_form_1a_immediately_processed_summary,2,2022-03-03,,7,0,0,0,0,0,0,,0,1,4,0,1,1,7,,6,,3,2022-03-31,1,2022-03-31,2
N11,april_2022_arm_1,ento_form_1a_immediately_processed_summary,1,2022-04-25,,2,0,0,0,0,0,0,,0,0,0,1,0,0,1,,1,,3,2022-04-27,1,2022-04-27,2
N11,april_2022_arm_1,ento_form_1a_immediately_processed_summary,2,2022-04-13,,2,0,0,0,0,0,0,,0,0,0,1,0,0,1,,1,,3,2022-04-27,1,2022-04-27,2
N11,may_2022_arm_1,ento_form_1a_immediately_processed_summary,1,2022-05-26,,6,0,0,0,2,0,2,,0,0,5,0,3,0,8,,0,,3,2022-05-30,1,2022-05-30,2
N11,may_2022_arm_1,ento_form_1a_immediately_processed_summary,2,2022-05-05,,6,0,0,0,0,0,0,,0,0,0,0,1,0,1,,0,,3,2022-05-30,1,2022-05-30,2
N11,june_2022_arm_1,ento_form_1a_immediately_processed_summary,1,2022-06-30,,9,0,0,0,1,0,1,0,0,4,7,5,7,1,24,0,10,,2,2022-07-04,1,2022-07-04,2
N11,june_2022_arm_1,ento_form_1a_immediately_processed_summary,2,2022-06-23,,9,0,0,0,0,0,0,0,0,10,21,8,6,1,46,0,5,,2,2022-07-05,1,2022-07-05,2
N11,june_2022_arm_1,ento_form_1a_immediately_processed_summary,3,2022-06-02,,9,0,0,0,0,0,0,0,0,0,3,0,3,0,6,0,0,,2,2022-07-05,1,2022-07-05,2
N11,july_2022_arm_1,ento_form_1a_immediately_processed_summary,1,2022-07-21,,4,0,0,0,0,0,0,,0,1,7,7,12,0,27,,23,,3,2022-07-21,1,2022-07-21,2
N11,july_2022_arm_1,ento_form_1a_immediately_processed_summary,2,2022-07-28,,4,0,0,0,0,0,0,,2,1,3,17,10,0,31,,19,,4,2022-08-03,1,2022-08-03,2
N11,august_2022_arm_1,ento_form_1a_immediately_processed_summary,1,2022-08-04,,7,0,0,0,0,0,0,,0,2,2,5,4,0,13,,19,,4,2022-08-17,1,2022-08-17,2
N11,august_2022_arm_1,ento_form_1a_immediately_processed_summary,2,2022-08-25,,7,0,0,0,0,0,0,,0,3,6,7,7,0,23,,8,,3,2022-09-01,1,2022-09-01,2
N11,september_2022_arm_1,ento_form_1a_immediately_processed_summary,1,2022-09-29,,3,0,0,0,0,0,0,,0,12,18,68,11,2,111,,58,,3,2022-10-11,1,2022-10-11,2
N11,september_2022_arm_1,ento_form_1a_immediately_processed_summary,2,2022-09-22,,3,0,0,0,0,0,0,,0,16,7,72,19,4,118,,121,,3,2022-10-12,1,2022-10-12,2
N11,september_2022_arm_1,ento_form_1a_immediately_processed_summary,3,2022-09-01,,3,0,0,0,0,0,0,,0,4,3,9,10,1,27,,19,,3,2022-10-12,1,2022-10-12,2
N11,october_2022_arm_1,ento_form_1a_immediately_processed_summary,1,2022-10-27,,8,0,0,0,0,0,0,,0,1,11,7,4,0,23,,10,,3,2022-10-27,1,2022-10-27,2
N11,november_2022_arm_1,ento_form_1a_immediately_processed_summary,1,2022-11-03,,9,0,0,0,0,0,0,,0,1,8,2,6,1,18,,24,,10,2022-11-03,1,2022-11-03,2
N11,november_2022_arm_1,ento_form_1a_immediately_processed_summary,2,2022-11-24,,9,0,0,0,0,0,0,,0,2,4,5,2,0,13,,6,,12,2022-11-24,1,2022-11-24,2
N11,december_2022_arm_1,ento_form_1a_immediately_processed_summary,1,2022-12-01,,6,0,0,0,0,0,0,,0,6,1,4,5,0,16,,10,,13,2022-12-01,1,2022-12-01,2
N11,december_2022_arm_1,ento_form_1a_immediately_processed_summary,2,2022-12-22,,6,0,0,0,0,0,0,,0,2,7,8,14,0,31,,10,,11,2022-12-22,1,2022-12-22,2
N12,january_2020_arm_1,ento_form_1a_immediately_processed_summary,1,2020-01-16,,4,0,0,0,0,0,0,,0,6,6,4,17,1,34,,52,,3,2020-04-09,1,2020-04-09,1
N12,january_2020_arm_1,ento_form_1a_immediately_processed_summary,2,2020-01-30,,4,0,1,0,0,0,1,,0,1,0,0,0,0,1,,6,,3,2020-04-09,1,2020-04-09,1
N12,february_2020_arm_1,ento_form_1a_immediately_processed_summary,1,2020-02-06,,2,0,0,0,0,0,0,,1,0,3,3,0,0,6,,4,,3,2020-04-23,1,2020-04-23,1
N12,february_2020_arm_1,ento_form_1a_immediately_processed_summary,2,2020-02-13,,2,0,0,0,0,0,0,,0,1,5,1,6,0,13,,26,,3,2020-04-23,1,2020-04-23,1
N12,february_2020_arm_1,ento_form_1a_immediately_processed_summary,3,2020-02-27,,2,0,0,0,0,0,0,,0,2,0,0,4,0,6,,13,,3,2020-04-24,1,2020-04-24,1
N12,march_2020_arm_1,ento_form_1a_immediately_processed_summary,1,2020-03-12,,2,0,0,0,0,0,0,,0,0,3,0,1,0,4,,7,,3,2020-04-29,1,2020-04-29,1
N12,march_2020_arm_1,ento_form_1a_immediately_processed_summary,2,2020-03-05,,2,0,0,0,0,0,0,,0,0,0,0,2,0,2,,5,,3,2020-04-29,1,2020-04-29,1
N12,june_2020_arm_1,ento_form_1a_immediately_processed_summary,1,2020-06-04,,9,0,0,0,0,0,0,,0,18,9,6,9,0,42,,40,,3,2020-06-05,1,2020-06-05,1
N12,june_2020_arm_1,ento_form_1a_immediately_processed_summary,2,2020-06-11,,9,0,0,0,0,0,0,,0,20,20,16,20,2,78,,46,,3,2020-06-16,1,2020-06-16,1
N12,june_2020_arm_1,ento_form_1a_immediately_processed_summary,3,2020-06-25,,9,0,0,0,0,0,0,,0,24,6,4,24,0,58,,86,,3,2020-06-29,1,2020-06-29,1
N12,july_2020_arm_1,ento_form_1a_immediately_processed_summary,1,2020-07-09,,6,0,0,0,0,0,0,,0,31,18,67,43,0,159,,101,,5,2020-07-28,1,2020-07-28,1
N12,july_2020_arm_1,ento_form_1a_immediately_processed_summary,2,2020-07-16,,6,0,0,0,0,0,0,,0,35,24,45,51,0,155,,82,,5,2020-07-28,1,2020-07-28,1
N12,july_2020_arm_1,ento_form_1a_immediately_processed_summary,3,2020-07-30,,6,0,0,0,0,0,0,,1,17,7,32,46,0,102,,226,,3,2020-07-31,1,2020-07-31,1
N12,august_2020_arm_1,ento_form_1a_immediately_processed_summary,1,2020-08-06,,5,0,0,0,0,0,0,,0,20,16,23,61,0,120,,186,,5,2020-08-20,1,2020-08-20,2
N12,august_2020_arm_1,ento_form_1a_immediately_processed_summary,2,2020-08-13,,5,0,0,0,0,0,0,,0,5,16,24,34,0,79,,82,,4,2020-08-20,1,2020-08-20,2
N12,august_2020_arm_1,ento_form_1a_immediately_processed_summary,3,2020-08-27,,5,0,0,0,0,0,0,,0,0,0,2,5,0,7,,28,,3,2020-08-27,1,2020-08-27,2
N12,september_2020_arm_1,ento_form_1a_immediately_processed_summary,1,2020-09-10,,3,0,0,0,0,0,0,,0,1,1,1,0,0,3,,3,,4,2020-09-16,1,2020-09-16,2
N12,september_2020_arm_1,ento_form_1a_immediately_processed_summary,2,2020-09-03,,3,0,0,0,0,0,0,,0,2,0,2,1,0,5,,10,,5,2020-09-16,1,2020-09-16,2
N12,september_2020_arm_1,ento_form_1a_immediately_processed_summary,3,2020-09-24,,3,0,0,0,0,0,0,,0,1,0,1,0,0,2,,1,,5,2020-09-24,1,2020-09-24,2
N12,october_2020_arm_1,ento_form_1a_immediately_processed_summary,1,2020-10-08,,8,0,0,0,0,0,0,,0,1,0,0,4,0,5,,1,,4,2020-10-08,1,2020-10-08,2
N12,october_2020_arm_1,ento_form_1a_immediately_processed_summary,2,2020-10-15,,8,0,0,0,0,0,0,,0,0,0,0,4,0,4,,10,,3,2020-10-15,1,2020-10-15,2
N12,october_2020_arm_1,ento_form_1a_immediately_processed_summary,3,2020-10-29,,8,0,0,0,0,0,0,,0,2,0,1,7,1,11,,12,,5,2020-10-30,1,2020-10-30,2
N12,november_2020_arm_1,ento_form_1a_immediately_processed_summary,1,2020-11-05,,4,0,0,0,0,0,0,,0,0,3,6,10,0,19,,10,,3,2020-11-05,1,2020-11-05,2
N12,november_2020_arm_1,ento_form_1a_immediately_processed_summary,2,2020-11-12,,4,0,0,0,0,0,0,,0,9,12,16,28,6,71,,29,,4,2020-11-18,1,2020-11-18,2
N12,november_2020_arm_1,ento_form_1a_immediately_processed_summary,3,2020-11-26,,4,0,0,0,0,0,0,,0,3,3,8,15,0,29,,34,,5,2020-11-30,1,2020-11-30,2
N12,december_2020_arm_1,ento_form_1a_immediately_processed_summary,1,2020-12-03,,9,0,0,0,0,0,0,,0,0,1,1,1,0,3,,2,,4,2020-12-03,1,2020-12-03,2
N12,december_2020_arm_1,ento_form_1a_immediately_processed_summary,2,2020-12-17,,9,0,0,0,0,0,0,,0,1,2,1,1,1,6,,5,,4,2020-12-17,1,2020-12-17,2
N12,january_2021_arm_1,ento_form_1a_immediately_processed_summary,1,2021-01-07,,7,0,0,0,0,0,0,,0,0,0,1,4,0,5,,8,,3,2021-01-07,1,2021-01-07,2
N12,january_2021_arm_1,ento_form_1a_immediately_processed_summary,2,2021-01-28,,7,0,0,0,0,0,0,,1,0,0,4,3,0,7,,9,,4,2021-02-02,1,2021-02-02,2
N12,january_2021_arm_1,ento_form_1a_immediately_processed_summary,3,2021-01-14,,7,0,0,0,0,0,0,,0,0,1,1,0,0,2,,7,,4,2021-02-02,1,2021-02-02,2
N12,feburary_2021_arm_1,ento_form_1a_immediately_processed_summary,1,2021-02-04,,2,0,0,0,0,0,0,,1,0,1,0,0,0,1,,4,,5,2021-03-05,1,2021-03-05,2
N12,feburary_2021_arm_1,ento_form_1a_immediately_processed_summary,2,2021-02-25,,2,0,0,0,1,0,1,,0,0,0,0,1,0,1,,3,,3,2021-03-19,1,2021-03-19,2
N12,march_2021_arm_1,ento_form_1a_immediately_processed_summary,1,2021-03-04,,6,0,0,0,0,0,0,,0,0,0,0,0,0,0,,1,,3,2021-04-09,1,2021-04-09,2
N12,march_2021_arm_1,ento_form_1a_immediately_processed_summary,2,2021-03-25,,6,0,0,0,0,0,0,,0,0,0,0,0,0,0,,0,,5,2021-04-06,1,2021-04-09,2
N12,april_2021_arm_1,ento_form_1a_immediately_processed_summary,1,2021-04-08,,6,0,0,0,0,0,0,,1,1,0,0,0,0,1,,1,,3,2021-04-25,1,2021-04-25,2
N12,april_2021_arm_1,ento_form_1a_immediately_processed_summary,2,2021-04-29,,5,0,0,0,0,0,0,,0,0,0,0,0,0,0,,0,,5,2021-05-11,1,2021-05-11,2
N12,may_2021_arm_1,ento_form_1a_immediately_processed_summary,1,2021-05-06,,9,0,0,0,0,0,0,,0,0,0,0,0,0,0,,0,,5,2021-05-11,1,2021-05-11,2
N12,may_2021_arm_1,ento_form_1a_immediately_processed_summary,2,2021-05-27,,9,0,0,0,0,0,0,,0,0,0,0,1,0,1,,0,,5,2021-06-09,1,2021-06-09,2
N12,june_2021_arm_1,ento_form_1a_immediately_processed_summary,1,2021-06-03,,3,0,0,0,0,0,0,,0,0,0,1,1,0,2,,1,,5,2021-06-09,1,2021-06-09,2
N12,june_2021_arm_1,ento_form_1a_immediately_processed_summary,2,2021-06-24,,3,0,0,0,0,0,0,,0,0,0,0,1,0,1,,1,,4,2021-07-01,1,2021-07-01,2
N12,july_2021_arm_1,ento_form_1a_immediately_processed_summary,1,2021-07-08,,7,0,0,0,2,0,2,,1,0,3,5,8,0,16,,8,,6,2021-07-19,1,2021-07-19,2
N12,july_2021_arm_1,ento_form_1a_immediately_processed_summary,2,2021-07-01,,7,0,0,0,0,0,0,,0,1,1,1,5,0,8,,2,,6,2021-07-19,1,2021-07-19,2
N12,july_2021_arm_1,ento_form_1a_immediately_processed_summary,3,2021-07-29,,2,0,0,0,0,0,0,,0,1,0,2,3,0,6,,4,,6,2021-08-04,1,2021-08-04,2
N12,august_2021_arm_1,ento_form_1a_immediately_processed_summary,1,2021-08-05,,4,0,0,0,0,0,0,,0,0,0,0,2,0,2,,13,,6,2021-08-18,1,2021-08-18,2
N12,august_2021_arm_1,ento_form_1a_immediately_processed_summary,2,2021-08-26,,5,0,0,0,0,0,0,,0,1,0,0,2,0,3,,2,,6,2021-09-01,1,2021-09-01,2
N12,september_2021_arm_1,ento_form_1a_immediately_processed_summary,1,2021-09-02,,5,0,0,0,0,0,0,,0,1,0,0,1,0,2,,5,,3,2021-10-06,1,2021-10-06,2
N12,september_2021_arm_1,ento_form_1a_immediately_processed_summary,2,2021-09-09,,2,0,0,0,0,0,0,,0,1,4,1,4,0,10,,2,,3,2021-10-07,1,2021-10-07,2
N12,september_2021_arm_1,ento_form_1a_immediately_processed_summary,3,2021-09-30,,10,0,0,0,0,0,0,,0,0,0,0,0,0,0,,2,,3,2021-10-07,1,2021-10-07,2
N12,october_2021_arm_1,ento_form_1a_immediately_processed_summary,1,2021-10-07,,10,0,0,0,0,0,0,,0,1,3,0,1,0,5,,0,,3,2021-10-28,1,2021-10-28,2
N12,october_2021_arm_1,ento_form_1a_immediately_processed_summary,2,2021-10-28,,6,0,0,0,0,0,0,,0,4,16,6,12,0,38,,10,,3,2021-10-28,1,2021-10-28,2
N12,november_2021_arm_1,ento_form_1a_immediately_processed_summary,1,2021-11-25,,4,0,0,0,0,0,0,,0,19,34,46,37,2,138,,129,,3,2021-11-29,1,2021-11-29,2
N12,november_2021_arm_1,ento_form_1a_immediately_processed_summary,2,2021-11-04,,4,0,0,0,0,0,0,,0,10,22,18,20,2,72,,37,,3,2021-11-29,1,2021-11-29,2
N12,december_2021_arm_1,ento_form_1a_immediately_processed_summary,1,2021-12-02,,9,0,0,0,0,0,0,,0,3,6,8,19,1,37,,22,,3,2021-12-21,1,2021-12-21,2
N12,january_2022_arm_1,ento_form_1a_immediately_processed_summary,1,2022-01-27,,8,0,0,0,0,0,0,,0,1,1,3,3,0,8,,10,,3,2022-01-31,1,2022-01-31,2
N12,january_2022_arm_1,ento_form_1a_immediately_processed_summary,2,2022-01-06,,3,0,0,0,0,0,0,,0,0,0,0,3,0,3,,14,,3,2022-01-31,1,2022-01-31,2
N12,february_2022_arm_1,ento_form_1a_immediately_processed_summary,1,2022-02-03,,3,0,0,0,0,0,0,,0,0,0,1,0,0,1,,3,,3,2022-02-16,1,2022-02-16,2
N12,february_2022_arm_1,ento_form_1a_immediately_processed_summary,2,2022-02-24,,7,0,1,0,0,0,1,,0,2,0,0,1,0,3,,18,,3,2022-02-28,1,2022-02-28,2
N12,march_2022_arm_1,ento_form_1a_immediately_processed_summary,1,2022-03-24,,2,0,0,0,0,0,0,,0,0,0,0,0,0,0,,2,,3,2022-03-31,1,2022-03-31,2
N12,march_2022_arm_1,ento_form_1a_immediately_processed_summary,2,2022-03-03,,2,0,0,0,0,0,0,,0,1,0,0,0,0,1,,0,,3,2022-03-31,1,2022-03-31,2
N12,april_2022_arm_1,ento_form_1a_immediately_processed_summary,1,2022-04-25,,9,0,0,0,0,0,0,,0,0,0,0,0,0,0,,0,,3,2022-04-27,1,2022-04-27,2
N12,april_2022_arm_1,ento_form_1a_immediately_processed_summary,2,2022-04-13,,9,0,0,0,0,0,0,,0,0,0,0,0,0,0,,0,,3,2022-04-27,1,2022-04-27,2
N12,may_2022_arm_1,ento_form_1a_immediately_processed_summary,1,2022-05-26,,8,0,0,0,0,0,0,,0,0,0,0,0,0,0,,2,,3,2022-05-30,1,2022-05-30,2
N12,may_2022_arm_1,ento_form_1a_immediately_processed_summary,2,2022-05-05,,8,0,1,0,0,0,1,,0,0,1,0,0,0,1,,2,,3,2022-05-30,1,2022-05-30,2
N12,june_2022_arm_1,ento_form_1a_immediately_processed_summary,1,2022-06-30,,4,0,0,0,0,0,0,0,2,7,5,25,24,0,61,0,34,,2,2022-07-04,1,2022-07-04,2
N12,june_2022_arm_1,ento_form_1a_immediately_processed_summary,2,2022-06-23,,4,1,1,1,0,0,3,0,1,6,21,24,32,0,83,0,22,,2,2022-07-05,1,2022-07-05,2
N12,june_2022_arm_1,ento_form_1a_immediately_processed_summary,3,2022-06-02,,4,0,0,0,0,0,0,0,0,0,0,0,10,0,10,0,2,,2,2022-07-05,1,2022-07-05,2
N12,july_2022_arm_1,ento_form_1a_immediately_processed_summary,1,2022-07-21,,7,0,0,0,0,0,0,,0,12,2,17,20,0,51,,67,,3,2022-07-21,1,2022-07-21,2
N12,july_2022_arm_1,ento_form_1a_immediately_processed_summary,2,2022-07-28,,7,0,0,0,0,0,0,,0,3,5,15,14,0,37,,30,,4,2022-08-03,1,2022-08-03,2
N12,august_2022_arm_1,ento_form_1a_immediately_processed_summary,1,2022-08-04,,9,0,0,0,0,0,0,,0,2,4,4,4,0,14,,9,,4,2022-08-17,1,2022-08-17,2
N12,august_2022_arm_1,ento_form_1a_immediately_processed_summary,2,2022-08-25,,2,0,0,0,0,0,0,,0,2,0,1,2,0,5,,12,,3,2022-09-01,1,2022-09-01,2
N12,september_2022_arm_1,ento_form_1a_immediately_processed_summary,1,2022-09-29,,5,0,0,0,0,0,0,,0,28,18,17,45,1,109,,77,,3,2022-10-12,1,2022-10-12,2
N12,september_2022_arm_1,ento_form_1a_immediately_processed_summary,2,2022-09-22,,5,0,0,0,0,0,0,,0,25,10,29,10,0,74,,106,,3,2022-10-12,1,2022-10-12,2
N12,september_2022_arm_1,ento_form_1a_immediately_processed_summary,3,2022-09-01,,5,0,0,0,0,0,0,,0,7,2,5,8,0,22,,14,,3,2022-10-12,1,2022-10-12,2
N12,october_2022_arm_1,ento_form_1a_immediately_processed_summary,1,2022-10-27,,4,0,0,0,0,0,0,,0,7,8,5,10,0,30,,50,,3,2022-10-27,1,2022-10-27,2
N12,november_2022_arm_1,ento_form_1a_immediately_processed_summary,1,2022-11-03,,2,0,0,0,0,0,0,,0,1,2,1,3,0,7,,16,,10,2022-11-03,1,2022-11-03,2
N12,november_2022_arm_1,ento_form_1a_immediately_processed_summary,2,2022-11-24,,5,0,0,0,0,0,0,,0,0,0,0,3,0,3,,7,,12,2022-11-24,1,2022-11-24,2
N12,december_2022_arm_1,ento_form_1a_immediately_processed_summary,1,2022-12-01,,9,0,0,0,0,0,0,,0,0,1,1,1,0,3,,4,,13,2022-12-01,1,2022-12-01,2
N12,december_2022_arm_1,ento_form_1a_immediately_processed_summary,2,2022-12-22,,9,0,0,0,0,0,0,,0,1,1,2,3,0,7,,8,,11,2022-12-22,1,2022-12-22,2
N13,january_2020_arm_1,ento_form_1a_immediately_processed_summary,1,2020-01-16,,2,0,0,1,0,0,1,,1,31,0,9,27,0,67,,87,,3,2020-04-09,1,2020-04-09,1
N13,january_2020_arm_1,ento_form_1a_immediately_processed_summary,2,2020-01-30,,5,0,0,0,0,0,0,,0,2,0,3,1,0,6,,6,,3,2020-04-09,1,2020-04-09,1
N13,february_2020_arm_1,ento_form_1a_immediately_processed_summary,1,2020-02-06,,8,0,0,0,0,0,0,,0,4,0,1,1,1,7,,14,,3,2020-04-23,1,2020-04-23,1
N13,february_2020_arm_1,ento_form_1a_immediately_processed_summary,2,2020-02-13,,8,0,0,0,0,0,0,,0,5,1,2,3,0,11,,37,,3,2020-04-23,1,2020-04-23,1
N13,february_2020_arm_1,ento_form_1a_immediately_processed_summary,3,2020-02-27,,8,0,0,0,0,0,0,,0,3,0,1,1,0,5,,10,,3,2020-04-24,1,2020-04-24,1
N13,march_2020_arm_1,ento_form_1a_immediately_processed_summary,1,2020-03-12,,8,0,0,0,0,0,0,,0,5,1,1,3,0,10,,5,,3,2020-04-29,1,2020-04-29,1
N13,march_2020_arm_1,ento_form_1a_immediately_processed_summary,2,2020-03-05,,5,0,0,0,0,0,0,,0,0,0,7,8,0,15,,30,,3,2020-04-29,1,2020-04-29,1
N13,june_2020_arm_1,ento_form_1a_immediately_processed_summary,1,2020-06-04,,7,0,0,0,0,0,0,,0,29,6,11,13,0,59,,73,,3,2020-06-05,1,2020-06-05,1
N13,june_2020_arm_1,ento_form_1a_immediately_processed_summary,2,2020-06-11,,7,0,1,0,1,0,2,,0,40,17,77,33,0,167,,185,,3,2020-06-16,1,2020-06-16,1
N13,june_2020_arm_1,ento_form_1a_immediately_processed_summary,3,2020-06-25,,7,0,0,0,0,0,0,,1,16,0,8,19,0,43,,63,,3,2020-06-29,1,2020-06-29,1
N13,july_2020_arm_1,ento_form_1a_immediately_processed_summary,1,2020-07-09,,4,0,0,0,0,0,0,,0,13,0,9,12,3,37,,41,,4,2020-07-28,1,2020-07-28,1
N13,july_2020_arm_1,ento_form_1a_immediately_processed_summary,2,2020-07-16,,4,0,0,0,0,0,0,,0,22,2,4,9,0,37,,40,,5,2020-07-28,1,2020-07-28,1
N13,july_2020_arm_1,ento_form_1a_immediately_processed_summary,3,2020-07-30,,4,0,0,0,0,0,0,,0,8,1,2,7,2,20,,16,,3,2020-07-31,1,2020-07-31,1
N13,august_2020_arm_1,ento_form_1a_immediately_processed_summary,1,2020-08-06,,7,1,0,0,0,0,1,,1,9,0,8,6,0,23,,15,,4,2020-08-20,1,2020-08-20,2
N13,august_2020_arm_1,ento_form_1a_immediately_processed_summary,2,2020-08-13,,7,0,0,0,0,0,0,,0,7,2,6,11,0,26,,23,,5,2020-08-20,1,2020-08-20,2
N13,august_2020_arm_1,ento_form_1a_immediately_processed_summary,3,2020-08-27,,7,0,0,0,0,0,0,,0,0,0,2,2,0,4,,12,,3,2020-08-27,1,2020-08-27,2
N13,september_2020_arm_1,ento_form_1a_immediately_processed_summary,1,2020-09-03,,6,0,1,0,0,0,1,,0,0,1,0,0,0,1,,4,,5,2020-09-16,1,2020-09-16,2
N13,september_2020_arm_1,ento_form_1a_immediately_processed_summary,2,2020-09-10,,6,0,0,0,0,0,0,,0,0,0,1,1,0,2,,2,,5,2020-09-16,1,2020-09-16,2
N13,september_2020_arm_1,ento_form_1a_immediately_processed_summary,3,2020-09-24,,6,0,0,0,0,0,0,,0,1,0,1,0,0,2,,0,,5,2020-09-24,1,2020-09-24,2
N13,october_2020_arm_1,ento_form_1a_immediately_processed_summary,1,2020-10-08,,2,0,0,0,0,0,0,,0,0,1,1,1,0,3,,0,,4,2020-10-08,1,2020-10-08,2
N13,october_2020_arm_1,ento_form_1a_immediately_processed_summary,2,2020-10-15,,2,0,0,0,0,0,0,,0,2,4,4,3,0,13,,10,,3,2020-10-15,1,2020-10-15,2
N13,october_2020_arm_1,ento_form_1a_immediately_processed_summary,3,2020-10-29,,4,0,0,0,0,0,0,,0,4,1,7,6,0,18,,20,,5,2020-10-30,1,2020-10-30,2
N13,november_2020_arm_1,ento_form_1a_immediately_processed_summary,1,2020-11-05,,2,0,1,0,0,0,1,,0,17,6,4,21,1,49,,44,,3,2020-11-05,1,2020-11-05,2
N13,november_2020_arm_1,ento_form_1a_immediately_processed_summary,2,2020-11-12,,9,0,0,0,0,0,0,,0,6,3,6,4,0,19,,10,,4,2020-11-18,1,2020-11-18,2
N13,november_2020_arm_1,ento_form_1a_immediately_processed_summary,3,2020-11-30,,9,0,0,0,0,0,0,,0,1,0,2,3,0,6,,3,,5,2020-11-30,1,2020-11-30,2
N13,december_2020_arm_1,ento_form_1a_immediately_processed_summary,1,2020-12-03,,5,1,0,1,0,0,2,,0,1,5,3,4,0,13,,31,,4,2020-12-03,1,2020-12-03,2
N13,december_2020_arm_1,ento_form_1a_immediately_processed_summary,2,2020-12-17,,5,0,0,0,0,0,0,,0,1,0,0,4,0,5,,26,,4,2020-12-17,1,2020-12-17,2
N13,january_2021_arm_1,ento_form_1a_immediately_processed_summary,1,2021-01-07,,8,0,0,0,0,0,0,,0,0,0,0,1,0,1,,5,,3,2021-01-07,1,2021-01-07,2
N13,january_2021_arm_1,ento_form_1a_immediately_processed_summary,2,2021-01-28,,8,0,1,0,0,0,1,,0,1,0,2,2,1,6,,11,,4,2021-02-02,1,2021-02-02,2
N13,january_2021_arm_1,ento_form_1a_immediately_processed_summary,3,2021-01-14,,8,0,0,0,0,0,0,,0,0,0,1,1,0,2,,4,,4,2021-02-02,1,2021-02-02,2
N13,feburary_2021_arm_1,ento_form_1a_immediately_processed_summary,1,2021-02-04,,3,0,0,0,0,0,0,,1,3,0,0,1,0,4,,11,,3,2021-03-19,1,2021-03-19,2
N13,feburary_2021_arm_1,ento_form_1a_immediately_processed_summary,2,2021-02-25,,3,0,1,0,0,0,1,,1,3,1,3,2,0,9,,3,,3,2021-03-19,1,2021-03-19,2
N13,march_2021_arm_1,ento_form_1a_immediately_processed_summary,1,2021-03-04,,4,1,0,0,1,0,2,,2,1,1,0,1,1,4,,2,,3,2021-04-09,1,2021-04-09,2
N13,march_2021_arm_1,ento_form_1a_immediately_processed_summary,2,2021-03-25,,4,0,3,0,2,0,5,,2,0,0,0,0,1,1,,5,,5,2021-04-06,1,2021-04-06,2
N13,april_2021_arm_1,ento_form_1a_immediately_processed_summary,1,2021-04-08,,7,0,0,0,0,0,0,,0,0,0,0,0,0,0,,1,,3,2021-04-25,1,2021-04-25,2
N13,april_2021_arm_1,ento_form_1a_immediately_processed_summary,2,2021-04-29,,7,0,3,0,0,0,3,,1,0,0,0,0,0,0,,0,,5,2021-05-11,1,2021-05-11,2
N13,may_2021_arm_1,ento_form_1a_immediately_processed_summary,1,2021-05-06,,5,0,3,0,1,0,4,,3,0,4,0,1,1,6,,3,,5,2021-05-11,1,2021-05-11,2
N13,may_2021_arm_1,ento_form_1a_immediately_processed_summary,2,2021-05-27,,2,0,8,6,0,0,14,,4,0,0,3,0,0,3,,1,,5,2021-06-09,1,2021-06-09,2
N13,june_2021_arm_1,ento_form_1a_immediately_processed_summary,1,2021-06-03,,6,2,3,0,0,0,5,,0,1,1,0,0,0,2,,0,,5,2021-06-09,1,2021-06-09,2
N13,june_2021_arm_1,ento_form_1a_immediately_processed_summary,2,2021-06-24,,6,0,8,2,0,0,10,,2,0,2,3,1,0,6,,4,,4,2021-07-01,1,2021-07-01,2
N13,july_2021_arm_1,ento_form_1a_immediately_processed_summary,1,2021-07-08,,9,0,0,0,0,0,0,,0,2,3,4,5,0,14,,8,,6,2021-07-19,1,2021-07-19,2
N13,july_2021_arm_1,ento_form_1a_immediately_processed_summary,2,2021-07-01,,9,0,0,0,0,0,0,,0,2,0,2,2,0,6,,3,,6,2021-07-19,1,2021-07-19,2
N13,july_2021_arm_1,ento_form_1a_immediately_processed_summary,3,2021-07-29,,9,0,1,0,0,0,1,,1,1,1,2,5,0,9,,5,,6,2021-08-04,1,2021-08-04,2
N13,august_2021_arm_1,ento_form_1a_immediately_processed_summary,1,2021-08-05,,3,0,0,1,0,0,1,,1,6,0,12,5,1,24,,21,,6,2021-08-18,1,2021-08-18,2
N13,august_2021_arm_1,ento_form_1a_immediately_processed_summary,2,2021-08-26,,10,0,0,0,0,0,0,,0,5,2,1,6,0,14,,8,,6,2021-09-01,1,2021-09-01,2
N13,september_2021_arm_1,ento_form_1a_immediately_processed_summary,1,2021-09-02,,3,0,0,0,0,0,0,,0,1,3,0,9,0,13,,12,,3,2021-10-06,1,2021-10-06,2
N13,september_2021_arm_1,ento_form_1a_immediately_processed_summary,2,2021-09-09,,3,0,0,0,0,0,0,,0,1,5,0,2,0,8,,6,,3,2021-10-07,1,2021-10-07,2
N13,september_2021_arm_1,ento_form_1a_immediately_processed_summary,3,2021-09-30,,3,0,0,0,0,0,0,,0,5,2,1,4,0,12,,20,,3,2021-10-07,1,2021-10-07,2
N13,october_2021_arm_1,ento_form_1a_immediately_processed_summary,1,2021-10-07,,4,0,0,0,0,0,0,,0,16,6,6,5,0,33,,22,,3,2021-10-28,1,2021-10-28,2
N13,october_2021_arm_1,ento_form_1a_immediately_processed_summary,2,2021-10-28,,4,0,0,0,0,0,0,,0,23,15,10,19,2,69,,74,,3,2021-10-28,1,2021-10-28,2
N13,november_2021_arm_1,ento_form_1a_immediately_processed_summary,1,2021-11-25,,7,0,1,0,0,0,1,,0,25,30,17,44,0,116,,136,,3,2021-11-29,1,2021-11-29,2
N13,november_2021_arm_1,ento_form_1a_immediately_processed_summary,2,2021-11-04,,7,0,0,0,0,0,0,,0,35,46,13,18,1,113,,87,,3,2021-11-29,1,2021-11-29,2
N13,december_2021_arm_1,ento_form_1a_immediately_processed_summary,1,2021-12-02,,2,0,0,0,0,0,0,,0,44,12,8,50,0,114,,85,,3,2021-12-21,1,2021-12-21,2
N13,january_2022_arm_1,ento_form_1a_immediately_processed_summary,1,2022-01-27,,6,0,0,0,0,0,0,,0,0,0,4,3,0,7,,6,,3,2022-01-31,1,2022-01-31,2
N13,january_2022_arm_1,ento_form_1a_immediately_processed_summary,2,2022-01-06,,6,0,0,0,0,0,0,,0,4,3,0,6,0,13,,29,,3,2022-01-31,1,2022-01-31,2
N13,february_2022_arm_1,ento_form_1a_immediately_processed_summary,1,2022-02-03,,9,0,0,0,0,0,0,,0,1,0,5,0,0,6,,9,,3,2022-02-16,1,2022-02-16,2
N13,february_2022_arm_1,ento_form_1a_immediately_processed_summary,2,2022-02-24,,9,0,0,0,0,0,0,,0,0,0,0,0,0,0,,1,,3,2022-02-28,1,2022-02-28,2
N13,march_2022_arm_1,ento_form_1a_immediately_processed_summary,1,2022-03-24,,4,0,0,0,0,0,0,,0,2,1,0,0,0,3,,17,,3,2022-03-31,1,2022-03-31,2
N13,march_2022_arm_1,ento_form_1a_immediately_processed_summary,2,2022-03-03,,4,0,0,0,0,0,0,,0,6,1,1,4,0,12,,24,,3,2022-03-31,1,2022-03-31,2
N13,april_2022_arm_1,ento_form_1a_immediately_processed_summary,1,2022-04-25,,8,0,0,0,0,0,0,,0,0,0,0,0,0,0,,0,,3,2022-04-27,1,2022-04-27,2
N13,may_2022_arm_1,ento_form_1a_immediately_processed_summary,1,2022-05-26,,10,1,0,0,1,0,2,,0,0,2,3,0,0,5,,1,,3,2022-05-30,1,2022-05-30,2
N13,may_2022_arm_1,ento_form_1a_immediately_processed_summary,2,2022-05-05,,10,0,0,0,0,0,0,,0,0,0,0,0,0,0,,0,,3,2022-05-30,1,2022-05-30,2
N13,june_2022_arm_1,ento_form_1a_immediately_processed_summary,1,2022-06-30,,6,0,0,0,0,0,0,0,0,11,14,30,23,0,78,0,18,,2,2022-07-04,1,2022-07-04,2
N13,june_2022_arm_1,ento_form_1a_immediately_processed_summary,2,2022-06-23,,6,0,4,0,0,0,4,0,0,11,35,31,28,1,106,0,14,,2,2022-07-05,1,2022-07-05,2
N13,june_2022_arm_1,ento_form_1a_immediately_processed_summary,3,2022-06-02,,6,0,0,0,0,0,0,0,0,0,10,5,2,0,17,0,0,,2,2022-07-05,1,2022-07-05,2
N13,july_2022_arm_1,ento_form_1a_immediately_processed_summary,1,2022-07-21,,9,0,1,0,0,0,1,,0,12,31,31,16,0,90,,50,,3,2022-07-21,1,2022-07-21,2
N13,july_2022_arm_1,ento_form_1a_immediately_processed_summary,2,2022-07-28,,3,0,0,0,0,0,0,,0,7,34,50,18,1,110,,27,,4,2022-08-03,1,2022-08-03,2
N13,august_2022_arm_1,ento_form_1a_immediately_processed_summary,1,2022-08-04,,4,0,0,0,0,0,0,,0,17,11,39,23,9,99,,46,,4,2022-08-17,1,2022-08-17,2
N13,august_2022_arm_1,ento_form_1a_immediately_processed_summary,2,2022-08-25,,4,0,0,0,0,0,0,,0,10,13,8,9,0,40,,43,,3,2022-09-01,1,2022-09-01,2
N13,september_2022_arm_1,ento_form_1a_immediately_processed_summary,1,2022-09-29,,8,0,0,0,0,0,0,,0,15,2,3,11,0,31,,39,,3,2022-10-11,1,2022-10-11,2
N13,september_2022_arm_1,ento_form_1a_immediately_processed_summary,2,2022-09-22,,8,0,0,0,0,0,0,,0,10,7,16,13,0,46,,47,,3,2022-10-12,1,2022-10-12,2
N13,september_2022_arm_1,ento_form_1a_immediately_processed_summary,3,2022-09-01,,2,0,0,0,0,0,0,,0,8,2,21,6,1,38,,26,,3,2022-10-12,1,2022-10-12,2
N13,october_2022_arm_1,ento_form_1a_immediately_processed_summary,1,2022-10-27,,3,0,0,0,0,0,0,,0,18,2,21,43,1,85,,186,,3,2022-10-27,1,2022-10-27,2
N13,november_2022_arm_1,ento_form_1a_immediately_processed_summary,1,2022-11-03,,7,0,0,0,0,0,0,,0,2,0,6,19,0,27,,27,,10,2022-11-03,1,2022-11-03,2
N13,november_2022_arm_1,ento_form_1a_immediately_processed_summary,2,2022-11-24,,2,0,0,0,0,0,0,,0,1,0,3,4,0,8,,9,,12,2022-11-24,1,2022-11-24,2
N13,december_2022_arm_1,ento_form_1a_immediately_processed_summary,1,2022-12-01,,2,0,0,0,0,0,0,,0,1,2,4,14,0,21,,21,,13,2022-12-01,1,2022-12-01,2
N13,december_2022_arm_1,ento_form_1a_immediately_processed_summary,2,2022-12-22,,4,0,0,0,0,0,0,,0,2,1,0,2,0,5,,8,,11,2022-12-22,1,2022-12-22,2
N13,december_2022_arm_1,ento_form_1a_immediately_processed_summary,3,2022-12-22,,4,0,0,0,0,0,0,,0,2,1,0,2,0,5,,8,,11,2022-12-22,1,2022-12-22,2
N14,january_2020_arm_1,ento_form_1a_immediately_processed_summary,1,2020-01-17,,2,0,0,0,0,0,0,,0,2,11,15,7,0,35,,5,,3,2020-04-09,1,2020-04-09,1
N14,january_2020_arm_1,ento_form_1a_immediately_processed_summary,2,2020-01-30,,5,0,0,0,0,0,0,,0,1,0,4,2,0,7,,4,,3,2020-04-09,1,2020-04-09,1
N14,february_2020_arm_1,ento_form_1a_immediately_processed_summary,1,2020-02-06,,8,0,0,0,0,0,0,,0,0,0,4,0,0,4,,5,,3,2020-04-23,1,2020-04-23,1
N14,february_2020_arm_1,ento_form_1a_immediately_processed_summary,2,2020-02-13,,8,0,0,0,0,0,0,,0,1,1,10,4,0,16,,12,,3,2020-04-23,1,2020-04-23,1
N14,february_2020_arm_1,ento_form_1a_immediately_processed_summary,3,2020-02-27,,8,0,0,0,0,0,0,,0,7,0,8,4,0,19,,6,,3,2020-04-24,1,2020-04-24,1
N14,march_2020_arm_1,ento_form_1a_immediately_processed_summary,1,2020-03-12,,8,0,0,0,0,0,0,,0,0,2,1,2,0,5,,2,,3,2020-04-29,1,2020-04-29,1
N14,march_2020_arm_1,ento_form_1a_immediately_processed_summary,2,2020-03-05,,5,0,0,0,0,0,0,,0,2,0,7,4,0,13,,11,,3,2020-04-29,1,2020-04-29,1
N14,june_2020_arm_1,ento_form_1a_immediately_processed_summary,1,2020-06-04,,7,0,0,0,0,0,0,,0,5,7,7,2,0,21,,4,,3,2020-06-05,1,2020-06-05,1
N14,june_2020_arm_1,ento_form_1a_immediately_processed_summary,2,2020-06-11,,7,0,0,0,0,0,0,,0,4,3,26,9,0,42,,86,,3,2020-06-16,1,2020-06-16,1
N14,june_2020_arm_1,ento_form_1a_immediately_processed_summary,3,2020-06-25,,7,0,0,0,0,0,0,,0,1,1,10,4,0,16,,4,,3,2020-06-29,1,2020-06-29,1
N14,july_2020_arm_1,ento_form_1a_immediately_processed_summary,1,2020-07-09,,4,0,0,0,0,0,0,,0,7,17,9,0,0,33,,3,,4,2020-07-28,1,2020-07-28,1
N14,july_2020_arm_1,ento_form_1a_immediately_processed_summary,2,2020-07-16,,4,0,0,0,0,0,0,,0,3,3,6,13,2,27,,3,,5,2020-07-28,1,2020-07-28,1
N14,july_2020_arm_1,ento_form_1a_immediately_processed_summary,3,2020-07-30,,4,0,0,0,1,0,1,,0,0,7,13,13,0,33,,0,,3,2020-07-31,1,2020-07-31,1
N14,august_2020_arm_1,ento_form_1a_immediately_processed_summary,1,2020-08-06,,6,0,0,0,0,0,0,,0,4,11,16,6,0,37,,4,,4,2020-08-20,1,2020-08-20,2
N14,august_2020_arm_1,ento_form_1a_immediately_processed_summary,2,2020-08-20,,6,0,0,0,0,0,0,,0,3,2,20,4,0,29,,5,,5,2020-08-20,1,2020-08-20,2
N14,august_2020_arm_1,ento_form_1a_immediately_processed_summary,3,2020-08-27,,6,0,0,0,0,0,0,,0,0,0,0,0,0,0,,0,,3,2020-08-27,1,2020-08-27,2
N14,september_2020_arm_1,ento_form_1a_immediately_processed_summary,1,2020-09-10,,9,0,0,0,0,0,0,,0,1,1,0,2,0,4,,6,,4,2020-09-16,1,2020-09-16,2
N14,september_2020_arm_1,ento_form_1a_immediately_processed_summary,2,2020-09-24,,9,0,0,0,0,0,0,,0,0,0,1,0,0,1,,0,,5,2020-09-24,1,2020-09-24,2
N14,october_2020_arm_1,ento_form_1a_immediately_processed_summary,1,2020-10-08,,5,0,0,0,0,0,0,,0,0,1,1,1,0,3,,1,,4,2020-10-08,1,2020-10-08,2
N14,october_2020_arm_1,ento_form_1a_immediately_processed_summary,2,2020-10-15,,5,0,0,0,0,0,0,,0,2,0,1,0,0,3,,0,,3,2020-10-15,1,2020-10-15,2
N14,october_2020_arm_1,ento_form_1a_immediately_processed_summary,3,2020-10-29,,5,0,0,0,0,0,0,,0,2,2,2,3,0,9,,6,,5,2020-10-30,1,2020-10-30,2
N14,november_2020_arm_1,ento_form_1a_immediately_processed_summary,1,2020-11-05,,3,0,0,0,0,0,0,,0,4,1,12,4,1,22,,15,,3,2020-11-05,1,2020-11-05,2
N14,november_2020_arm_1,ento_form_1a_immediately_processed_summary,2,2020-11-12,,3,0,0,1,0,0,1,,0,4,0,12,7,2,25,,18,,4,2020-11-18,1,2020-11-18,2
N14,november_2020_arm_1,ento_form_1a_immediately_processed_summary,3,2020-11-26,,3,0,0,0,0,0,0,,0,4,2,15,5,0,26,,19,,5,2020-11-30,1,2020-11-30,2
N14,december_2020_arm_1,ento_form_1a_immediately_processed_summary,1,2020-12-03,,8,0,0,0,0,0,0,,0,0,0,5,0,0,5,,5,,4,2020-12-03,1,2020-12-03,2
N14,december_2020_arm_1,ento_form_1a_immediately_processed_summary,2,2020-12-17,,8,0,0,0,0,0,0,,0,0,1,1,1,0,3,,7,,3,2020-12-17,1,2020-12-17,2
N14,january_2021_arm_1,ento_form_1a_immediately_processed_summary,1,2021-01-07,,6,0,0,0,0,0,0,,0,0,0,2,1,0,3,,0,,3,2021-01-07,1,2021-01-07,2
N14,january_2021_arm_1,ento_form_1a_immediately_processed_summary,2,2021-01-28,,6,0,0,0,0,0,0,,0,0,2,0,1,0,3,,6,,4,2021-02-02,1,2021-02-02,2
N14,january_2021_arm_1,ento_form_1a_immediately_processed_summary,3,2021-01-14,,6,0,0,0,0,0,0,,0,0,0,0,0,0,0,,0,,4,2021-02-02,1,2021-02-02,2
N14,feburary_2021_arm_1,ento_form_1a_immediately_processed_summary,1,2021-02-04,,4,0,0,0,0,0,0,,0,0,2,0,2,0,4,,6,,5,2021-03-05,1,2021-03-05,2
N14,feburary_2021_arm_1,ento_form_1a_immediately_processed_summary,2,2021-02-25,,4,0,1,0,1,0,2,,0,0,0,0,0,0,0,,0,,3,2021-03-19,1,2021-03-19,2
N14,march_2021_arm_1,ento_form_1a_immediately_processed_summary,1,2021-03-04,,9,0,0,0,0,0,0,,1,1,3,5,2,0,11,,5,,3,2021-04-09,1,2021-04-09,2
N14,march_2021_arm_1,ento_form_1a_immediately_processed_summary,2,2021-03-25,,9,0,1,0,0,0,1,,1,0,0,0,0,0,0,,0,,5,2021-04-06,1,2021-04-06,2
N14,april_2021_arm_1,ento_form_1a_immediately_processed_summary,1,2021-04-08,,7,0,2,0,0,0,2,,0,0,0,0,0,0,0,,0,,3,2021-04-25,1,2021-04-25,2
N14,april_2021_arm_1,ento_form_1a_immediately_processed_summary,2,2021-04-29,,5,0,0,1,0,0,1,,0,0,0,1,0,0,1,,0,,5,2021-05-11,1,2021-05-11,2
N14,may_2021_arm_1,ento_form_1a_immediately_processed_summary,1,2021-05-06,,10,0,1,0,0,0,1,,0,0,0,1,0,0,1,,0,,5,2021-05-11,1,2021-05-11,2
N14,may_2021_arm_1,ento_form_1a_immediately_processed_summary,2,2021-05-27,,10,0,14,0,4,1,19,,1,0,1,5,1,1,8,,1,,5,2021-06-09,1,2021-06-09,2
N14,june_2021_arm_1,ento_form_1a_immediately_processed_summary,1,2021-06-03,,7,0,1,2,0,0,3,,0,0,1,2,0,0,3,,0,,5,2021-06-09,1,2021-06-09,2
N14,june_2021_arm_1,ento_form_1a_immediately_processed_summary,2,2021-06-24,,7,2,1,2,0,0,5,,0,0,1,3,1,0,5,,1,,4,2021-07-01,1,2021-07-01,2
N14,july_2021_arm_1,ento_form_1a_immediately_processed_summary,1,2021-07-08,,4,0,1,0,0,0,1,,0,0,5,2,2,0,9,,0,,6,2021-07-19,1,2021-07-19,2
N14,july_2021_arm_1,ento_form_1a_immediately_processed_summary,2,2021-07-01,,4,0,2,0,0,0,2,,2,2,0,1,1,0,4,,4,,6,2021-07-19,1,2021-07-19,2
N14,july_2021_arm_1,ento_form_1a_immediately_processed_summary,3,2021-07-29,,4,0,0,1,0,0,1,,1,0,5,3,2,0,10,,2,,6,2021-08-04,1,2021-08-04,2
N14,august_2021_arm_1,ento_form_1a_immediately_processed_summary,1,2021-08-05,,3,0,1,0,2,0,3,,0,2,0,2,2,1,7,,4,,6,2021-08-18,1,2021-08-18,2
N14,august_2021_arm_1,ento_form_1a_immediately_processed_summary,2,2021-08-26,,3,0,0,0,0,0,0,,0,2,0,3,1,0,6,,0,,6,2021-09-01,1,2021-09-01,2
N14,september_2021_arm_1,ento_form_1a_immediately_processed_summary,1,2021-09-02,,6,0,0,0,0,0,0,,0,1,6,2,7,0,16,,2,,3,2021-10-06,1,2021-10-06,2
N14,september_2021_arm_1,ento_form_1a_immediately_processed_summary,2,2021-09-09,,6,0,0,0,0,0,0,,0,1,13,5,8,0,27,,2,,3,2021-10-07,1,2021-10-07,2
N14,september_2021_arm_1,ento_form_1a_immediately_processed_summary,3,2021-09-30,,6,0,0,0,0,0,0,,0,11,22,24,17,0,74,,65,,3,2021-10-07,1,2021-10-07,2
N14,october_2021_arm_1,ento_form_1a_immediately_processed_summary,1,2021-10-07,,2,0,0,0,0,0,0,,0,8,29,2,8,0,47,,13,,3,2021-10-28,1,2021-10-28,2
N14,october_2021_arm_1,ento_form_1a_immediately_processed_summary,2,2021-10-28,,2,0,0,0,0,0,0,,0,8,64,45,30,1,148,,22,,3,2021-10-28,1,2021-10-28,2
N14,november_2021_arm_1,ento_form_1a_immediately_processed_summary,1,2021-11-25,,9,0,0,0,0,0,0,,0,15,96,24,32,0,167,,60,,3,2021-11-29,1,2021-11-29,2
N14,november_2021_arm_1,ento_form_1a_immediately_processed_summary,2,2021-11-04,,9,0,0,0,0,0,0,,0,14,53,84,52,1,204,,88,,3,2021-11-29,1,2021-11-29,2
N14,december_2021_arm_1,ento_form_1a_immediately_processed_summary,1,2021-12-02,,5,0,0,0,0,0,0,,0,36,87,39,116,0,278,,337,,3,2021-12-21,1,2021-12-21,2
N14,january_2022_arm_1,ento_form_1a_immediately_processed_summary,1,2022-01-27,,7,0,0,0,0,0,0,,0,1,2,0,0,0,3,,10,,3,2022-01-31,1,2022-01-31,2
N14,january_2022_arm_1,ento_form_1a_immediately_processed_summary,2,2022-01-06,,7,0,0,0,0,0,0,,0,3,6,0,8,0,17,,38,,3,2022-01-31,1,2022-01-31,2
N14,february_2022_arm_1,ento_form_1a_immediately_processed_summary,1,2022-02-03,,5,0,0,0,0,0,0,,0,1,0,2,4,0,7,,3,,3,2022-02-16,1,2022-02-16,2
N14,february_2022_arm_1,ento_form_1a_immediately_processed_summary,2,2022-02-24,,2,0,0,0,0,0,0,,0,0,0,0,0,0,0,,2,,3,2022-02-28,1,2022-02-28,2
N14,march_2022_arm_1,ento_form_1a_immediately_processed_summary,1,2022-03-24,,6,0,0,0,0,0,0,,0,0,0,0,0,0,0,,3,,3,2022-03-31,1,2022-03-31,2
N14,march_2022_arm_1,ento_form_1a_immediately_processed_summary,2,2022-03-03,,6,0,0,0,0,0,0,,0,0,2,0,4,0,6,,6,,3,2022-03-31,1,2022-03-31,2
N14,april_2022_arm_1,ento_form_1a_immediately_processed_summary,1,2022-04-25,,5,0,0,0,0,0,0,,0,0,0,0,2,0,2,,0,,3,2022-04-27,1,2022-04-27,2
N14,may_2022_arm_1,ento_form_1a_immediately_processed_summary,1,2022-05-26,,9,0,0,0,0,0,0,,1,0,1,1,0,0,2,,2,,3,2022-05-30,1,2022-05-30,2
N14,may_2022_arm_1,ento_form_1a_immediately_processed_summary,2,2022-05-05,,9,1,0,0,0,0,1,,0,0,0,1,0,0,1,,1,,3,2022-05-30,1,2022-05-30,2
N14,june_2022_arm_1,ento_form_1a_immediately_processed_summary,1,2022-06-30,,7,0,0,0,1,0,1,0,0,6,49,23,26,0,104,0,24,,2,2022-07-04,1,2022-07-04,2
N14,june_2022_arm_1,ento_form_1a_immediately_processed_summary,2,2022-06-23,,7,0,3,0,1,0,4,0,0,1,18,8,7,0,34,0,1,,2,2022-07-05,1,2022-07-05,2
N14,june_2022_arm_1,ento_form_1a_immediately_processed_summary,3,2022-06-02,,7,0,0,0,0,0,0,0,1,1,4,0,2,0,7,0,3,,2,2022-07-05,1,2022-07-05,2
N14,july_2022_arm_1,ento_form_1a_immediately_processed_summary,1,2022-07-21,,8,0,0,0,0,0,0,,0,3,23,43,26,1,96,,33,,3,2022-07-21,1,2022-07-21,2
N14,july_2022_arm_1,ento_form_1a_immediately_processed_summary,2,2022-07-28,,8,0,1,0,0,0,1,,0,3,2,17,5,0,27,,4,,4,2022-08-03,1,2022-08-03,2
N14,august_2022_arm_1,ento_form_1a_immediately_processed_summary,1,2022-08-04,,5,0,0,0,0,0,0,,1,4,28,38,16,0,86,,9,,4,2022-08-17,1,2022-08-17,2
N14,august_2022_arm_1,ento_form_1a_immediately_processed_summary,2,2022-08-25,,5,0,0,0,0,0,0,,0,3,16,14,12,0,45,,28,,3,2022-09-01,1,2022-09-01,2
N14,september_2022_arm_1,ento_form_1a_immediately_processed_summary,1,2022-09-29,,6,0,0,0,0,0,0,,0,3,53,9,11,1,77,,2,,3,2022-10-12,1,2022-10-12,2
N14,september_2022_arm_1,ento_form_1a_immediately_processed_summary,2,2022-09-22,,6,0,0,0,0,0,0,,0,7,23,19,23,0,72,,22,,3,2022-10-12,1,2022-10-12,2
N14,september_2022_arm_1,ento_form_1a_immediately_processed_summary,3,2022-09-01,,6,0,0,0,1,0,1,,0,4,20,16,16,0,56,,6,,3,2022-10-12,1,2022-10-12,2
N14,october_2022_arm_1,ento_form_1a_immediately_processed_summary,1,2022-10-27,,9,0,0,0,0,0,0,,0,2,22,12,10,2,48,,20,,3,2022-10-27,1,2022-10-27,2
N14,november_2022_arm_1,ento_form_1a_immediately_processed_summary,1,2022-11-03,,4,0,0,0,0,0,0,,0,0,11,6,4,0,21,,16,,10,2022-11-03,1,2022-11-03,2
N14,november_2022_arm_1,ento_form_1a_immediately_processed_summary,2,2022-11-24,,4,0,0,0,0,0,0,,0,2,7,3,2,0,14,,3,,12,2022-11-24,1,2022-11-24,2
N14,december_2022_arm_1,ento_form_1a_immediately_processed_summary,1,2022-12-01,,5,0,0,0,0,0,0,,0,1,2,2,9,0,14,,22,,13,2022-12-01,1,2022-12-01,2
N14,december_2022_arm_1,ento_form_1a_immediately_processed_summary,2,2022-12-22,,2,0,0,0,0,0,0,,0,0,3,3,2,0,8,,0,,11,2022-12-22,1,2022-12-22,2
N15,january_2020_arm_1,ento_form_1a_immediately_processed_summary,1,2020-01-17,,2,0,0,1,0,0,1,,0,2,14,11,12,0,39,,21,,3,2020-04-09,1,2020-04-09,1
N15,january_2020_arm_1,ento_form_1a_immediately_processed_summary,2,2020-01-30,,5,0,0,0,0,0,0,,1,2,0,12,11,0,25,,21,,3,2020-04-09,1,2020-04-09,1
N15,february_2020_arm_1,ento_form_1a_immediately_processed_summary,1,2020-02-06,,8,0,0,0,0,0,0,,0,2,6,12,0,0,20,,13,,3,2020-04-23,1,2020-04-23,1
N15,february_2020_arm_1,ento_form_1a_immediately_processed_summary,2,2020-02-13,,8,0,0,0,1,0,1,,0,2,1,5,4,0,12,,17,,3,2020-04-23,1,2020-04-23,1
N15,february_2020_arm_1,ento_form_1a_immediately_processed_summary,3,2020-02-27,,8,0,0,0,0,0,0,,0,1,1,5,4,0,11,,6,,3,2020-04-24,1,2020-04-24,1
N15,march_2020_arm_1,ento_form_1a_immediately_processed_summary,1,2020-03-12,,8,0,0,0,0,0,0,,0,0,2,4,2,0,8,,12,,3,2020-04-29,1,2020-04-29,1
N15,march_2020_arm_1,ento_form_1a_immediately_processed_summary,2,2020-03-05,,5,0,0,0,0,0,0,,0,0,0,1,3,0,4,,7,,3,2020-04-29,1,2020-04-29,1
N15,june_2020_arm_1,ento_form_1a_immediately_processed_summary,1,2020-06-04,,7,0,0,0,0,0,0,,0,8,9,16,10,0,43,,26,,3,2020-06-05,1,2020-06-05,1
N15,june_2020_arm_1,ento_form_1a_immediately_processed_summary,2,2020-06-11,,7,0,0,0,0,0,0,,0,34,36,136,31,0,237,,180,,3,2020-06-16,1,2020-06-16,1
N15,june_2020_arm_1,ento_form_1a_immediately_processed_summary,3,2020-06-25,,7,0,0,0,0,0,0,,0,5,2,10,19,0,36,,63,,3,2020-06-29,1,2020-06-29,1
N15,july_2020_arm_1,ento_form_1a_immediately_processed_summary,1,2020-07-09,,4,0,0,0,1,0,1,,1,27,7,6,13,1,54,,59,,4,2020-07-28,1,2020-07-28,1
N15,july_2020_arm_1,ento_form_1a_immediately_processed_summary,2,2020-07-16,,2,0,0,0,0,0,0,,0,9,20,17,26,0,72,,87,,5,2020-07-28,1,2020-07-28,1
N15,july_2020_arm_1,ento_form_1a_immediately_processed_summary,3,2020-07-30,,4,0,0,0,0,0,0,,1,15,20,20,14,0,69,,62,,3,2020-07-31,1,2020-07-31,1
N15,august_2020_arm_1,ento_form_1a_immediately_processed_summary,1,2020-08-06,,6,0,0,0,0,0,0,,0,2,25,12,10,0,49,,41,,4,2020-08-20,1,2020-08-20,2
N15,august_2020_arm_1,ento_form_1a_immediately_processed_summary,2,2020-08-13,,6,0,1,1,0,0,2,,0,5,6,5,7,1,24,,40,,5,2020-08-20,1,2020-08-20,2
N15,august_2020_arm_1,ento_form_1a_immediately_processed_summary,3,2020-08-27,,6,0,0,0,0,0,0,,0,0,0,3,0,0,3,,18,,3,2020-08-27,1,2020-08-27,2
N15,september_2020_arm_1,ento_form_1a_immediately_processed_summary,1,2020-09-10,,9,0,0,0,0,0,0,,0,0,0,1,0,0,1,,4,,4,2020-09-16,1,2020-09-16,2
N15,september_2020_arm_1,ento_form_1a_immediately_processed_summary,2,2020-09-03,,9,0,0,0,0,0,0,,0,0,0,0,0,0,0,,4,,5,2020-09-16,1,2020-09-16,2
N15,september_2020_arm_1,ento_form_1a_immediately_processed_summary,3,2020-09-24,,9,0,0,0,0,0,0,,0,0,2,1,0,0,3,,2,,5,2020-09-24,1,2020-09-24,2
N15,october_2020_arm_1,ento_form_1a_immediately_processed_summary,1,2020-10-08,,5,0,0,0,0,0,0,,0,1,3,4,1,0,9,,4,,4,2020-10-08,1,2020-10-08,2
N15,october_2020_arm_1,ento_form_1a_immediately_processed_summary,2,2020-10-15,,5,0,0,0,0,0,0,,0,4,4,3,8,0,19,,25,,3,2020-10-15,1,2020-10-15,2
N15,october_2020_arm_1,ento_form_1a_immediately_processed_summary,3,2020-10-29,,5,0,0,0,0,0,0,,0,12,11,6,6,0,35,,28,,5,2020-10-30,1,2020-10-30,2
N15,november_2020_arm_1,ento_form_1a_immediately_processed_summary,1,2020-11-05,,3,0,0,0,0,0,0,,0,4,3,23,11,1,42,,28,,3,2020-11-05,1,2020-11-05,2
N15,november_2020_arm_1,ento_form_1a_immediately_processed_summary,2,2020-11-12,,3,0,0,0,0,0,0,,0,1,0,4,3,0,8,,20,,4,2020-11-18,1,2020-11-18,2
N15,november_2020_arm_1,ento_form_1a_immediately_processed_summary,3,2020-11-26,,3,0,0,0,0,0,0,,0,4,1,8,15,2,30,,36,,5,2020-11-30,1,2020-11-30,2
N15,december_2020_arm_1,ento_form_1a_immediately_processed_summary,1,2020-12-03,,8,0,0,0,0,0,0,,0,0,0,0,0,0,0,,13,,4,2020-12-03,1,2020-12-03,2
N15,december_2020_arm_1,ento_form_1a_immediately_processed_summary,2,2020-12-17,,8,0,0,0,0,0,0,,0,0,0,0,3,0,3,,14,,3,2020-12-17,1,2020-12-17,2
N15,january_2021_arm_1,ento_form_1a_immediately_processed_summary,1,2021-01-07,,6,0,0,0,0,0,0,,0,0,0,1,1,0,2,,2,,3,2021-01-07,1,2021-01-07,2
N15,january_2021_arm_1,ento_form_1a_immediately_processed_summary,2,2021-01-28,,6,0,0,0,0,0,0,,0,0,0,0,0,0,0,,6,,4,2021-02-02,1,2021-02-02,2
N15,january_2021_arm_1,ento_form_1a_immediately_processed_summary,3,2021-01-14,,6,0,0,0,0,0,0,,0,0,0,0,1,0,1,,6,,4,2021-02-02,1,2021-02-02,2
N15,feburary_2021_arm_1,ento_form_1a_immediately_processed_summary,1,2021-02-04,,4,0,0,0,0,0,0,,0,0,0,1,1,0,2,,5,,5,2021-03-05,1,2021-03-05,2
N15,feburary_2021_arm_1,ento_form_1a_immediately_processed_summary,2,2021-02-25,,4,1,0,0,0,0,1,,2,1,0,0,3,1,5,,7,,3,2021-03-19,1,2021-03-19,2
N15,march_2021_arm_1,ento_form_1a_immediately_processed_summary,1,2021-03-04,,9,0,1,0,0,0,1,,1,1,2,3,4,0,10,,10,,3,2021-04-09,1,2021-04-09,2
N15,march_2021_arm_1,ento_form_1a_immediately_processed_summary,2,2021-03-25,,9,0,2,0,3,0,5,,1,0,0,0,0,0,0,,0,,5,2021-04-06,1,2021-04-06,2
N15,april_2021_arm_1,ento_form_1a_immediately_processed_summary,1,2021-04-08,,7,0,0,0,0,0,0,,0,0,0,0,0,0,0,,0,,3,2021-04-25,1,2021-04-25,2
N15,april_2021_arm_1,ento_form_1a_immediately_processed_summary,2,2021-04-29,,5,0,1,0,0,0,1,,0,0,0,0,1,0,1,,0,,5,2021-05-11,1,2021-05-11,2
N15,may_2021_arm_1,ento_form_1a_immediately_processed_summary,1,2021-05-06,,10,1,1,0,0,0,2,,0,0,0,0,0,0,0,,1,,5,2021-05-11,1,2021-05-11,2
N15,may_2021_arm_1,ento_form_1a_immediately_processed_summary,2,2021-05-27,,10,0,2,1,1,0,4,,4,0,4,0,3,0,7,,3,,5,2021-06-09,1,2021-06-09,2
N15,june_2021_arm_1,ento_form_1a_immediately_processed_summary,1,2021-06-03,,7,1,1,0,2,0,4,,2,0,0,1,0,0,1,,2,,5,2021-06-09,1,2021-06-09,2
N15,june_2021_arm_1,ento_form_1a_immediately_processed_summary,2,2021-06-24,,7,1,5,5,1,0,12,,2,0,1,2,4,0,7,,15,,4,2021-07-01,1,2021-07-01,2
N15,july_2021_arm_1,ento_form_1a_immediately_processed_summary,1,2021-07-08,,4,0,0,0,0,0,0,,2,3,0,2,7,1,13,,12,,6,2021-07-19,1,2021-07-19,2
N15,july_2021_arm_1,ento_form_1a_immediately_processed_summary,2,2021-07-01,,4,0,2,0,0,0,2,,1,1,2,0,3,1,7,,15,,6,2021-07-19,1,2021-07-19,2
N15,july_2021_arm_1,ento_form_1a_immediately_processed_summary,3,2021-07-29,,4,0,0,0,1,0,1,,1,0,2,2,2,0,6,,9,,6,2021-08-04,1,2021-08-04,2
N15,august_2021_arm_1,ento_form_1a_immediately_processed_summary,1,2021-08-05,,3,0,0,0,0,0,0,,0,4,0,6,2,0,12,,12,,6,2021-08-18,1,2021-08-18,2
N15,august_2021_arm_1,ento_form_1a_immediately_processed_summary,2,2021-08-26,,3,0,0,0,0,0,0,,0,1,0,0,1,0,2,,1,,6,2021-09-01,1,2021-09-01,2
N15,september_2021_arm_1,ento_form_1a_immediately_processed_summary,1,2021-09-02,,6,0,0,0,0,0,0,,0,2,1,0,1,0,4,,6,,3,2021-10-06,1,2021-10-06,2
N15,september_2021_arm_1,ento_form_1a_immediately_processed_summary,2,2021-09-09,,6,0,0,0,0,0,0,,0,13,0,0,0,0,13,,14,,3,2021-10-07,1,2021-10-07,2
N15,september_2021_arm_1,ento_form_1a_immediately_processed_summary,3,2021-09-30,,6,0,0,0,0,0,0,,0,2,2,1,4,2,11,,54,,3,2021-10-07,1,2021-10-07,2
N15,october_2021_arm_1,ento_form_1a_immediately_processed_summary,1,2021-10-07,,2,0,0,0,0,0,0,,0,5,2,3,9,2,21,,50,,3,2021-10-28,1,2021-10-28,2
N15,october_2021_arm_1,ento_form_1a_immediately_processed_summary,2,2021-10-28,,2,0,0,0,0,0,0,,0,15,15,12,41,1,84,,183,,3,2021-10-28,1,2021-10-28,2
N15,november_2021_arm_1,ento_form_1a_immediately_processed_summary,1,2021-11-25,,9,0,0,0,0,0,0,,0,16,19,14,16,0,65,,107,,3,2021-11-29,1,2021-11-29,2
N15,november_2021_arm_1,ento_form_1a_immediately_processed_summary,2,2021-11-04,,9,0,0,0,0,0,0,,0,6,1,10,9,0,26,,85,,3,2021-11-29,1,2021-11-29,2
N15,december_2021_arm_1,ento_form_1a_immediately_processed_summary,1,2021-12-02,,5,0,0,0,0,0,0,,0,10,17,5,17,0,49,,130,,3,2021-12-21,1,2021-12-21,2
N15,january_2022_arm_1,ento_form_1a_immediately_processed_summary,1,2022-01-27,,7,0,0,0,0,0,0,,0,2,0,0,2,0,4,,4,,3,2022-01-31,1,2022-01-31,2
N15,january_2022_arm_1,ento_form_1a_immediately_processed_summary,2,2022-01-06,,7,0,0,0,0,0,0,,0,1,0,0,3,0,4,,32,,3,2022-01-31,1,2022-01-31,2
N15,february_2022_arm_1,ento_form_1a_immediately_processed_summary,1,2022-02-03,,5,0,0,0,0,0,0,,1,1,0,1,0,0,2,,6,,3,2022-02-16,1,2022-02-16,2
N15,february_2022_arm_1,ento_form_1a_immediately_processed_summary,2,2022-02-24,,2,0,0,0,1,0,1,,0,1,1,0,0,0,2,,9,,2,2022-02-28,1,2022-02-28,2
N15,march_2022_arm_1,ento_form_1a_immediately_processed_summary,1,2022-03-24,,6,0,0,0,0,0,0,,0,0,0,0,0,0,0,,4,,3,2022-03-31,1,2022-03-31,2
N15,march_2022_arm_1,ento_form_1a_immediately_processed_summary,2,2022-03-03,,6,0,0,0,0,0,0,,0,0,1,2,2,0,5,,10,,3,2022-03-31,1,2022-03-31,2
N15,april_2022_arm_1,ento_form_1a_immediately_processed_summary,1,2022-04-25,,5,0,0,0,0,0,0,,0,0,1,0,0,0,1,,2,,3,2022-04-27,1,2022-04-27,2
N15,april_2022_arm_1,ento_form_1a_immediately_processed_summary,2,2022-04-13,,4,0,0,0,0,0,0,,0,2,0,0,1,0,3,,4,,3,2022-04-27,1,2022-04-27,2
N15,may_2022_arm_1,ento_form_1a_immediately_processed_summary,1,2022-05-26,,9,0,0,0,0,0,0,,0,0,0,1,0,0,1,,2,,3,2022-05-30,1,2022-05-30,2
N15,may_2022_arm_1,ento_form_1a_immediately_processed_summary,2,2022-05-05,,9,0,0,0,0,0,0,,0,1,0,0,0,0,1,,0,,3,2022-05-30,1,2022-05-30,2
N15,june_2022_arm_1,ento_form_1a_immediately_processed_summary,1,2022-06-30,,7,0,0,0,0,0,0,0,0,12,5,5,10,0,32,0,24,,2,2022-07-04,1,2022-07-04,2
N15,june_2022_arm_1,ento_form_1a_immediately_processed_summary,2,2022-06-23,,7,0,0,0,1,0,1,0,0,2,12,5,9,0,28,0,16,,2,2022-07-05,1,2022-07-05,2
N15,june_2022_arm_1,ento_form_1a_immediately_processed_summary,3,2022-06-02,,7,0,0,0,0,0,0,0,0,0,1,1,0,0,2,0,3,,2,2022-07-05,1,2022-07-05,2
N15,july_2022_arm_1,ento_form_1a_immediately_processed_summary,1,2022-07-21,,8,0,0,0,0,0,0,,0,2,2,3,15,0,22,,33,,3,2022-07-21,1,2022-07-21,2
N15,july_2022_arm_1,ento_form_1a_immediately_processed_summary,2,2022-07-28,,8,0,0,0,0,0,0,,0,7,9,7,14,1,38,,44,,4,2022-08-03,1,2022-08-03,2
N15,august_2022_arm_1,ento_form_1a_immediately_processed_summary,1,2022-08-04,,5,0,0,0,0,0,0,,0,7,0,3,10,0,20,,62,,4,2022-08-17,1,2022-08-17,2
N15,august_2022_arm_1,ento_form_1a_immediately_processed_summary,2,2022-08-25,,5,0,0,0,0,0,0,,0,3,3,4,9,0,19,,24,,3,2022-09-01,1,2022-09-01,2
N15,september_2022_arm_1,ento_form_1a_immediately_processed_summary,1,2022-09-29,,6,0,0,0,0,0,0,,0,25,3,3,12,0,43,,83,,3,2022-10-12,1,2022-10-12,2
N15,september_2022_arm_1,ento_form_1a_immediately_processed_summary,2,2022-09-22,,6,0,0,0,1,0,1,,0,5,0,2,10,0,17,,58,,3,2022-10-12,1,2022-10-12,2
N15,september_2022_arm_1,ento_form_1a_immediately_processed_summary,3,2022-09-01,,6,0,0,0,0,0,0,,0,7,0,0,5,0,12,,22,,3,2022-10-12,1,2022-10-12,2
N15,october_2022_arm_1,ento_form_1a_immediately_processed_summary,1,2022-10-27,,9,0,0,0,0,0,0,,0,8,6,7,8,0,29,,54,,3,2022-10-27,1,2022-10-27,2
N15,november_2022_arm_1,ento_form_1a_immediately_processed_summary,1,2022-11-03,,4,0,0,0,0,0,0,,0,3,0,1,18,0,22,,80,,10,2022-11-03,1,2022-11-03,2
N15,november_2022_arm_1,ento_form_1a_immediately_processed_summary,2,2022-11-24,,4,0,0,0,0,0,0,,0,1,3,1,2,0,7,,22,,12,2022-11-24,1,2022-11-24,2
N15,december_2022_arm_1,ento_form_1a_immediately_processed_summary,1,2022-12-01,,5,0,0,0,0,0,0,,0,3,2,1,0,0,6,,13,,13,2022-12-01,1,2022-12-01,2
N15,december_2022_arm_1,ento_form_1a_immediately_processed_summary,2,2022-12-22,,2,0,0,0,0,0,0,,0,2,2,0,4,0,8,,11,,11,2022-12-22,1,2022-12-22,2
N16,october_2020_arm_1,ento_form_1a_immediately_processed_summary,1,2020-10-30,,6,0,0,0,0,0,0,,0,0,0,1,1,0,2,,6,,5,2020-10-30,1,2020-10-30,2
N16,november_2020_arm_1,ento_form_1a_immediately_processed_summary,1,2020-11-05,,8,0,0,0,0,0,0,,0,0,0,2,7,0,9,,16,,3,2020-11-05,1,2020-11-05,2
N16,november_2020_arm_1,ento_form_1a_immediately_processed_summary,2,2020-11-12,,8,0,0,0,0,0,0,,0,1,0,1,3,0,5,,10,,4,2020-11-18,1,2020-11-18,2
N16,november_2020_arm_1,ento_form_1a_immediately_processed_summary,3,2020-11-26,,8,0,0,0,0,0,0,,0,0,0,1,0,0,1,,17,,1,2020-11-30,1,2020-11-30,2
N16,december_2020_arm_1,ento_form_1a_immediately_processed_summary,1,2020-12-03,,7,0,0,0,0,0,0,,0,0,0,0,1,0,1,,14,,4,2020-12-03,1,2020-12-03,2
N16,december_2020_arm_1,ento_form_1a_immediately_processed_summary,2,2020-12-17,,7,0,0,0,0,0,0,,0,0,0,1,1,0,2,,5,,4,2020-12-17,1,2020-12-17,2
N16,january_2021_arm_1,ento_form_1a_immediately_processed_summary,1,2021-01-07,,5,0,0,0,0,0,0,,2,0,0,2,0,0,2,,13,,3,2021-01-07,1,2021-01-07,2
N16,january_2021_arm_1,ento_form_1a_immediately_processed_summary,2,2021-01-28,,2,0,1,0,0,0,1,,0,0,0,0,0,0,0,,4,,4,2021-02-02,1,2021-02-02,2
N16,january_2021_arm_1,ento_form_1a_immediately_processed_summary,3,2021-01-14,,2,0,0,0,0,0,0,,0,0,0,0,1,0,1,,8,,4,2021-02-02,1,2021-02-02,2
N16,feburary_2021_arm_1,ento_form_1a_immediately_processed_summary,1,2021-02-04,,7,0,1,0,0,0,1,,1,0,0,2,0,0,2,,5,,5,2021-03-05,1,2021-03-05,2
N16,feburary_2021_arm_1,ento_form_1a_immediately_processed_summary,2,2021-02-25,,7,0,1,0,0,0,1,,0,0,0,2,0,0,2,,3,,3,2021-03-19,1,2021-03-19,2
N16,march_2021_arm_1,ento_form_1a_immediately_processed_summary,1,2021-03-04,,3,0,1,0,0,0,1,,0,1,0,0,0,0,1,,1,,3,2021-04-09,1,2021-04-09,2
N16,march_2021_arm_1,ento_form_1a_immediately_processed_summary,2,2021-03-25,,2,0,1,0,1,0,2,,0,0,0,0,0,0,0,,0,,5,2021-04-06,1,2021-04-06,2
N16,may_2021_arm_1,ento_form_1a_immediately_processed_summary,1,2021-05-27,,6,0,0,0,0,0,0,,1,0,0,0,1,0,1,,0,,5,2021-06-09,1,2021-06-09,2
N16,june_2021_arm_1,ento_form_1a_immediately_processed_summary,1,2021-06-03,,4,0,1,0,0,0,1,,1,0,0,0,0,0,0,,1,,5,2021-06-09,1,2021-06-09,2
N16,june_2021_arm_1,ento_form_1a_immediately_processed_summary,2,2021-06-24,,9,0,0,0,0,0,0,,0,1,5,0,2,0,8,,4,,4,2021-07-01,1,2021-07-01,2
N16,july_2021_arm_1,ento_form_1a_immediately_processed_summary,1,2021-07-08,,2,0,0,0,2,0,2,,0,2,4,3,5,0,14,,6,,6,2021-07-19,1,2021-07-19,2
N16,july_2021_arm_1,ento_form_1a_immediately_processed_summary,2,2021-07-01,,2,0,1,0,0,0,1,,1,3,7,0,3,0,13,,0,,6,2021-07-19,1,2021-07-19,2
N16,july_2021_arm_1,ento_form_1a_immediately_processed_summary,3,2021-07-29,,10,0,0,0,0,0,0,,0,2,1,0,1,0,4,,5,,6,2021-08-04,1,2021-08-04,2
N16,august_2021_arm_1,ento_form_1a_immediately_processed_summary,1,2021-08-05,,7,0,0,0,0,0,0,,0,0,0,0,1,0,1,,1,,6,2021-08-18,1,2021-08-18,2
N16,august_2021_arm_1,ento_form_1a_immediately_processed_summary,2,2021-08-26,,7,0,0,0,0,0,0,,0,0,3,1,2,0,6,,9,,6,2021-09-01,1,2021-09-01,2
N16,september_2021_arm_1,ento_form_1a_immediately_processed_summary,1,2021-09-02,,2,0,0,0,0,0,0,,0,0,3,0,2,0,5,,3,,3,2021-10-06,1,2021-10-06,2
N16,september_2021_arm_1,ento_form_1a_immediately_processed_summary,2,2021-09-09,,4,0,0,0,0,0,0,,0,2,7,2,0,0,11,,3,,3,2021-10-07,1,2021-10-07,2
N16,september_2021_arm_1,ento_form_1a_immediately_processed_summary,3,2021-09-30,,4,0,0,0,0,0,0,,0,1,0,0,0,0,1,,0,,3,2021-10-07,1,2021-10-07,2
N16,october_2021_arm_1,ento_form_1a_immediately_processed_summary,1,2021-10-07,,3,0,0,0,0,0,0,,0,2,6,0,3,0,11,,0,,3,2021-10-28,1,2021-10-28,2
N16,october_2021_arm_1,ento_form_1a_immediately_processed_summary,2,2021-10-28,,3,0,0,0,0,0,0,,0,17,31,21,16,0,85,,24,,3,2021-10-28,1,2021-10-28,2
N16,november_2021_arm_1,ento_form_1a_immediately_processed_summary,1,2021-11-25,,2,0,0,0,0,0,0,,0,38,0,89,42,4,173,,116,,3,2021-11-29,1,2021-11-29,2
N16,november_2021_arm_1,ento_form_1a_immediately_processed_summary,2,2021-11-04,,2,0,0,0,0,0,0,,0,15,104,52,26,0,197,,61,,3,2021-11-29,1,2021-11-29,2
N16,december_2021_arm_1,ento_form_1a_immediately_processed_summary,1,2021-12-02,,6,0,0,0,0,0,0,,0,14,46,23,34,0,117,,181,,3,2021-12-21,1,2021-12-21,2
N16,january_2022_arm_1,ento_form_1a_immediately_processed_summary,1,2022-01-27,,9,0,0,0,0,0,0,,0,2,1,1,1,0,5,,2,,3,2022-01-31,1,2022-01-31,2
N16,february_2022_arm_1,ento_form_1a_immediately_processed_summary,1,2022-02-03,,4,0,0,0,0,0,0,,0,0,0,0,2,0,2,,1,,3,2022-02-16,1,2022-02-16,2
N16,february_2022_arm_1,ento_form_1a_immediately_processed_summary,2,2022-02-24,,4,0,0,0,0,0,0,,0,0,0,0,1,0,1,,3,,3,2022-02-28,1,2022-02-28,2
N16,march_2022_arm_1,ento_form_1a_immediately_processed_summary,1,2022-03-24,,10,0,0,0,0,0,0,,0,0,0,0,0,0,0,,1,,3,2022-03-31,1,2022-03-31,2
N16,march_2022_arm_1,ento_form_1a_immediately_processed_summary,2,2022-03-03,,10,0,0,0,0,0,0,,1,0,0,1,1,0,2,,2,,3,2022-03-31,1,2022-03-31,2
N16,april_2022_arm_1,ento_form_1a_immediately_processed_summary,1,2022-04-25,,7,0,0,0,0,0,0,,0,0,0,1,1,0,2,,0,,3,2022-04-27,1,2022-04-27,2
N16,april_2022_arm_1,ento_form_1a_immediately_processed_summary,2,2022-04-13,,7,0,0,0,1,0,1,,0,0,0,1,0,0,1,,0,,3,2022-04-27,1,2022-04-27,2
N16,may_2022_arm_1,ento_form_1a_immediately_processed_summary,1,2022-05-26,,2,0,0,0,0,0,0,,0,0,0,2,0,0,2,,0,,3,2022-05-30,1,2022-05-30,2
N16,may_2022_arm_1,ento_form_1a_immediately_processed_summary,2,2022-05-05,,2,0,0,0,0,0,0,,0,0,1,0,0,0,1,,0,,3,2022-05-30,1,2022-05-30,2
N16,june_2022_arm_1,ento_form_1a_immediately_processed_summary,1,2022-06-30,,8,0,0,0,0,0,0,0,0,0,0,2,1,0,3,0,1,,2,2022-07-04,1,2022-07-04,2
N16,june_2022_arm_1,ento_form_1a_immediately_processed_summary,2,2022-06-23,,8,0,0,0,0,0,0,0,0,1,1,18,16,0,36,0,2,,2,2022-07-05,1,2022-07-05,2
N16,june_2022_arm_1,ento_form_1a_immediately_processed_summary,3,2022-06-02,,8,0,0,0,0,0,0,0,0,0,7,1,1,0,9,0,0,,2,2022-07-05,1,2022-07-05,2
N16,july_2022_arm_1,ento_form_1a_immediately_processed_summary,1,2022-07-21,,6,0,0,0,0,0,0,,0,5,2,6,7,0,20,,19,,3,2022-07-21,1,2022-07-21,2
N16,july_2022_arm_1,ento_form_1a_immediately_processed_summary,2,2022-07-28,,6,0,0,0,0,0,0,,0,3,0,3,7,0,13,,11,,4,2022-08-03,1,2022-08-03,2
N16,august_2022_arm_1,ento_form_1a_immediately_processed_summary,1,2022-08-04,,8,0,0,0,0,0,0,,0,0,4,2,3,0,9,,6,,4,2022-08-17,1,2022-08-17,2
N16,august_2022_arm_1,ento_form_1a_immediately_processed_summary,2,2022-08-25,,9,0,0,0,0,0,0,,0,0,3,0,1,0,4,,7,,3,2022-09-01,2,2022-09-01,2
N16,september_2022_arm_1,ento_form_1a_immediately_processed_summary,1,2022-09-29,,10,0,0,0,0,0,0,,0,5,2,0,3,0,10,,16,,3,2022-10-11,1,2022-10-11,2
N16,september_2022_arm_1,ento_form_1a_immediately_processed_summary,2,2022-09-22,,4,0,0,0,0,0,0,,1,8,8,9,9,0,34,,39,,3,2022-10-12,1,2022-10-12,2
N16,september_2022_arm_1,ento_form_1a_immediately_processed_summary,3,2022-09-01,,4,1,0,0,0,0,1,,0,9,3,4,2,1,19,,11,,3,2022-10-12,1,2022-10-12,2
N16,october_2022_arm_1,ento_form_1a_immediately_processed_summary,1,2022-10-27,,7,0,0,0,0,0,0,,0,1,2,5,6,0,14,,28,,10,2022-10-27,1,2022-10-27,2
N16,november_2022_arm_1,ento_form_1a_immediately_processed_summary,1,2022-11-03,,3,0,0,0,0,0,0,,0,4,0,6,5,1,16,,10,,10,2022-11-03,1,2022-11-03,2
N16,november_2022_arm_1,ento_form_1a_immediately_processed_summary,2,2022-11-24,,3,0,0,0,0,0,0,,0,1,0,1,0,1,3,,1,,12,2022-11-24,1,2022-11-24,2
N16,december_2022_arm_1,ento_form_1a_immediately_processed_summary,1,2022-12-01,,8,0,0,0,0,0,0,,0,0,0,2,1,0,3,,2,,13,2022-12-01,1,2022-12-01,2
N16,december_2022_arm_1,ento_form_1a_immediately_processed_summary,2,2022-12-22,,8,0,0,0,0,0,0,,0,0,0,0,0,0,0,,0,,13,2022-12-22,1,2022-12-22,2
S01,january_2020_arm_1,ento_form_1a_immediately_processed_summary,1,2020-01-22,,6,0,0,0,0,0,0,,3,24,2,37,29,0,92,,220,,3,2020-04-10,1,2020-04-10,1
S01,january_2020_arm_1,ento_form_1a_immediately_processed_summary,2,2020-01-29,,6,0,0,0,0,0,0,,0,3,1,34,17,0,55,,51,,3,2020-04-10,1,2020-04-10,1
S01,february_2020_arm_1,ento_form_1a_immediately_processed_summary,1,2020-02-05,,8,1,0,0,0,0,1,,4,17,5,14,10,1,47,,137,,3,2020-04-27,1,2020-04-27,1
S01,february_2020_arm_1,ento_form_1a_immediately_processed_summary,2,2020-02-19,,8,0,0,0,0,0,0,,2,70,107,75,67,2,321,,619,,3,2020-04-27,1,2020-04-27,1
S01,february_2020_arm_1,ento_form_1a_immediately_processed_summary,3,2020-02-26,,8,0,0,0,0,0,0,,1,24,5,37,52,0,118,,409,,3,2020-04-27,1,2020-04-27,1
S01,march_2020_arm_1,ento_form_1a_immediately_processed_summary,1,2020-03-04,,4,0,0,1,0,0,1,,2,7,7,8,14,2,38,,177,,3,2020-04-29,1,2020-04-29,1
S01,march_2020_arm_1,ento_form_1a_immediately_processed_summary,2,2020-03-18,,4,0,0,0,0,0,0,,2,3,0,14,8,0,25,,46,,3,2020-04-30,1,2020-04-30,1
S01,june_2020_arm_1,ento_form_1a_immediately_processed_summary,1,2020-06-03,,6,0,0,0,0,0,0,,0,198,23,80,52,2,355,,490,,3,2020-06-05,1,2020-06-05,1
S01,june_2020_arm_1,ento_form_1a_immediately_processed_summary,2,2020-06-17,,6,0,1,0,0,0,1,,0,206,24,100,80,0,410,,616,,3,2020-06-26,1,2020-06-26,1
S01,june_2020_arm_1,ento_form_1a_immediately_processed_summary,3,2020-06-24,,6,0,0,1,0,0,1,,0,272,30,135,125,0,562,,784,,3,2020-06-26,1,2020-06-26,1
S01,july_2020_arm_1,ento_form_1a_immediately_processed_summary,1,2020-07-08,,8,0,0,0,0,0,0,,1,10,13,42,25,0,90,,95,,3,2020-08-04,1,2020-08-04,1
S01,july_2020_arm_1,ento_form_1a_immediately_processed_summary,2,2020-07-22,,8,0,1,0,0,0,1,,1,4,3,18,12,0,37,,27,,3,2020-08-05,1,2020-08-05,1
S01,july_2020_arm_1,ento_form_1a_immediately_processed_summary,3,2020-07-29,,8,0,0,0,0,0,0,,0,5,3,13,2,0,23,,20,,3,2020-08-05,1,2020-08-05,1
S01,august_2020_arm_1,ento_form_1a_immediately_processed_summary,1,2020-08-05,,3,0,0,0,0,0,0,,0,2,0,3,2,0,7,,8,,3,2020-08-20,1,2020-08-20,2
S01,august_2020_arm_1,ento_form_1a_immediately_processed_summary,2,2020-08-19,,3,0,0,0,0,0,0,,0,1,0,1,0,1,3,,3,,3,2020-08-20,1,2020-08-20,2
S01,august_2020_arm_1,ento_form_1a_immediately_processed_summary,3,2020-08-26,,3,0,0,0,0,0,0,,0,1,1,4,0,0,6,,4,,3,2020-09-02,1,2020-09-02,2
S01,september_2020_arm_1,ento_form_1a_immediately_processed_summary,1,2020-09-02,,5,0,0,0,0,0,0,,0,5,4,6,2,0,17,,17,,4,2020-09-14,1,2020-09-14,2
S01,september_2020_arm_1,ento_form_1a_immediately_processed_summary,2,2020-09-16,,5,0,0,0,0,0,0,,0,4,6,3,3,0,16,,14,,3,2020-09-23,1,2020-09-23,2
S01,september_2020_arm_1,ento_form_1a_immediately_processed_summary,3,2020-09-23,,5,0,0,0,1,0,1,,0,0,3,1,4,0,8,,7,,3,2020-09-23,1,2020-09-23,2
S01,october_2020_arm_1,ento_form_1a_immediately_processed_summary,1,2020-10-07,,9,0,0,0,0,0,0,,0,2,4,5,6,0,17,,10,,3,2020-10-07,1,2020-10-07,2
S01,october_2020_arm_1,ento_form_1a_immediately_processed_summary,2,2020-10-21,,9,0,0,0,0,0,0,,0,1,3,6,5,0,15,,6,,3,2020-10-21,1,2020-10-21,2
S01,october_2020_arm_1,ento_form_1a_immediately_processed_summary,3,2020-10-28,,9,0,0,0,0,0,0,,0,2,4,1,8,0,15,,10,,3,2020-11-04,1,2020-11-04,2
S01,november_2020_arm_1,ento_form_1a_immediately_processed_summary,1,2020-11-04,,4,0,1,0,0,0,1,,0,2,5,6,5,0,18,,19,,3,2020-11-04,1,2020-11-04,2
S01,november_2020_arm_1,ento_form_1a_immediately_processed_summary,2,2020-11-18,,4,0,0,0,0,0,0,,0,4,2,3,6,2,17,,11,,5,2020-11-18,1,2020-11-18,2
S01,november_2020_arm_1,ento_form_1a_immediately_processed_summary,3,2020-11-25,,4,0,0,0,0,0,0,,0,2,14,8,8,1,33,,13,,3,2020-11-30,1,2020-11-30,2
S01,december_2020_arm_1,ento_form_1a_immediately_processed_summary,1,2020-12-02,,6,0,0,0,0,0,0,,0,0,2,2,2,0,6,,4,,3,2020-12-02,1,2020-12-02,2
S01,december_2020_arm_1,ento_form_1a_immediately_processed_summary,2,2020-12-16,,6,0,0,0,0,0,0,,1,1,7,3,1,0,12,,9,,4,2020-12-16,1,2020-12-16,2
S01,january_2021_arm_1,ento_form_1a_immediately_processed_summary,1,2021-01-06,,7,0,0,0,0,0,0,,0,4,5,7,6,0,22,,12,,3,2021-01-07,1,2021-01-07,2
S01,january_2021_arm_1,ento_form_1a_immediately_processed_summary,2,2021-01-20,,7,0,0,0,1,0,1,,0,1,3,2,5,0,11,,16,,3,2021-02-02,1,2021-02-02,2
S01,january_2021_arm_1,ento_form_1a_immediately_processed_summary,3,2021-01-27,,7,0,0,0,0,0,0,,1,2,3,2,4,0,11,,11,,3,2021-02-03,1,2021-02-03,2
S01,feburary_2021_arm_1,ento_form_1a_immediately_processed_summary,1,2021-02-17,,6,0,0,0,0,0,0,,0,0,1,3,8,0,12,,16,,3,2021-03-03,1,2021-03-03,2
S01,feburary_2021_arm_1,ento_form_1a_immediately_processed_summary,2,2021-02-24,,6,0,0,0,0,0,0,,0,1,0,6,4,0,11,,13,,3,2021-03-03,1,2021-03-03,2
S01,march_2021_arm_1,ento_form_1a_immediately_processed_summary,1,2021-03-17,,2,0,0,0,0,0,0,,0,0,0,0,2,0,2,,8,,4,2021-04-01,1,2021-04-01,2
S01,march_2021_arm_1,ento_form_1a_immediately_processed_summary,2,2021-03-24,,2,0,0,0,0,0,0,,0,1,0,0,2,0,3,,5,,4,2021-04-01,1,2021-04-01,2
S01,march_2021_arm_1,ento_form_1a_immediately_processed_summary,3,2021-03-31,,2,0,0,0,1,0,1,,0,2,1,1,0,0,4,,2,,4,2021-04-01,1,2021-04-01,2
S01,april_2021_arm_1,ento_form_1a_immediately_processed_summary,1,2021-04-21,,3,0,0,0,0,0,0,,0,0,1,1,2,0,4,,2,,5,2021-04-28,1,2021-04-28,2
S01,april_2021_arm_1,ento_form_1a_immediately_processed_summary,2,2021-04-28,,3,0,0,1,0,0,1,,0,1,0,0,2,0,3,,1,,5,2021-04-28,1,2021-04-28,2
S01,may_2021_arm_1,ento_form_1a_immediately_processed_summary,1,2021-05-26,,9,0,3,0,0,0,3,,0,2,2,3,7,0,14,,14,,5,2021-06-09,1,2021-06-09,2
S01,may_2021_arm_1,ento_form_1a_immediately_processed_summary,2,2021-05-19,,9,0,3,0,0,0,3,,0,3,0,10,0,0,13,,0,,5,2021-06-24,1,2021-06-24,2
S01,june_2021_arm_1,ento_form_1a_immediately_processed_summary,1,2021-06-16,,4,0,3,1,0,0,4,,2,5,7,15,13,0,40,,53,,5,2021-07-01,1,2021-07-01,2
S01,june_2021_arm_1,ento_form_1a_immediately_processed_summary,2,2021-06-23,,4,0,0,0,0,0,0,,0,7,7,7,9,2,32,,59,,4,2021-07-01,1,2021-07-01,2
S01,june_2021_arm_1,ento_form_1a_immediately_processed_summary,3,2021-06-30,,4,0,0,0,0,0,0,,2,7,0,8,10,0,25,,38,,4,2021-07-01,1,2021-07-01,2
S01,july_2021_arm_1,ento_form_1a_immediately_processed_summary,1,2021-07-21,,7,0,0,0,0,0,0,,1,2,1,3,4,0,10,,14,,6,2021-07-22,1,2021-07-22,2
S01,july_2021_arm_1,ento_form_1a_immediately_processed_summary,2,2021-07-28,,9,0,1,0,1,0,2,,2,2,2,1,3,0,8,,8,,6,2021-08-04,1,2021-08-04,2
S01,august_2021_arm_1,ento_form_1a_immediately_processed_summary,1,2021-08-18,,2,0,0,0,0,0,0,,0,1,0,1,0,0,2,,4,,6,2021-08-19,1,2021-08-19,2
S01,august_2021_arm_1,ento_form_1a_immediately_processed_summary,2,2021-08-25,,2,0,0,0,0,0,0,,0,0,0,0,0,0,0,,0,,6,2021-09-01,1,2021-09-01,2
S01,september_2021_arm_1,ento_form_1a_immediately_processed_summary,1,2021-09-01,,6,0,0,0,0,0,0,,0,0,0,0,3,0,3,,3,,3,2021-10-06,1,2021-10-06,2
S01,september_2021_arm_1,ento_form_1a_immediately_processed_summary,2,2021-09-22,,6,0,0,0,0,0,0,,0,0,0,0,0,0,0,,1,,3,2021-10-06,1,2021-10-06,2
S01,september_2021_arm_1,ento_form_1a_immediately_processed_summary,3,2021-09-29,,6,0,0,0,0,0,0,,0,1,1,0,1,0,3,,4,,3,2021-10-06,1,2021-10-06,2
S01,october_2021_arm_1,ento_form_1a_immediately_processed_summary,1,2021-10-27,,10,0,0,0,0,0,0,,1,1,2,2,5,0,10,,9,,3,2021-10-27,1,2021-10-27,2
S01,november_2021_arm_1,ento_form_1a_immediately_processed_summary,1,2021-11-24,,3,0,0,0,0,0,0,,0,2,3,1,1,0,7,,7,,3,2021-11-29,1,2021-11-29,2
S01,november_2021_arm_1,ento_form_1a_immediately_processed_summary,2,2021-11-17,,3,0,0,0,0,0,0,,0,1,1,3,6,0,11,,15,,3,2021-11-29,1,2021-11-29,2
S01,december_2021_arm_1,ento_form_1a_immediately_processed_summary,1,2021-12-15,,9,0,0,0,1,0,1,,0,2,2,4,2,0,10,,4,,3,2021-12-21,1,2021-12-21,2
S01,january_2022_arm_1,ento_form_1a_immediately_processed_summary,1,2022-01-26,,4,0,0,0,0,0,0,,0,1,5,7,5,2,20,,74,,3,2022-01-31,1,2022-01-31,2
S01,january_2022_arm_1,ento_form_1a_immediately_processed_summary,2,2022-01-19,,4,0,0,1,0,0,1,,0,2,8,4,20,3,37,,53,,3,2022-01-31,1,2022-01-31,2
S01,february_2022_arm_1,ento_form_1a_immediately_processed_summary,1,2022-02-16,,7,0,0,0,0,0,0,,0,7,13,1,9,0,30,,53,,3,2022-02-17,1,2022-02-17,2
S01,february_2022_arm_1,ento_form_1a_immediately_processed_summary,2,2022-02-23,,7,0,0,0,0,0,0,,1,1,15,9,18,0,43,,51,,3,2022-02-23,1,2022-02-23,2
S01,march_2022_arm_1,ento_form_1a_immediately_processed_summary,1,2022-03-23,,10,0,1,0,0,0,1,,0,3,0,2,4,0,9,,16,,3,2022-03-28,1,2022-03-28,2
S01,march_2022_arm_1,ento_form_1a_immediately_processed_summary,2,2022-03-16,,10,0,0,0,0,0,0,,0,4,0,13,6,0,23,,26,,3,2022-03-28,1,2022-03-28,2
S01,april_2022_arm_1,ento_form_1a_immediately_processed_summary,1,2022-04-28,,6,0,0,0,0,0,0,,0,4,0,0,6,0,10,,19,,3,2022-05-04,1,2022-05-04,2
S01,april_2022_arm_1,ento_form_1a_immediately_processed_summary,2,2022-04-08,,6,0,0,0,0,0,0,,0,1,0,10,8,1,20,,14,,3,2022-05-04,1,2022-05-04,2
S01,april_2022_arm_1,ento_form_1a_immediately_processed_summary,3,2022-04-01,,6,0,0,0,1,0,1,,0,1,1,3,2,0,7,,10,,3,2022-05-04,1,2022-05-04,2
S01,may_2022_arm_1,ento_form_1a_immediately_processed_summary,1,2022-05-25,,8,0,0,0,0,0,0,,0,0,1,2,2,0,5,,10,,3,2022-06-02,1,2022-06-02,2
S01,may_2022_arm_1,ento_form_1a_immediately_processed_summary,2,2022-05-18,,7,0,0,0,0,0,0,,0,0,0,2,0,0,2,,2,,3,2022-06-02,1,2022-06-02,2
S01,june_2022_arm_1,ento_form_1a_immediately_processed_summary,1,2022-06-22,,3,0,0,0,0,0,0,0,0,28,20,17,19,0,84,0,39,,2,2022-07-06,1,2022-07-06,2
S01,june_2022_arm_1,ento_form_1a_immediately_processed_summary,2,2022-06-15,,3,1,0,0,0,0,1,,2,25,10,27,25,2,89,,64,,3,2022-07-06,1,2022-07-06,2
S01,july_2022_arm_1,ento_form_1a_immediately_processed_summary,1,2022-07-13,,8,0,0,0,0,0,0,,0,24,20,2,10,0,56,,68,,3,2022-07-19,1,2022-07-19,2
S01,july_2022_arm_1,ento_form_1a_immediately_processed_summary,2,2022-07-20,,4,0,0,0,0,0,0,,0,25,6,22,24,1,78,,162,,3,2022-07-21,1,2022-07-21,2
S01,july_2022_arm_1,ento_form_1a_immediately_processed_summary,3,2022-07-27,,4,0,0,0,0,0,0,,0,12,5,5,13,0,35,,58,,4,2022-08-02,1,2022-08-02,2
S01,august_2022_arm_1,ento_form_1a_immediately_processed_summary,1,2022-08-03,,7,0,0,0,0,0,0,,0,8,2,9,7,0,26,,40,,4,2022-08-04,1,2022-08-04,2
S01,august_2022_arm_1,ento_form_1a_immediately_processed_summary,2,2022-08-24,,7,0,0,0,0,0,0,,0,0,1,7,0,0,8,,26,,3,2022-09-01,1,2022-09-01,2
S01,september_2022_arm_1,ento_form_1a_immediately_processed_summary,1,2022-09-21,,5,0,0,0,0,0,0,,0,4,1,3,1,0,9,,5,,3,2022-09-23,1,2022-09-23,2
S01,september_2022_arm_1,ento_form_1a_immediately_processed_summary,2,2022-09-14,,5,0,0,0,0,0,0,,0,7,11,4,17,0,39,,32,,3,2022-10-11,1,2022-10-11,2
S01,october_2022_arm_1,ento_form_1a_immediately_processed_summary,1,2022-10-12,,2,0,0,0,0,0,0,,0,12,38,4,12,0,66,,34,,4,2022-10-19,1,2022-10-19,2
S01,october_2022_arm_1,ento_form_1a_immediately_processed_summary,2,2022-10-19,,2,0,0,0,0,0,0,,0,12,5,15,6,0,38,,39,,4,2022-10-19,1,2022-10-19,2
S01,november_2022_arm_1,ento_form_1a_immediately_processed_summary,1,2022-11-16,,3,0,0,0,0,0,0,,0,9,2,16,12,0,39,,28,,10,2022-11-16,1,2022-11-16,2
S01,november_2022_arm_1,ento_form_1a_immediately_processed_summary,2,2022-11-23,,3,0,0,0,0,0,0,,0,11,0,9,4,0,24,,21,,12,2022-11-24,1,2022-11-24,2
S01,december_2022_arm_1,ento_form_1a_immediately_processed_summary,1,2022-12-14,,9,0,0,0,0,0,0,,0,6,2,4,8,1,21,,10,,10,2022-12-14,1,2022-12-14,2
S01,december_2022_arm_1,ento_form_1a_immediately_processed_summary,2,2022-12-21,,9,0,0,0,0,0,0,,0,3,4,0,3,1,11,,8,,10,2022-12-21,1,2022-12-21,2
S02,january_2020_arm_1,ento_form_1a_immediately_processed_summary,1,2020-01-22,,6,0,0,0,0,0,0,,1,5,0,29,13,0,47,,36,,3,2020-04-10,1,2020-04-10,1
S02,january_2020_arm_1,ento_form_1a_immediately_processed_summary,2,2020-01-29,,6,0,1,0,0,0,1,,1,9,3,14,9,0,35,,51,,3,2020-04-10,1,2020-04-10,1
S02,february_2020_arm_1,ento_form_1a_immediately_processed_summary,1,2020-02-05,,8,0,0,0,0,0,0,,0,7,15,12,16,1,51,,50,,3,2020-04-27,1,2020-04-27,1
S02,february_2020_arm_1,ento_form_1a_immediately_processed_summary,2,2020-02-19,,8,0,0,0,0,0,0,,0,8,13,20,10,0,51,,60,,3,2020-04-27,1,2020-04-27,1
S02,february_2020_arm_1,ento_form_1a_immediately_processed_summary,3,2020-02-26,,8,0,0,0,0,0,0,0,0,4,0,10,13,0,27,,14,,3,2020-04-27,1,2020-04-27,1
S02,march_2020_arm_1,ento_form_1a_immediately_processed_summary,1,2020-03-04,,4,0,0,0,0,0,0,,0,0,0,3,3,0,6,,13,,3,2020-04-29,1,2020-04-29,1
S02,march_2020_arm_1,ento_form_1a_immediately_processed_summary,2,2020-03-18,,4,0,0,0,0,0,0,,1,4,0,0,3,0,7,,21,,3,2020-04-30,1,2020-04-30,1
S02,june_2020_arm_1,ento_form_1a_immediately_processed_summary,1,2020-06-03,,6,0,1,0,0,0,1,,0,12,31,26,14,0,83,,26,,3,2020-06-05,1,2020-06-05,1
S02,june_2020_arm_1,ento_form_1a_immediately_processed_summary,2,2020-06-17,,6,0,0,0,0,0,0,,0,17,33,10,22,0,82,,84,,3,2020-06-26,1,2020-06-26,1
S02,june_2020_arm_1,ento_form_1a_immediately_processed_summary,3,2020-06-24,,6,1,0,0,0,0,1,,0,10,9,14,24,0,57,,74,,3,2020-06-26,1,2020-06-26,1
S02,july_2020_arm_1,ento_form_1a_immediately_processed_summary,1,2020-07-08,,2,0,4,0,0,0,4,,0,1,7,10,4,0,22,,4,,3,2020-08-04,1,2020-08-04,1
S02,july_2020_arm_1,ento_form_1a_immediately_processed_summary,2,2020-07-22,,8,0,0,0,0,0,0,,0,1,0,1,2,0,4,,4,,3,2020-08-05,1,2020-08-05,1
S02,july_2020_arm_1,ento_form_1a_immediately_processed_summary,3,2020-07-29,,8,0,1,0,0,0,1,,0,0,0,0,1,0,1,,2,,3,2020-08-05,1,2020-08-05,1
S02,august_2020_arm_1,ento_form_1a_immediately_processed_summary,1,2020-08-05,,3,0,0,0,0,0,0,,0,0,0,1,0,0,1,,2,,3,2020-08-20,1,2020-08-20,2
S02,august_2020_arm_1,ento_form_1a_immediately_processed_summary,2,2020-08-19,,3,0,0,0,0,0,0,,0,1,1,4,2,1,9,,4,,3,2020-08-20,1,2020-08-20,2
S02,august_2020_arm_1,ento_form_1a_immediately_processed_summary,3,2020-08-26,,3,0,0,0,0,0,0,,0,1,0,1,0,0,2,,0,,3,2020-09-02,1,2020-09-02,2
S02,september_2020_arm_1,ento_form_1a_immediately_processed_summary,1,2020-09-02,,5,0,0,0,0,0,0,,0,0,2,2,1,0,5,,0,,4,2020-09-14,1,2020-09-14,2
S02,september_2020_arm_1,ento_form_1a_immediately_processed_summary,2,2020-09-16,,5,0,0,0,0,0,0,,0,0,6,10,2,0,18,,2,,3,2020-09-23,1,2020-09-23,2
S02,september_2020_arm_1,ento_form_1a_immediately_processed_summary,3,2020-09-23,,5,0,0,0,0,0,0,,0,0,5,4,3,0,12,,0,,3,2020-09-23,1,2020-09-23,2
S02,october_2020_arm_1,ento_form_1a_immediately_processed_summary,1,2020-10-07,,9,0,1,0,0,0,1,,0,0,2,1,4,0,7,,10,,3,2020-10-07,1,2020-10-07,2
S02,october_2020_arm_1,ento_form_1a_immediately_processed_summary,2,2020-10-21,,9,0,0,0,0,0,0,,0,1,2,3,2,0,8,,5,,3,2020-10-21,1,2020-10-21,2
S02,october_2020_arm_1,ento_form_1a_immediately_processed_summary,3,2020-10-28,,9,0,0,0,0,0,0,,0,1,2,2,2,0,7,,10,,3,2020-11-04,1,2020-11-04,2
S02,november_2020_arm_1,ento_form_1a_immediately_processed_summary,1,2020-11-04,,4,0,0,0,0,0,0,,0,0,3,4,4,0,11,,7,,3,2020-11-04,1,2020-11-04,2
S02,november_2020_arm_1,ento_form_1a_immediately_processed_summary,2,2020-11-18,,4,0,0,0,0,0,0,,0,0,0,4,2,0,6,,2,,5,2020-11-18,1,2020-11-18,2
S02,november_2020_arm_1,ento_form_1a_immediately_processed_summary,3,2020-11-25,,4,0,0,0,0,0,0,,0,1,0,6,1,0,8,,2,,3,2020-11-30,1,2020-11-30,2
S02,december_2020_arm_1,ento_form_1a_immediately_processed_summary,1,2020-12-02,,2,0,0,0,0,0,0,,0,0,2,2,0,0,4,,0,,3,2020-12-02,1,2020-12-02,2
S02,december_2020_arm_1,ento_form_1a_immediately_processed_summary,2,2020-12-16,,6,0,0,0,0,0,0,,0,0,1,0,2,0,3,,7,,4,2020-12-16,1,2020-12-16,2
S02,january_2021_arm_1,ento_form_1a_immediately_processed_summary,1,2021-01-06,,7,0,0,0,0,0,0,,0,2,3,0,5,0,10,,13,,3,2021-01-07,1,2021-01-07,2
S02,january_2021_arm_1,ento_form_1a_immediately_processed_summary,2,2021-01-20,,7,0,0,0,0,0,0,,0,0,2,2,7,0,11,,12,,3,2021-02-02,1,2021-02-02,2
S02,january_2021_arm_1,ento_form_1a_immediately_processed_summary,3,2021-01-27,,7,0,0,0,0,0,0,,0,2,1,2,3,0,8,,8,,3,2021-02-03,1,2021-02-03,2
S02,feburary_2021_arm_1,ento_form_1a_immediately_processed_summary,1,2021-02-17,,4,0,1,0,0,0,1,,0,0,0,1,2,0,3,,6,,3,2021-03-03,1,2021-03-03,2
S02,feburary_2021_arm_1,ento_form_1a_immediately_processed_summary,2,2021-02-24,,4,0,0,0,0,0,0,,1,0,0,2,12,0,14,,16,,3,2021-03-19,1,2021-03-19,2
S02,march_2021_arm_1,ento_form_1a_immediately_processed_summary,1,2021-03-17,,2,0,0,0,1,0,1,,0,1,7,6,2,0,16,,5,,4,2021-04-01,1,2021-04-01,2
S02,march_2021_arm_1,ento_form_1a_immediately_processed_summary,2,2021-03-24,,2,0,1,0,0,0,1,,0,0,2,0,2,0,4,,7,,4,2021-04-01,1,2021-04-01,2
S02,march_2021_arm_1,ento_form_1a_immediately_processed_summary,3,2021-03-31,,2,0,3,1,1,0,5,,0,0,2,0,3,0,5,,3,,4,2021-04-01,1,2021-04-01,2
S02,april_2021_arm_1,ento_form_1a_immediately_processed_summary,1,2021-04-21,,3,0,2,0,4,0,6,,0,0,3,5,1,0,9,,7,,5,2021-04-28,1,2021-04-28,2
S02,april_2021_arm_1,ento_form_1a_immediately_processed_summary,2,2021-04-28,,3,0,2,2,1,0,5,,0,1,4,5,1,0,11,,1,,5,2021-04-28,1,2021-04-28,2
S02,may_2021_arm_1,ento_form_1a_immediately_processed_summary,1,2021-05-19,,9,1,22,0,3,0,26,,3,3,3,14,6,0,26,,9,,3,2021-09-07,1,2021-09-07,2
S02,may_2021_arm_1,ento_form_1a_immediately_processed_summary,2,2021-05-26,,9,1,9,0,3,0,13,,2,3,7,20,11,0,41,,6,,3,2021-09-07,1,2021-09-07,2
S02,june_2021_arm_1,ento_form_1a_immediately_processed_summary,1,2021-06-16,,4,0,3,0,1,0,4,,1,2,14,5,11,0,32,,10,,4,2021-07-01,1,2021-07-01,2
S02,june_2021_arm_1,ento_form_1a_immediately_processed_summary,2,2021-06-23,,4,0,3,3,0,0,6,,3,4,2,1,9,0,16,,22,,4,2021-07-01,1,2021-07-01,2
S02,june_2021_arm_1,ento_form_1a_immediately_processed_summary,3,2021-06-30,,4,0,0,0,0,0,0,,1,3,0,0,4,0,7,,10,,4,2021-07-01,1,2021-07-01,2
S02,july_2021_arm_1,ento_form_1a_immediately_processed_summary,1,2021-07-21,,7,0,0,0,0,0,0,,0,0,2,0,2,0,4,,4,,6,2021-07-22,1,2021-07-22,2
S02,july_2021_arm_1,ento_form_1a_immediately_processed_summary,2,2021-07-28,,4,0,0,0,0,0,0,,0,1,0,1,7,0,9,,7,,6,2021-08-04,1,2021-08-04,2
S02,august_2021_arm_1,ento_form_1a_immediately_processed_summary,1,2021-08-18,,2,0,0,0,0,0,0,,0,1,0,0,0,0,1,,7,,6,2021-08-19,1,2021-08-19,2
S02,august_2021_arm_1,ento_form_1a_immediately_processed_summary,2,2021-08-25,,2,0,0,0,0,0,0,,0,0,0,0,2,0,2,,1,,6,2021-09-01,1,2021-09-01,2
S02,september_2021_arm_1,ento_form_1a_immediately_processed_summary,1,2021-09-01,,6,0,0,0,0,0,0,,0,0,0,0,2,0,2,,1,,3,2021-10-06,1,2021-10-06,2
S02,september_2021_arm_1,ento_form_1a_immediately_processed_summary,2,2021-09-22,,6,0,0,0,0,0,0,,0,0,1,0,2,0,3,,3,,3,2021-10-06,1,2021-10-06,2
S02,september_2021_arm_1,ento_form_1a_immediately_processed_summary,3,2021-09-29,,6,0,0,0,0,0,0,,0,0,0,0,2,0,2,,2,,3,2021-10-06,1,2021-10-06,2
S02,october_2021_arm_1,ento_form_1a_immediately_processed_summary,1,2021-10-27,,10,0,0,0,0,0,0,,0,1,1,0,3,0,5,,14,,3,2021-10-27,1,2021-10-27,2
S02,november_2021_arm_1,ento_form_1a_immediately_processed_summary,1,2021-11-24,,3,0,0,0,0,0,0,,0,1,2,0,6,0,9,,14,,3,2021-11-29,1,2021-11-29,2
S02,november_2021_arm_1,ento_form_1a_immediately_processed_summary,2,2021-11-17,,3,0,0,0,0,0,0,,0,1,0,2,10,0,13,,21,,3,2021-11-29,1,2021-11-29,2
S02,december_2021_arm_1,ento_form_1a_immediately_processed_summary,1,2021-12-15,,9,0,0,0,0,0,0,,0,2,0,0,5,0,7,,8,,3,2021-12-21,1,2021-12-21,2
S02,december_2021_arm_1,ento_form_1a_immediately_processed_summary,2,2022-01-19,,4,0,0,0,0,0,0,,0,0,0,0,2,0,2,,2,,3,2022-01-31,1,2022-01-31,2
S02,january_2022_arm_1,ento_form_1a_immediately_processed_summary,1,2022-01-26,,4,0,0,0,0,0,0,,0,0,1,0,4,1,6,,9,,3,2022-01-31,1,2022-01-31,2
S02,february_2022_arm_1,ento_form_1a_immediately_processed_summary,1,2022-02-16,,7,0,0,0,0,0,0,,0,1,1,0,0,0,2,,5,,3,2022-02-17,1,2022-02-17,2
S02,february_2022_arm_1,ento_form_1a_immediately_processed_summary,2,2022-02-23,,7,0,0,0,0,0,0,,0,1,0,1,1,0,3,,7,,3,2022-02-23,1,2022-02-23,2
S02,march_2022_arm_1,ento_form_1a_immediately_processed_summary,1,2022-03-23,,10,0,0,0,0,0,0,,0,0,0,2,1,0,3,,11,,3,2022-03-28,1,2022-03-28,2
S02,march_2022_arm_1,ento_form_1a_immediately_processed_summary,2,2022-03-16,,10,0,0,0,0,0,0,,0,2,0,3,2,0,7,,5,,3,2022-03-28,1,2022-03-28,2
S02,april_2022_arm_1,ento_form_1a_immediately_processed_summary,1,2022-04-28,,6,0,0,0,0,0,0,,1,0,0,3,2,0,5,,4,,3,2022-05-04,1,2022-05-04,2
S02,april_2022_arm_1,ento_form_1a_immediately_processed_summary,2,2022-04-08,,6,0,0,0,0,0,0,,0,2,1,0,5,0,8,,7,,3,2022-05-04,1,2022-05-04,2
S02,april_2022_arm_1,ento_form_1a_immediately_processed_summary,3,2022-04-01,,6,0,0,0,0,0,0,,0,0,1,1,0,0,2,,4,,3,2022-05-04,1,2022-05-04,2
S02,may_2022_arm_1,ento_form_1a_immediately_processed_summary,1,2022-05-25,,8,0,0,0,0,0,0,,0,2,2,0,3,0,7,,1,,3,2022-06-02,1,2022-06-02,2
S02,may_2022_arm_1,ento_form_1a_immediately_processed_summary,2,2022-05-18,,8,0,0,0,0,0,0,,0,0,0,0,2,0,2,,1,,3,2022-06-02,1,2022-06-02,2
S02,june_2022_arm_1,ento_form_1a_immediately_processed_summary,1,2022-06-22,,3,0,0,0,1,0,1,0,0,13,5,8,9,0,35,0,13,,2,2022-07-06,1,2022-07-06,2
S02,june_2022_arm_1,ento_form_1a_immediately_processed_summary,2,2022-06-15,,3,0,0,0,0,0,0,,1,10,5,4,7,0,26,,25,,3,2022-07-06,1,2022-07-06,2
S02,july_2022_arm_1,ento_form_1a_immediately_processed_summary,1,2022-07-13,,8,0,0,0,0,0,0,,1,6,13,9,4,0,32,,17,,3,2022-07-19,1,2022-07-19,2
S02,july_2022_arm_1,ento_form_1a_immediately_processed_summary,2,2022-07-20,,4,0,0,0,0,0,0,,0,6,4,16,16,0,42,,29,,3,2022-07-21,1,2022-07-21,2
S02,july_2022_arm_1,ento_form_1a_immediately_processed_summary,3,2022-07-27,,4,1,0,0,0,0,1,,0,11,28,12,35,2,88,,73,,4,2022-08-02,1,2022-08-02,2
S02,august_2022_arm_1,ento_form_1a_immediately_processed_summary,1,2022-08-03,,7,0,0,0,1,0,1,,0,2,9,5,5,0,21,,14,,4,2022-08-04,1,2022-08-04,2
S02,august_2022_arm_1,ento_form_1a_immediately_processed_summary,2,2022-08-24,,7,0,1,0,0,0,1,,0,2,6,8,10,0,26,,26,,3,2022-09-01,1,2022-09-01,2
S02,september_2022_arm_1,ento_form_1a_immediately_processed_summary,1,2022-09-21,,5,0,0,0,0,0,0,,0,2,1,4,3,0,10,,3,,3,2022-09-23,1,2022-09-23,2
S02,september_2022_arm_1,ento_form_1a_immediately_processed_summary,2,2022-09-14,,5,0,0,0,0,0,0,,0,1,1,1,0,0,3,,0,,3,2022-10-11,1,2022-10-11,2
S02,october_2022_arm_1,ento_form_1a_immediately_processed_summary,1,2022-10-12,,2,0,0,0,0,0,0,,0,2,4,1,2,0,9,,2,,4,2022-10-19,1,2022-10-19,2
S02,october_2022_arm_1,ento_form_1a_immediately_processed_summary,2,2022-10-19,,2,0,0,0,0,0,0,,0,2,3,3,2,0,10,,2,,4,2022-10-19,1,2022-10-19,2
S02,october_2022_arm_1,ento_form_1a_immediately_processed_summary,3,2022-10-26,,6,0,0,0,0,0,0,,0,3,1,3,6,0,13,,1,,10,2022-10-27,1,2022-10-27,2
S02,november_2022_arm_1,ento_form_1a_immediately_processed_summary,1,2022-11-16,,3,0,0,0,0,0,0,,1,6,2,18,4,0,30,,8,,10,2022-11-16,1,2022-11-16,2
S02,november_2022_arm_1,ento_form_1a_immediately_processed_summary,2,2022-11-23,,3,0,0,0,0,0,0,,0,4,0,19,8,1,32,,4,,12,2022-11-24,1,2022-11-24,2
S02,december_2022_arm_1,ento_form_1a_immediately_processed_summary,1,2022-12-14,,9,0,0,0,0,0,0,,0,8,4,10,12,0,34,,30,,10,2022-12-14,1,2022-12-14,2
S02,december_2022_arm_1,ento_form_1a_immediately_processed_summary,2,2022-12-21,,9,0,0,0,0,0,0,,0,0,12,10,6,0,28,,22,,10,2022-12-21,1,2022-12-21,2
S03,january_2020_arm_1,ento_form_1a_immediately_processed_summary,1,2020-01-22,,9,0,0,0,0,0,0,,0,0,1,1,3,1,6,,32,,3,2020-04-09,1,2020-04-09,1
S03,january_2020_arm_1,ento_form_1a_immediately_processed_summary,2,2020-01-29,,9,0,0,0,0,0,0,,0,1,0,1,0,0,2,,3,,3,2020-04-10,1,2020-04-10,1
S03,february_2020_arm_1,ento_form_1a_immediately_processed_summary,1,2020-02-05,,4,0,0,0,0,0,0,,0,2,3,3,3,1,12,,20,,3,2020-04-27,1,2020-04-27,1
S03,february_2020_arm_1,ento_form_1a_immediately_processed_summary,2,2020-02-19,,4,1,0,0,0,0,1,,0,12,2,4,5,2,25,,16,,3,2020-04-27,1,2020-04-27,1
S03,february_2020_arm_1,ento_form_1a_immediately_processed_summary,3,2020-02-26,,4,0,0,0,0,0,0,,0,0,3,2,0,0,5,,12,,3,2020-04-27,1,2020-04-27,1
S03,march_2020_arm_1,ento_form_1a_immediately_processed_summary,1,2020-03-04,,5,0,0,0,0,0,0,,0,3,3,12,6,0,24,,13,,3,2020-04-29,1,2020-04-29,1
S03,march_2020_arm_1,ento_form_1a_immediately_processed_summary,2,2020-03-18,,8,0,1,0,0,0,1,,1,1,0,0,0,0,1,,1,,3,2020-04-30,1,2020-04-30,1
S03,june_2020_arm_1,ento_form_1a_immediately_processed_summary,1,2020-06-03,,9,0,0,0,0,0,0,,0,5,8,5,10,0,28,,18,,3,2020-06-05,1,2020-06-05,1
S03,june_2020_arm_1,ento_form_1a_immediately_processed_summary,2,2020-06-17,,9,0,0,0,0,0,0,,0,2,3,4,4,0,13,,10,,3,2020-06-26,1,2020-06-26,1
S03,june_2020_arm_1,ento_form_1a_immediately_processed_summary,3,2020-06-24,,9,0,0,0,0,0,0,,0,3,0,2,1,0,6,,4,,3,2020-06-26,1,2020-06-26,1
S03,july_2020_arm_1,ento_form_1a_immediately_processed_summary,1,2020-07-08,,7,0,0,0,0,0,0,,0,4,3,5,7,0,19,,6,,3,2020-08-04,1,2020-08-04,1
S03,july_2020_arm_1,ento_form_1a_immediately_processed_summary,2,2020-07-22,,7,0,0,0,0,0,0,,0,2,0,1,0,0,3,,4,,3,2020-08-04,1,2020-08-04,1
S03,july_2020_arm_1,ento_form_1a_immediately_processed_summary,3,2020-07-29,,7,0,0,0,0,0,0,,0,1,0,3,3,0,7,,2,,3,2020-08-05,1,2020-08-05,1
S03,august_2020_arm_1,ento_form_1a_immediately_processed_summary,1,2020-08-05,,5,0,0,0,0,0,0,,0,0,0,2,0,0,2,,1,,3,2020-08-20,1,2020-08-20,2
S03,august_2020_arm_1,ento_form_1a_immediately_processed_summary,2,2020-08-19,,5,0,0,0,0,0,0,,0,0,0,0,0,0,0,,1,,3,2020-08-20,1,2020-08-20,2
S03,august_2020_arm_1,ento_form_1a_immediately_processed_summary,3,2020-08-26,,5,0,0,0,0,0,0,,0,0,0,0,0,0,0,,2,,3,2020-09-02,1,2020-09-02,2
S03,september_2020_arm_1,ento_form_1a_immediately_processed_summary,1,2020-09-02,,8,0,0,0,0,0,0,,0,0,0,0,1,0,1,,1,,4,2020-09-14,1,2020-09-14,2
S03,september_2020_arm_1,ento_form_1a_immediately_processed_summary,2,2020-09-16,,8,0,0,0,0,0,0,,0,1,0,0,0,0,1,,0,,3,2020-09-23,1,2020-09-23,2
S03,september_2020_arm_1,ento_form_1a_immediately_processed_summary,3,2020-09-23,,8,0,0,0,0,0,0,,0,0,0,0,0,0,0,,0,,3,2020-09-23,1,2020-09-23,2
S03,october_2020_arm_1,ento_form_1a_immediately_processed_summary,1,2020-10-07,,6,0,0,0,0,0,0,,0,0,0,2,0,0,2,,1,,3,2020-10-07,1,2020-10-07,2
S03,october_2020_arm_1,ento_form_1a_immediately_processed_summary,2,2020-10-21,,6,0,0,0,0,0,0,,1,0,2,1,1,0,4,,0,,3,2020-10-21,1,2020-10-21,2
S03,october_2020_arm_1,ento_form_1a_immediately_processed_summary,3,2020-10-28,,6,0,0,0,0,0,0,,0,2,0,0,1,0,3,,0,,3,2020-11-04,1,2020-11-04,2
S03,november_2020_arm_1,ento_form_1a_immediately_processed_summary,1,2020-11-04,,3,0,0,0,0,0,0,,0,1,0,1,1,0,3,,3,,3,2020-11-04,1,2020-11-04,2
S03,november_2020_arm_1,ento_form_1a_immediately_processed_summary,2,2020-11-18,,3,0,0,0,0,0,0,,0,0,0,0,0,0,0,,0,,5,2020-11-18,1,2020-11-18,2
S03,november_2020_arm_1,ento_form_1a_immediately_processed_summary,3,2020-11-25,,3,0,0,0,0,0,0,,0,0,0,1,1,0,2,,2,,3,2020-11-30,1,2020-11-30,2
S03,december_2020_arm_1,ento_form_1a_immediately_processed_summary,1,2020-12-02,,4,0,0,0,0,0,0,,0,1,0,4,0,0,5,,2,,3,2020-12-02,1,2020-12-02,2
S03,december_2020_arm_1,ento_form_1a_immediately_processed_summary,2,2020-12-16,,4,0,0,0,0,0,0,,0,0,0,0,0,0,0,,1,,4,2020-12-16,1,2020-12-16,2
S03,january_2021_arm_1,ento_form_1a_immediately_processed_summary,1,2021-01-06,,6,0,0,0,0,0,0,,0,0,0,0,1,0,1,,0,,3,2021-01-07,1,2021-01-07,2
S03,january_2021_arm_1,ento_form_1a_immediately_processed_summary,2,2021-01-20,,6,0,0,0,0,0,0,,0,0,0,0,0,0,0,,0,,3,2021-02-02,1,2021-02-02,2
S03,january_2021_arm_1,ento_form_1a_immediately_processed_summary,3,2021-01-27,,6,0,0,0,0,0,0,,0,0,0,0,0,0,0,,0,,3,2021-02-03,1,2021-02-03,2
S03,feburary_2021_arm_1,ento_form_1a_immediately_processed_summary,1,2021-02-17,,9,0,0,0,0,0,0,,0,1,1,2,3,0,7,,5,,3,2021-03-03,1,2021-03-03,2
S03,feburary_2021_arm_1,ento_form_1a_immediately_processed_summary,2,2021-02-24,,9,0,0,0,0,0,0,,0,1,2,3,1,0,7,,10,,3,2021-03-03,1,2021-03-03,2
S03,march_2021_arm_1,ento_form_1a_immediately_processed_summary,1,2021-03-17,,3,0,0,0,0,0,0,,0,0,0,0,0,0,0,,0,,4,2021-04-01,1,2021-04-01,2
S03,march_2021_arm_1,ento_form_1a_immediately_processed_summary,2,2021-03-24,,7,0,0,0,0,0,0,,0,0,0,0,0,0,0,,0,,4,2021-04-01,1,2021-04-01,2
S03,march_2021_arm_1,ento_form_1a_immediately_processed_summary,3,2021-03-31,,7,0,0,0,0,0,0,,0,0,0,0,0,0,0,,0,,4,2021-04-01,1,2021-04-01,2
S03,april_2021_arm_1,ento_form_1a_immediately_processed_summary,1,2021-04-21,,4,0,0,0,0,0,0,,0,0,1,0,0,0,1,,1,,5,2021-04-28,1,2021-04-28,2
S03,april_2021_arm_1,ento_form_1a_immediately_processed_summary,2,2021-04-28,,7,0,0,0,0,0,0,,0,1,0,0,1,0,2,,0,,5,2021-05-11,1,2021-05-11,2
S03,may_2021_arm_1,ento_form_1a_immediately_processed_summary,1,2021-05-26,,7,0,0,0,0,0,0,,0,1,1,1,0,0,3,,1,,5,2021-06-09,1,2021-06-09,2
S03,june_2021_arm_1,ento_form_1a_immediately_processed_summary,1,2021-06-16,,3,0,0,0,0,0,0,,0,2,1,0,4,0,7,,2,,4,2021-07-01,1,2021-07-01,2
S03,june_2021_arm_1,ento_form_1a_immediately_processed_summary,2,2021-06-23,,2,0,0,0,0,0,0,,0,0,0,0,0,0,0,,0,,4,2021-07-01,1,2021-07-01,2
S03,june_2021_arm_1,ento_form_1a_immediately_processed_summary,3,2021-06-30,,2,0,0,0,0,0,0,,0,1,2,0,0,0,3,,2,,4,2021-07-01,1,2021-07-01,2
S03,july_2021_arm_1,ento_form_1a_immediately_processed_summary,1,2021-07-21,,6,0,1,0,0,0,1,,0,0,0,0,1,0,1,,3,,6,2021-07-22,1,2021-07-22,2
S03,july_2021_arm_1,ento_form_1a_immediately_processed_summary,2,2021-07-28,,6,0,0,0,0,0,0,,0,0,0,0,0,0,0,,1,,6,2021-08-04,1,2021-08-04,2
S03,august_2021_arm_1,ento_form_1a_immediately_processed_summary,1,2021-08-18,,4,0,0,0,0,0,0,,0,0,0,0,0,0,0,,0,,6,2021-08-19,1,2021-08-19,2
S03,august_2021_arm_1,ento_form_1a_immediately_processed_summary,2,2021-08-25,,5,0,0,0,0,0,0,,0,0,0,0,0,0,0,,0,,6,2021-09-01,1,2021-09-01,2
S03,september_2021_arm_1,ento_form_1a_immediately_processed_summary,1,2021-09-01,,9,0,0,0,0,0,0,,0,0,0,0,0,0,0,,0,,3,2021-10-06,1,2021-10-06,2
S03,september_2021_arm_1,ento_form_1a_immediately_processed_summary,2,2021-09-22,,9,0,0,0,0,0,0,,1,0,0,0,0,0,0,,0,,3,2021-10-06,1,2021-10-06,2
S03,september_2021_arm_1,ento_form_1a_immediately_processed_summary,3,2021-09-29,,6,0,0,0,0,0,0,,0,1,0,1,0,0,2,,0,,3,2021-10-06,1,2021-10-06,2
S03,october_2021_arm_1,ento_form_1a_immediately_processed_summary,1,2021-10-27,,3,0,0,0,0,0,0,,0,0,0,0,0,0,0,,1,,3,2021-10-27,1,2021-10-27,2
S03,november_2021_arm_1,ento_form_1a_immediately_processed_summary,1,2021-11-24,,2,0,0,0,0,0,0,,0,0,0,0,0,0,0,,1,,3,2021-11-29,1,2021-11-29,2
S03,november_2021_arm_1,ento_form_1a_immediately_processed_summary,2,2021-11-17,,2,0,0,0,0,0,0,,0,0,0,0,0,0,0,,1,,3,2021-11-29,1,2021-11-29,2
S03,december_2021_arm_1,ento_form_1a_immediately_processed_summary,1,2021-12-15,,3,0,0,0,0,0,0,,0,0,0,0,0,0,0,,0,,3,2022-01-13,1,2022-01-13,2
S03,january_2022_arm_1,ento_form_1a_immediately_processed_summary,1,2022-01-26,,2,0,0,0,0,0,0,,0,0,0,0,0,0,0,,0,,3,2022-01-31,1,2022-01-31,2
S03,january_2022_arm_1,ento_form_1a_immediately_processed_summary,2,2022-01-19,,2,0,0,0,0,0,0,,0,0,0,0,0,0,0,,1,,3,2022-01-31,1,2022-01-31,2
S03,february_2022_arm_1,ento_form_1a_immediately_processed_summary,1,2022-02-16,,6,0,0,0,0,0,0,,0,0,0,0,2,0,2,,1,,3,2022-02-17,1,2022-02-17,2
S03,february_2022_arm_1,ento_form_1a_immediately_processed_summary,2,2022-02-23,,6,0,0,0,0,0,0,,0,1,0,0,0,0,1,,0,,3,2022-02-23,1,2022-02-23,2
S03,march_2022_arm_1,ento_form_1a_immediately_processed_summary,1,2022-03-23,,9,0,0,0,0,0,0,,0,0,0,0,0,0,0,,0,,3,2022-03-28,1,2022-03-28,2
S03,march_2022_arm_1,ento_form_1a_immediately_processed_summary,2,2022-03-16,,9,0,0,0,0,0,0,,0,0,0,0,0,0,0,,1,,3,2022-03-28,1,2022-03-28,2
S03,april_2022_arm_1,ento_form_1a_immediately_processed_summary,1,2022-04-28,,8,0,0,0,0,0,0,,0,0,0,0,0,0,0,,0,,3,2022-05-04,1,2022-05-04,2
S03,april_2022_arm_1,ento_form_1a_immediately_processed_summary,2,2022-04-08,,8,0,0,0,0,0,0,,0,0,0,0,0,0,0,,0,,3,2022-05-04,1,2022-05-04,2
S03,april_2022_arm_1,ento_form_1a_immediately_processed_summary,3,2022-04-01,,8,0,0,0,0,0,0,,0,0,0,0,0,0,0,,1,,3,2022-05-04,1,2022-05-04,2
S03,may_2022_arm_1,ento_form_1a_immediately_processed_summary,1,2022-05-25,,7,0,0,0,0,0,0,,0,0,0,0,0,0,0,,0,,3,2022-06-02,1,2022-06-02,2
S03,may_2022_arm_1,ento_form_1a_immediately_processed_summary,2,2022-05-18,,7,0,0,0,0,0,0,,0,0,0,0,0,0,0,,0,,3,2022-06-02,1,2022-06-02,2
S03,june_2022_arm_1,ento_form_1a_immediately_processed_summary,1,2022-06-22,,4,0,0,0,0,0,0,0,0,2,0,0,3,0,5,0,6,,2,2022-07-06,1,2022-07-06,2
S03,june_2022_arm_1,ento_form_1a_immediately_processed_summary,2,2022-06-15,,4,0,0,0,0,0,0,0,0,2,3,0,2,0,7,0,11,,2,2022-07-06,1,2022-07-06,2
S03,july_2022_arm_1,ento_form_1a_immediately_processed_summary,1,2022-07-13,,2,0,0,0,0,0,0,,0,2,0,0,2,0,4,,2,,3,2022-07-19,1,2022-07-19,2
S03,july_2022_arm_1,ento_form_1a_immediately_processed_summary,2,2022-07-20,,2,0,0,0,0,0,0,,0,0,0,0,0,0,0,,0,,3,2022-07-21,1,2022-07-21,2
S03,july_2022_arm_1,ento_form_1a_immediately_processed_summary,3,2022-07-27,,5,0,0,0,0,0,0,,0,1,1,0,0,0,2,,2,,4,2022-08-02,1,2022-08-02,2
S03,august_2022_arm_1,ento_form_1a_immediately_processed_summary,1,2022-08-03,,9,0,0,0,0,0,0,,0,0,1,0,0,0,1,,0,,4,2022-08-04,1,2022-08-04,2
S03,august_2022_arm_1,ento_form_1a_immediately_processed_summary,2,2022-08-24,,9,0,0,0,0,0,0,,0,0,0,0,1,0,1,,0,,3,2022-09-01,1,2022-09-01,2
S03,september_2022_arm_1,ento_form_1a_immediately_processed_summary,1,2022-09-21,,8,0,0,0,0,0,0,,0,0,0,0,0,0,0,,0,,3,2022-09-23,1,2022-09-23,2
S03,september_2022_arm_1,ento_form_1a_immediately_processed_summary,2,2022-09-14,,8,0,0,0,0,0,0,,0,0,0,0,1,0,1,,0,,3,2022-10-11,1,2022-10-11,2
S03,october_2022_arm_1,ento_form_1a_immediately_processed_summary,1,2022-10-12,,4,0,0,0,0,0,0,,0,2,0,1,0,0,3,,1,,4,2022-10-19,1,2022-10-19,2
S03,october_2022_arm_1,ento_form_1a_immediately_processed_summary,2,2022-10-19,,4,0,0,0,0,0,0,,0,4,0,0,1,0,5,,23,,4,2022-10-19,1,2022-10-19,2
S03,october_2022_arm_1,ento_form_1a_immediately_processed_summary,3,2022-10-26,,4,0,0,0,0,0,0,,0,3,0,0,1,0,4,,15,,10,2022-10-27,1,2022-10-27,2
S03,november_2022_arm_1,ento_form_1a_immediately_processed_summary,1,2022-11-16,,7,0,0,0,0,0,0,,0,0,0,1,0,0,1,,0,,10,2022-11-16,1,2022-11-16,2
S03,november_2022_arm_1,ento_form_1a_immediately_processed_summary,2,2022-11-23,,2,0,0,0,0,0,0,,0,0,0,0,0,0,0,,1,,12,2022-11-24,1,2022-11-24,2
S03,december_2022_arm_1,ento_form_1a_immediately_processed_summary,1,2022-12-14,,5,0,0,0,0,0,0,,0,3,0,2,0,0,5,,36,,10,2022-12-14,1,2022-12-14,2
S03,december_2022_arm_1,ento_form_1a_immediately_processed_summary,2,2022-12-21,,2,0,0,0,0,0,0,,0,0,0,1,0,0,1,,4,,10,2022-12-21,1,2022-12-21,2
S04,january_2020_arm_1,ento_form_1a_immediately_processed_summary,1,2020-01-22,,4,0,0,2,0,0,2,,0,28,10,37,11,2,88,,161,,3,2020-04-10,1,2020-04-10,1
S04,january_2020_arm_1,ento_form_1a_immediately_processed_summary,2,2020-01-29,,4,0,0,1,0,0,1,,0,15,68,33,21,0,137,,153,,3,2020-04-10,1,2020-04-10,1
S04,february_2020_arm_1,ento_form_1a_immediately_processed_summary,1,2020-02-05,,5,0,0,2,0,0,2,,0,31,10,34,32,0,107,,170,,3,2020-04-24,1,2020-04-24,1
S04,february_2020_arm_1,ento_form_1a_immediately_processed_summary,2,2020-02-19,,5,0,0,0,0,0,0,,0,10,6,57,10,0,83,,86,,3,2020-04-27,1,2020-04-27,1
S04,february_2020_arm_1,ento_form_1a_immediately_processed_summary,3,2020-02-26,,5,0,0,0,0,0,0,,0,27,7,38,33,0,105,,160,,3,2020-04-27,1,2020-04-27,1
S04,march_2020_arm_1,ento_form_1a_immediately_processed_summary,1,2020-03-04,,3,0,0,0,0,0,0,,0,7,0,3,8,2,20,,62,,3,2020-04-30,1,2020-04-30,1
S04,march_2020_arm_1,ento_form_1a_immediately_processed_summary,2,2020-03-18,,3,0,0,1,0,0,1,,0,5,3,13,3,0,24,,49,,3,2020-04-30,1,2020-04-30,1
S04,june_2020_arm_1,ento_form_1a_immediately_processed_summary,1,2020-06-03,,4,0,2,0,0,0,2,,0,47,91,78,66,3,285,,265,,3,2020-06-05,1,2020-06-05,1
S04,june_2020_arm_1,ento_form_1a_immediately_processed_summary,2,2020-06-17,,4,0,1,0,0,0,1,,0,117,136,73,68,2,396,,378,,3,2020-06-18,1,2020-06-18,1
S04,june_2020_arm_1,ento_form_1a_immediately_processed_summary,3,2020-06-24,,4,0,0,0,0,0,0,,0,155,87,117,111,2,472,,585,,3,2020-06-26,1,2020-06-26,1
S04,july_2020_arm_1,ento_form_1a_immediately_processed_summary,1,2020-07-08,,3,0,0,0,0,0,0,,0,8,9,27,11,2,57,,26,,3,2020-08-04,1,2020-08-04,1
S04,july_2020_arm_1,ento_form_1a_immediately_processed_summary,2,2020-07-22,,3,0,0,0,0,0,0,,0,4,1,12,9,1,27,,15,,3,2020-08-05,1,2020-08-05,1
S04,july_2020_arm_1,ento_form_1a_immediately_processed_summary,3,2020-07-29,,2,0,0,0,0,0,0,,0,5,25,11,21,0,62,,44,,3,2020-08-05,1,2020-08-05,1
S04,august_2020_arm_1,ento_form_1a_immediately_processed_summary,1,2020-08-05,,8,0,0,0,0,0,0,,0,9,9,17,14,0,49,,69,,3,2020-08-20,1,2020-08-20,2
S04,august_2020_arm_1,ento_form_1a_immediately_processed_summary,2,2020-08-19,,8,0,0,0,0,0,0,,0,2,0,6,8,0,16,,18,,3,2020-08-20,1,2020-08-20,2
S04,august_2020_arm_1,ento_form_1a_immediately_processed_summary,3,2020-08-26,,2,0,0,0,0,0,0,,0,0,7,8,5,0,20,,15,,3,2020-09-02,1,2020-09-02,2
S04,september_2020_arm_1,ento_form_1a_immediately_processed_summary,1,2020-09-02,,2,0,0,0,0,0,0,,0,5,12,16,17,0,50,,46,,4,2020-09-14,1,2020-09-14,2
S04,september_2020_arm_1,ento_form_1a_immediately_processed_summary,2,2020-09-16,,9,0,0,0,0,0,0,,0,0,12,7,3,0,22,,26,,3,2020-09-23,1,2020-09-23,2
S04,september_2020_arm_1,ento_form_1a_immediately_processed_summary,3,2020-09-23,,3,0,0,0,0,0,0,,0,4,0,2,2,0,8,,14,,3,2020-09-23,1,2020-09-23,2
S04,october_2020_arm_1,ento_form_1a_immediately_processed_summary,1,2020-10-07,,7,0,0,0,0,0,0,,0,7,12,12,32,0,63,,49,,3,2020-10-07,1,2020-10-07,2
S04,october_2020_arm_1,ento_form_1a_immediately_processed_summary,2,2020-10-21,,7,0,2,0,0,0,2,,1,30,51,36,46,0,163,,153,,3,2020-10-21,1,2020-10-21,2
S04,october_2020_arm_1,ento_form_1a_immediately_processed_summary,3,2020-10-28,,7,0,1,0,0,0,1,,0,26,42,48,59,0,175,,228,,3,2020-11-04,1,2020-11-04,2
S04,november_2020_arm_1,ento_form_1a_immediately_processed_summary,1,2020-11-04,,6,0,0,0,0,0,0,,1,1,6,11,9,0,27,,49,,3,2020-11-04,1,2020-11-04,2
S04,november_2020_arm_1,ento_form_1a_immediately_processed_summary,2,2020-11-18,,6,0,0,0,0,0,0,,0,7,12,29,29,0,77,,73,,5,2020-11-18,1,2020-11-18,2
S04,november_2020_arm_1,ento_form_1a_immediately_processed_summary,3,2020-11-25,,6,0,0,0,0,0,0,,0,5,10,23,9,0,47,,47,,3,2020-11-30,1,2020-11-30,2
S04,december_2020_arm_1,ento_form_1a_immediately_processed_summary,1,2020-12-02,,5,0,0,0,0,0,0,,0,12,14,17,11,0,54,,93,,3,2020-12-02,1,2020-12-02,2
S04,december_2020_arm_1,ento_form_1a_immediately_processed_summary,2,2020-12-16,,5,0,0,0,0,0,0,,0,0,0,1,1,0,2,,7,,4,2020-12-16,1,2020-12-16,2
S04,january_2021_arm_1,ento_form_1a_immediately_processed_summary,1,2021-01-06,,4,0,0,0,0,0,0,,0,5,10,9,8,0,32,,60,,3,2021-01-07,1,2021-01-07,2
S04,january_2021_arm_1,ento_form_1a_immediately_processed_summary,2,2021-01-20,,4,0,0,0,0,0,0,,0,1,2,8,6,1,18,,42,,3,2021-02-02,1,2021-02-02,2
S04,january_2021_arm_1,ento_form_1a_immediately_processed_summary,3,2021-01-27,,4,0,0,0,1,0,1,,0,2,3,6,6,1,18,,24,,3,2021-02-03,1,2021-02-03,2
S04,feburary_2021_arm_1,ento_form_1a_immediately_processed_summary,1,2021-02-17,,6,0,0,0,1,0,1,,0,1,2,7,2,0,12,,10,,3,2021-03-03,1,2021-03-03,2
S04,feburary_2021_arm_1,ento_form_1a_immediately_processed_summary,2,2021-02-24,,6,0,0,0,0,0,0,,0,1,1,3,1,0,6,,5,,3,2021-03-03,1,2021-03-03,2
S04,march_2021_arm_1,ento_form_1a_immediately_processed_summary,1,2021-03-17,,8,0,0,0,0,0,0,,0,0,1,4,1,0,6,,4,,4,2021-04-01,1,2021-04-01,2
S04,march_2021_arm_1,ento_form_1a_immediately_processed_summary,2,2021-03-24,,8,0,0,0,0,0,0,,0,0,0,2,3,0,5,,1,,4,2021-04-01,1,2021-04-01,2
S04,march_2021_arm_1,ento_form_1a_immediately_processed_summary,3,2021-03-31,,9,0,0,0,1,0,1,,1,0,1,2,2,0,5,,8,,4,2021-04-01,1,2021-04-01,2
S04,april_2021_arm_1,ento_form_1a_immediately_processed_summary,1,2021-04-21,,7,0,0,2,2,0,4,,1,0,0,1,2,0,3,,4,,5,2021-04-28,1,2021-04-28,2
S04,april_2021_arm_1,ento_form_1a_immediately_processed_summary,2,2021-04-28,,7,0,4,1,0,0,5,,1,1,15,10,3,0,29,,15,,5,2021-04-28,1,2021-04-28,2
S04,may_2021_arm_1,ento_form_1a_immediately_processed_summary,1,2021-05-26,,2,0,23,0,0,0,23,,1,10,40,10,28,0,88,,37,,5,2021-06-09,1,2021-06-09,2
S04,may_2021_arm_1,ento_form_1a_immediately_processed_summary,2,2021-05-19,,2,0,5,0,0,0,5,,0,10,0,60,16,2,88,,61,,5,2021-06-24,1,2021-06-24,2
S04,june_2021_arm_1,ento_form_1a_immediately_processed_summary,1,2021-06-16,,9,0,5,0,1,0,6,,0,7,68,25,17,0,117,,36,,4,2021-07-01,1,2021-07-01,2
S04,june_2021_arm_1,ento_form_1a_immediately_processed_summary,2,2021-06-23,,9,1,0,0,0,0,1,,0,4,30,20,8,0,62,,60,,4,2021-07-01,1,2021-07-01,2
S04,june_2021_arm_1,ento_form_1a_immediately_processed_summary,3,2021-06-30,,9,0,0,0,0,0,0,,0,4,14,20,22,0,60,,44,,4,2021-07-01,1,2021-07-01,2
S04,july_2021_arm_1,ento_form_1a_immediately_processed_summary,1,2021-07-21,,10,0,1,0,0,0,1,,0,13,10,11,10,0,44,,52,,6,2021-07-22,1,2021-07-22,2
S04,july_2021_arm_1,ento_form_1a_immediately_processed_summary,2,2021-07-28,,10,0,0,0,0,0,0,,0,7,8,14,10,0,39,,54,,6,2021-07-29,1,2021-07-29,2
S04,august_2021_arm_1,ento_form_1a_immediately_processed_summary,1,2021-08-18,,6,0,0,0,0,0,0,,0,0,1,3,0,0,4,,12,,6,2021-08-19,1,2021-08-19,2
S04,august_2021_arm_1,ento_form_1a_immediately_processed_summary,2,2021-08-25,,6,0,0,0,0,0,0,,0,0,0,1,0,0,1,,5,,6,2021-09-01,1,2021-09-01,2
S04,september_2021_arm_1,ento_form_1a_immediately_processed_summary,1,2021-09-01,,3,0,0,0,0,0,0,,0,0,0,0,0,0,0,,12,,3,2021-10-06,1,2021-10-06,2
S04,september_2021_arm_1,ento_form_1a_immediately_processed_summary,2,2021-09-22,,3,0,0,0,0,0,0,,0,0,1,1,0,0,2,,2,,3,2021-10-06,1,2021-10-06,2
S04,september_2021_arm_1,ento_form_1a_immediately_processed_summary,3,2021-09-29,,3,0,0,0,0,0,0,,0,0,2,2,3,0,7,,7,,3,2021-10-06,1,2021-10-06,2
S04,october_2021_arm_1,ento_form_1a_immediately_processed_summary,1,2021-10-27,,2,0,0,0,0,0,0,,0,8,25,1,11,0,45,,21,,3,2021-10-27,1,2021-10-27,2
S04,november_2021_arm_1,ento_form_1a_immediately_processed_summary,1,2021-11-24,,7,0,0,0,0,0,0,,0,21,70,29,49,0,169,,154,,3,2021-11-29,1,2021-11-29,2
S04,november_2021_arm_1,ento_form_1a_immediately_processed_summary,2,2021-11-17,,7,0,0,0,0,0,0,,0,9,85,35,28,0,157,,94,,3,2021-11-29,1,2021-11-29,2
S04,december_2021_arm_1,ento_form_1a_immediately_processed_summary,1,2021-12-15,,4,0,0,0,0,0,0,,0,10,28,16,30,0,84,,112,,3,2021-12-21,1,2021-12-21,2
S04,january_2022_arm_1,ento_form_1a_immediately_processed_summary,1,2022-01-26,,9,0,0,0,0,0,0,,0,0,2,2,4,0,8,,24,,3,2022-01-31,1,2022-01-31,2
S04,january_2022_arm_1,ento_form_1a_immediately_processed_summary,2,2022-01-19,,9,0,0,0,0,0,0,,0,2,9,8,10,0,29,,30,,3,2022-01-31,1,2022-01-31,2
S04,february_2022_arm_1,ento_form_1a_immediately_processed_summary,1,2022-02-16,,5,0,0,0,0,0,0,,0,0,5,1,1,0,7,,21,,3,2022-02-17,1,2022-02-17,2
S04,february_2022_arm_1,ento_form_1a_immediately_processed_summary,2,2022-02-23,,2,0,0,0,0,0,0,,0,1,4,1,2,0,8,,6,,3,2022-02-23,1,2022-02-23,2
S04,march_2022_arm_1,ento_form_1a_immediately_processed_summary,1,2022-03-23,,6,0,0,0,0,0,0,,0,1,11,5,1,0,18,,24,,3,2022-03-28,1,2022-03-28,2
S04,march_2022_arm_1,ento_form_1a_immediately_processed_summary,2,2022-03-16,,6,0,0,0,0,0,0,,0,0,8,3,6,0,17,,9,,3,2022-03-28,1,2022-03-28,2
S04,april_2022_arm_1,ento_form_1a_immediately_processed_summary,1,2022-04-28,,10,0,1,0,0,0,1,,0,6,0,4,3,0,13,,18,,3,2022-05-04,1,2022-05-04,2
S04,april_2022_arm_1,ento_form_1a_immediately_processed_summary,2,2022-04-08,,10,0,0,0,0,0,0,,0,1,3,2,3,0,9,,22,,3,2022-05-04,1,2022-05-04,2
S04,april_2022_arm_1,ento_form_1a_immediately_processed_summary,3,2022-04-01,,10,0,1,0,0,0,1,,0,0,2,0,3,0,5,,24,,3,2022-05-04,1,2022-05-04,2
S04,may_2022_arm_1,ento_form_1a_immediately_processed_summary,1,2022-05-25,,4,0,0,0,0,0,0,,0,6,8,12,10,1,37,,6,,3,2022-06-02,1,2022-06-02,2
S04,may_2022_arm_1,ento_form_1a_immediately_processed_summary,2,2022-05-18,,4,0,0,0,0,0,0,,0,1,0,9,10,0,20,,17,,3,2022-06-02,1,2022-06-02,2
S04,june_2022_arm_1,ento_form_1a_immediately_processed_summary,1,2022-06-22,,9,0,0,0,0,0,0,,0,25,40,22,38,0,125,,115,,3,2022-07-06,1,2022-07-06,2
S04,june_2022_arm_1,ento_form_1a_immediately_processed_summary,2,2022-06-15,,9,0,0,0,0,0,0,,0,7,0,5,1,0,13,,11,,3,2022-07-06,1,2022-07-06,2
S04,july_2022_arm_1,ento_form_1a_immediately_processed_summary,1,2022-07-13,,7,0,0,0,0,0,0,,0,28,71,112,82,1,294,,131,,3,2022-07-19,1,2022-07-19,2
S04,july_2022_arm_1,ento_form_1a_immediately_processed_summary,2,2022-07-20,,7,0,0,0,0,0,0,,0,38,25,61,43,0,167,,178,,3,2022-07-21,1,2022-07-21,2
S04,july_2022_arm_1,ento_form_1a_immediately_processed_summary,3,2022-07-27,,7,0,0,0,0,0,0,,0,15,16,11,44,0,86,,186,,4,2022-08-02,1,2022-08-02,2
S04,august_2022_arm_1,ento_form_1a_immediately_processed_summary,1,2022-08-03,,8,0,0,0,0,0,0,,0,11,2,4,18,1,36,,89,,4,2022-08-04,1,2022-08-04,2
S04,august_2022_arm_1,ento_form_1a_immediately_processed_summary,2,2022-08-24,,2,0,0,0,0,0,0,,0,8,25,14,8,0,55,,83,,3,2022-09-01,1,2022-09-01,2
S04,september_2022_arm_1,ento_form_1a_immediately_processed_summary,1,2022-09-21,,6,0,0,0,0,0,0,,0,3,9,8,16,0,36,,22,,3,2022-09-23,1,2022-09-23,2
S04,september_2022_arm_1,ento_form_1a_immediately_processed_summary,2,2022-09-14,,6,0,0,0,0,0,0,,0,23,25,18,17,0,83,,74,,3,2022-10-11,1,2022-10-11,2
S04,october_2022_arm_1,ento_form_1a_immediately_processed_summary,1,2022-10-12,,3,0,0,0,0,0,0,,0,40,16,40,28,2,126,,161,,4,2022-10-19,1,2022-10-19,2
S04,october_2022_arm_1,ento_form_1a_immediately_processed_summary,2,2022-10-19,,3,0,0,0,0,0,0,,0,44,12,73,31,1,161,,133,,4,2022-10-19,1,2022-10-19,2
S04,october_2022_arm_1,ento_form_1a_immediately_processed_summary,3,2022-10-26,,2,0,0,0,0,0,0,,0,35,16,39,30,0,120,,148,,10,2022-10-27,1,2022-10-27,2
S04,november_2022_arm_1,ento_form_1a_immediately_processed_summary,1,2022-11-16,,9,0,0,0,0,0,0,,0,25,100,30,60,2,217,,115,,10,2022-11-16,1,2022-11-16,2
S04,november_2022_arm_1,ento_form_1a_immediately_processed_summary,2,2022-11-23,,9,0,0,0,0,0,0,,0,12,70,20,30,1,133,,90,,12,2022-11-24,1,2022-11-24,2
S04,december_2022_arm_1,ento_form_1a_immediately_processed_summary,1,2022-12-14,,4,0,0,0,0,0,0,,0,47,67,130,70,3,317,,136,,10,2022-12-14,1,2022-12-14,2
S04,december_2022_arm_1,ento_form_1a_immediately_processed_summary,2,2022-12-21,,4,0,0,0,0,0,0,,0,13,59,31,21,3,127,,194,,10,2022-12-21,1,2022-12-21,2
S05,january_2020_arm_1,ento_form_1a_immediately_processed_summary,1,2020-01-22,,5,0,0,0,0,0,0,,0,0,1,7,3,0,11,,18,,3,2020-04-09,1,2020-04-09,1
S05,january_2020_arm_1,ento_form_1a_immediately_processed_summary,2,2020-01-29,,5,0,0,0,0,0,0,,0,1,1,15,5,0,22,,9,,3,2020-04-10,1,2020-04-10,1
S05,february_2020_arm_1,ento_form_1a_immediately_processed_summary,1,2020-02-05,,2,0,0,0,0,0,0,,0,3,3,1,2,0,9,,4,,3,2020-04-27,1,2020-04-27,1
S05,february_2020_arm_1,ento_form_1a_immediately_processed_summary,2,2020-02-19,,2,0,1,0,0,0,1,,0,3,7,20,12,0,42,,20,,3,2020-04-27,1,2020-04-27,1
S05,february_2020_arm_1,ento_form_1a_immediately_processed_summary,3,2020-02-26,,2,0,0,0,0,0,0,,1,1,1,0,2,0,4,,0,,3,2020-04-27,1,2020-04-27,1
S05,march_2020_arm_1,ento_form_1a_immediately_processed_summary,1,2020-03-04,,2,0,0,0,0,0,0,,0,1,1,0,2,0,4,,8,,3,2020-04-30,1,2020-04-30,1
S05,march_2020_arm_1,ento_form_1a_immediately_processed_summary,2,2020-03-18,,2,0,0,0,0,0,0,,0,1,1,2,3,0,7,,2,,3,2020-04-30,1,2020-04-30,1
S05,june_2020_arm_1,ento_form_1a_immediately_processed_summary,1,2020-06-03,,5,0,0,0,0,0,0,,0,15,4,51,10,0,80,,43,,3,2020-06-05,1,2020-06-05,1
S05,june_2020_arm_1,ento_form_1a_immediately_processed_summary,2,2020-06-17,,5,0,1,0,0,0,1,,0,7,7,24,8,0,46,,15,,3,2020-06-18,1,2020-06-18,1
S05,june_2020_arm_1,ento_form_1a_immediately_processed_summary,3,2020-06-24,,5,0,1,0,1,0,2,,0,3,11,53,14,0,81,,32,,3,2020-06-26,1,2020-06-26,1
S05,july_2020_arm_1,ento_form_1a_immediately_processed_summary,1,2020-07-08,,4,0,1,0,0,0,1,,0,5,4,10,10,1,30,,8,,3,2020-08-04,1,2020-08-04,1
S05,july_2020_arm_1,ento_form_1a_immediately_processed_summary,2,2020-07-22,,4,0,2,0,0,0,2,,0,1,1,7,3,0,12,,2,,3,2020-08-05,1,2020-08-05,1
S05,july_2020_arm_1,ento_form_1a_immediately_processed_summary,3,2020-07-29,,4,0,0,0,0,0,0,,0,2,1,2,1,0,6,,3,,3,2020-08-05,1,2020-08-05,1
S05,august_2020_arm_1,ento_form_1a_immediately_processed_summary,1,2020-08-05,,6,0,0,0,0,0,0,,0,0,0,2,2,0,4,,0,,3,2020-08-20,1,2020-08-20,2
S05,august_2020_arm_1,ento_form_1a_immediately_processed_summary,2,2020-08-19,,6,0,0,0,0,0,0,,0,1,1,2,0,0,4,,1,,3,2020-08-20,1,2020-08-20,2
S05,august_2020_arm_1,ento_form_1a_immediately_processed_summary,3,2020-08-26,,6,0,0,0,0,0,0,,0,0,4,3,0,0,7,,0,,3,2020-09-02,1,2020-09-02,2
S05,september_2020_arm_1,ento_form_1a_immediately_processed_summary,1,2020-09-02,,3,0,0,0,0,0,0,,0,0,0,1,0,0,1,,2,,4,2020-09-14,1,2020-09-14,2
S05,september_2020_arm_1,ento_form_1a_immediately_processed_summary,2,2020-09-16,,3,0,0,0,0,0,0,,0,1,0,1,0,0,2,,0,,3,2020-09-23,1,2020-09-23,2
S05,september_2020_arm_1,ento_form_1a_immediately_processed_summary,3,2020-09-23,,2,0,0,0,0,0,0,,0,0,9,1,1,0,11,,1,,3,2020-09-23,1,2020-09-23,2
S05,october_2020_arm_1,ento_form_1a_immediately_processed_summary,1,2020-10-07,,8,0,1,0,0,0,1,,0,3,7,25,5,0,40,,14,,3,2020-10-07,1,2020-10-07,2
S05,october_2020_arm_1,ento_form_1a_immediately_processed_summary,2,2020-10-21,,8,0,0,0,0,0,0,,0,0,2,12,0,0,14,,6,,3,2020-10-21,1,2020-10-21,2
S05,october_2020_arm_1,ento_form_1a_immediately_processed_summary,3,2020-10-28,,8,0,2,0,1,0,3,,0,0,8,8,7,0,23,,6,,3,2020-11-04,1,2020-11-04,2
S05,november_2020_arm_1,ento_form_1a_immediately_processed_summary,1,2020-11-04,,7,0,1,0,0,0,1,,0,0,5,6,4,0,15,,3,,3,2020-11-04,1,2020-11-04,2
S05,november_2020_arm_1,ento_form_1a_immediately_processed_summary,2,2020-11-18,,7,0,0,0,0,0,0,,0,1,3,1,3,0,8,,4,,5,2020-11-18,1,2020-11-18,2
S05,november_2020_arm_1,ento_form_1a_immediately_processed_summary,3,2020-11-25,,7,0,1,0,0,0,1,,0,0,5,3,1,0,9,,3,,3,2020-11-30,1,2020-11-30,2
S05,december_2020_arm_1,ento_form_1a_immediately_processed_summary,1,2020-12-02,,9,0,0,0,0,0,0,,0,0,1,3,2,0,6,,5,,3,2020-12-02,1,2020-12-02,2
S05,december_2020_arm_1,ento_form_1a_immediately_processed_summary,2,2020-12-16,,9,0,1,0,0,0,1,,0,0,2,0,1,0,3,,0,,4,2020-12-16,1,2020-12-16,2
S05,january_2021_arm_1,ento_form_1a_immediately_processed_summary,1,2021-01-06,,5,0,0,0,0,0,0,,0,0,1,4,1,0,6,,3,,3,2021-01-07,1,2021-01-07,2
S05,january_2021_arm_1,ento_form_1a_immediately_processed_summary,2,2021-01-20,,9,0,0,0,0,0,0,,0,0,0,0,0,0,0,,2,,3,2021-02-02,1,2021-02-02,2
S05,january_2021_arm_1,ento_form_1a_immediately_processed_summary,3,2021-01-27,,2,0,0,0,1,0,1,,0,0,2,2,0,0,4,,1,,3,2021-02-03,1,2021-02-03,2
S05,feburary_2021_arm_1,ento_form_1a_immediately_processed_summary,1,2021-02-17,,8,0,0,0,0,0,0,,0,0,0,0,1,0,1,,1,,3,2021-03-03,1,2021-03-03,2
S05,feburary_2021_arm_1,ento_form_1a_immediately_processed_summary,2,2021-02-24,,8,0,0,0,0,0,0,,0,0,1,1,0,0,2,,0,,3,2021-03-03,1,2021-03-03,2
S05,march_2021_arm_1,ento_form_1a_immediately_processed_summary,1,2021-03-17,,7,0,0,0,0,0,0,,0,0,3,1,3,0,7,,2,,4,2021-04-01,1,2021-04-01,2
S05,march_2021_arm_1,ento_form_1a_immediately_processed_summary,2,2021-03-24,,7,0,1,0,0,0,1,,0,0,1,2,1,0,4,,7,,4,2021-04-01,1,2021-04-01,2
S05,march_2021_arm_1,ento_form_1a_immediately_processed_summary,3,2021-03-31,,4,0,0,0,0,0,0,,0,0,0,1,0,0,1,,1,,4,2021-04-01,1,2021-04-01,2
S05,april_2021_arm_1,ento_form_1a_immediately_processed_summary,1,2021-04-21,,4,0,2,2,1,0,5,,0,0,1,4,1,0,6,,0,,5,2021-04-28,1,2021-04-28,2
S05,april_2021_arm_1,ento_form_1a_immediately_processed_summary,2,2021-04-28,,10,0,1,1,1,0,3,,0,1,2,1,1,0,5,,1,,3,2021-09-07,1,2021-09-07,2
S05,may_2021_arm_1,ento_form_1a_immediately_processed_summary,1,2021-05-19,,6,0,2,0,0,0,2,,0,4,0,6,2,0,12,,0,,3,2021-09-07,1,2021-09-07,2
S05,may_2021_arm_1,ento_form_1a_immediately_processed_summary,2,2021-05-26,,6,0,0,0,0,0,0,,0,2,1,2,3,0,8,,9,,3,2021-09-07,1,2021-09-07,2
S05,june_2021_arm_1,ento_form_1a_immediately_processed_summary,1,2021-06-16,,7,0,0,1,0,0,1,,0,3,1,5,3,0,12,,14,,4,2021-07-01,1,2021-07-01,2
S05,june_2021_arm_1,ento_form_1a_immediately_processed_summary,2,2021-06-23,,3,0,0,0,0,0,0,,0,2,0,4,1,0,7,,7,,4,2021-07-01,1,2021-07-01,2
S05,june_2021_arm_1,ento_form_1a_immediately_processed_summary,3,2021-06-30,,7,0,0,0,0,0,0,,0,3,0,1,0,0,4,,1,,4,2021-07-01,1,2021-07-01,2
S05,july_2021_arm_1,ento_form_1a_immediately_processed_summary,1,2021-07-21,,9,0,0,0,0,0,0,,1,2,2,3,3,0,10,,4,,6,2021-07-22,1,2021-07-22,2
S05,july_2021_arm_1,ento_form_1a_immediately_processed_summary,2,2021-07-28,,2,0,0,0,0,0,0,,0,0,2,0,3,0,5,,4,,6,2021-08-04,1,2021-08-04,2
S05,august_2021_arm_1,ento_form_1a_immediately_processed_summary,1,2021-08-18,,10,0,0,0,0,0,0,,0,1,0,1,2,0,4,,2,,6,2021-08-19,1,2021-08-19,2
S05,august_2021_arm_1,ento_form_1a_immediately_processed_summary,2,2021-08-25,,10,0,0,0,0,0,0,,0,1,0,0,0,0,1,,1,,6,2021-09-01,1,2021-09-01,2
S05,september_2021_arm_1,ento_form_1a_immediately_processed_summary,1,2021-09-01,,5,0,0,0,0,0,0,,0,0,0,0,2,0,2,,0,,3,2021-10-06,1,2021-10-06,2
S05,september_2021_arm_1,ento_form_1a_immediately_processed_summary,2,2021-09-22,,4,0,0,0,0,0,0,,0,0,1,0,2,0,3,,1,,3,2021-10-06,1,2021-10-06,2
S05,september_2021_arm_1,ento_form_1a_immediately_processed_summary,3,2021-09-29,,10,0,0,0,0,0,0,,0,0,0,0,2,0,2,,2,,3,2021-10-06,1,2021-10-06,2
S05,october_2021_arm_1,ento_form_1a_immediately_processed_summary,1,2021-10-27,,4,0,0,0,0,0,0,,0,1,3,0,1,0,5,,9,,3,2021-10-27,1,2021-10-27,2
S05,november_2021_arm_1,ento_form_1a_immediately_processed_summary,1,2021-11-24,,10,0,0,0,0,0,0,,0,1,2,0,0,0,3,,3,,3,2021-11-29,1,2021-11-29,2
S05,november_2021_arm_1,ento_form_1a_immediately_processed_summary,2,2021-11-17,,10,0,0,0,0,0,0,,0,3,2,5,4,0,14,,3,,3,2021-11-29,1,2021-11-29,2
S05,december_2021_arm_1,ento_form_1a_immediately_processed_summary,1,2021-12-15,,7,0,0,0,0,0,0,,0,0,0,1,1,0,2,,4,,3,2021-12-21,1,2021-12-21,2
S05,january_2022_arm_1,ento_form_1a_immediately_processed_summary,1,2022-01-26,,8,0,0,0,0,0,0,,0,2,1,0,0,0,3,,7,,3,2022-01-31,1,2022-01-31,2
S05,january_2022_arm_1,ento_form_1a_immediately_processed_summary,2,2022-01-19,,8,0,0,0,0,0,0,,0,0,0,0,0,0,0,,6,,3,2022-01-31,1,2022-01-31,2
S05,february_2022_arm_1,ento_form_1a_immediately_processed_summary,1,2022-02-16,,9,0,0,0,0,0,0,,0,0,1,0,0,0,1,,3,,3,2022-02-17,1,2022-02-17,2
S05,february_2022_arm_1,ento_form_1a_immediately_processed_summary,2,2022-02-23,,9,0,0,0,0,0,0,,0,1,3,0,3,0,7,,9,,3,2022-02-23,1,2022-02-23,2
S05,march_2022_arm_1,ento_form_1a_immediately_processed_summary,1,2022-03-23,,8,0,0,0,0,0,0,,0,0,0,2,1,0,3,,0,,3,2022-03-28,1,2022-03-28,2
S05,march_2022_arm_1,ento_form_1a_immediately_processed_summary,2,2022-03-16,,8,0,0,0,0,0,0,,0,2,1,0,0,0,3,,4,,3,2022-03-28,1,2022-03-28,2
S05,april_2022_arm_1,ento_form_1a_immediately_processed_summary,1,2022-04-28,,5,0,0,0,0,0,0,,0,0,0,1,0,0,1,,4,,3,2022-05-04,2,2022-05-04,2
S05,april_2022_arm_1,ento_form_1a_immediately_processed_summary,2,2022-04-08,,8,0,0,0,0,0,0,,0,1,0,5,0,0,6,,3,,3,2022-05-04,1,2022-05-04,2
S05,april_2022_arm_1,ento_form_1a_immediately_processed_summary,3,2022-04-01,,4,0,0,0,0,0,0,,0,2,4,7,1,0,14,,12,,3,2022-05-04,1,2022-05-04,2
S05,may_2022_arm_1,ento_form_1a_immediately_processed_summary,1,2022-05-25,,6,0,0,0,0,0,0,,0,1,5,11,5,0,22,,6,,3,2022-06-02,1,2022-06-02,2
S05,may_2022_arm_1,ento_form_1a_immediately_processed_summary,2,2022-05-18,,6,0,0,0,0,0,0,,0,2,0,0,0,0,2,,1,,3,2022-06-02,1,2022-06-02,2
S05,june_2022_arm_1,ento_form_1a_immediately_processed_summary,1,2022-06-22,,2,0,0,0,0,0,0,0,0,13,6,12,6,0,37,0,8,,2,2022-07-06,1,2022-07-06,2
S05,june_2022_arm_1,ento_form_1a_immediately_processed_summary,2,2022-06-15,,2,0,0,0,0,0,0,0,0,7,3,13,1,0,24,0,21,,2,2022-07-06,1,2022-07-06,2
S05,july_2022_arm_1,ento_form_1a_immediately_processed_summary,1,2022-07-13,,6,0,0,0,0,0,0,,0,9,5,12,20,0,46,,29,,3,2022-07-19,1,2022-07-19,2
S05,july_2022_arm_1,ento_form_1a_immediately_processed_summary,2,2022-07-20,,8,0,0,0,0,0,0,,0,5,3,3,6,0,17,,10,,3,2022-07-21,1,2022-07-21,2
S05,july_2022_arm_1,ento_form_1a_immediately_processed_summary,3,2022-07-27,,5,0,0,0,0,0,0,,0,1,1,6,6,0,14,,8,,4,2022-08-02,1,2022-08-02,2
S05,august_2022_arm_1,ento_form_1a_immediately_processed_summary,1,2022-08-03,,5,0,0,0,0,0,0,,0,0,0,0,0,0,0,,5,,4,2022-08-04,1,2022-08-04,2
S05,august_2022_arm_1,ento_form_1a_immediately_processed_summary,2,2022-08-24,,5,0,0,0,0,0,0,,0,3,0,1,5,0,9,,2,,3,2022-09-01,1,2022-09-01,2
S05,september_2022_arm_1,ento_form_1a_immediately_processed_summary,1,2022-09-21,,4,0,0,0,0,0,0,,0,3,1,2,2,1,9,,4,,3,2022-09-23,1,2022-09-23,2
S05,september_2022_arm_1,ento_form_1a_immediately_processed_summary,2,2022-09-14,,9,0,0,0,0,0,0,,0,0,3,4,3,0,10,,15,,3,2022-10-11,1,2022-10-11,2
S05,october_2022_arm_1,ento_form_1a_immediately_processed_summary,1,2022-10-12,,5,0,0,0,0,0,0,,0,0,1,3,1,0,5,,10,,4,2022-10-19,1,2022-10-19,2
S05,october_2022_arm_1,ento_form_1a_immediately_processed_summary,2,2022-10-19,,5,0,0,0,0,0,0,,0,2,2,4,1,0,9,,6,,4,2022-10-19,1,2022-10-19,2
S05,october_2022_arm_1,ento_form_1a_immediately_processed_summary,3,2022-10-26,,5,0,0,0,0,0,0,,0,1,4,2,1,0,8,,7,,10,2022-10-27,1,2022-10-27,2
S05,november_2022_arm_1,ento_form_1a_immediately_processed_summary,1,2022-11-16,,6,0,0,0,0,0,0,,0,0,0,1,2,0,3,,1,,10,2022-11-16,1,2022-11-16,2
S05,november_2022_arm_1,ento_form_1a_immediately_processed_summary,2,2022-11-23,,6,0,0,0,0,0,0,,0,0,1,1,1,0,3,,0,,12,2022-11-24,1,2022-11-24,2
S05,december_2022_arm_1,ento_form_1a_immediately_processed_summary,1,2022-12-14,,7,0,0,0,0,0,0,,0,1,0,3,9,0,13,,14,,10,2022-12-14,1,2022-12-14,2
S05,december_2022_arm_1,ento_form_1a_immediately_processed_summary,2,2022-12-21,,7,0,0,0,0,0,0,,0,2,1,1,3,0,7,,8,,10,2022-12-21,1,2022-12-21,2
S06,january_2020_arm_1,ento_form_1a_immediately_processed_summary,1,2020-01-22,,5,0,0,1,0,0,1,,0,7,0,5,8,0,20,,11,,3,2020-04-09,1,2020-04-09,1
S06,january_2020_arm_1,ento_form_1a_immediately_processed_summary,2,2020-01-29,,5,0,1,0,0,0,1,,0,2,0,2,6,0,10,,8,,3,2020-04-10,1,2020-04-10,1
S06,february_2020_arm_1,ento_form_1a_immediately_processed_summary,1,2020-02-05,,2,0,0,0,0,0,0,,0,4,1,0,2,0,7,,7,,3,2020-04-27,1,2020-04-27,1
S06,february_2020_arm_1,ento_form_1a_immediately_processed_summary,2,2020-02-19,,2,0,0,1,1,0,2,,0,8,1,2,0,0,11,,2,,3,2020-04-27,1,2020-04-27,1
S06,february_2020_arm_1,ento_form_1a_immediately_processed_summary,3,2020-02-26,,2,0,0,0,0,0,0,,1,1,1,0,2,0,4,,21,,3,2020-04-27,1,2020-04-27,1
S06,march_2020_arm_1,ento_form_1a_immediately_processed_summary,1,2020-03-04,,2,0,1,0,1,0,2,,1,2,2,2,4,0,10,,8,,3,2020-04-30,1,2020-04-30,1
S06,march_2020_arm_1,ento_form_1a_immediately_processed_summary,2,2020-03-18,,8,0,0,0,0,0,0,,0,0,0,0,0,0,0,,0,,3,2020-04-30,1,2020-04-30,1
S06,june_2020_arm_1,ento_form_1a_immediately_processed_summary,1,2020-06-03,,5,0,0,1,0,0,1,,0,4,2,9,4,0,19,,5,,3,2020-06-05,1,2020-06-05,1
S06,june_2020_arm_1,ento_form_1a_immediately_processed_summary,2,2020-06-17,,5,0,2,0,0,0,2,,0,8,7,47,13,0,75,,28,,3,2020-06-18,1,2020-06-18,1
S06,june_2020_arm_1,ento_form_1a_immediately_processed_summary,3,2020-06-24,,5,0,0,0,0,0,0,,0,5,2,8,0,0,15,,2,,3,2020-06-26,1,2020-06-26,1
S06,july_2020_arm_1,ento_form_1a_immediately_processed_summary,1,2020-07-08,,4,1,0,0,1,0,2,,1,3,3,3,5,1,15,,13,,3,2020-08-04,1,2020-08-04,1
S06,july_2020_arm_1,ento_form_1a_immediately_processed_summary,2,2020-07-22,,4,0,3,0,0,0,3,,0,1,0,0,1,0,2,,1,,3,2020-08-05,1,2020-08-05,1
S06,july_2020_arm_1,ento_form_1a_immediately_processed_summary,3,2020-07-29,,4,0,0,0,1,0,1,,0,2,0,0,0,0,2,,3,,3,2020-08-05,1,2020-08-05,1
S06,august_2020_arm_1,ento_form_1a_immediately_processed_summary,1,2020-08-05,,6,0,0,0,0,0,0,,0,1,1,0,1,0,3,,0,,3,2020-08-20,1,2020-08-20,2
S06,august_2020_arm_1,ento_form_1a_immediately_processed_summary,2,2020-08-19,,6,0,0,0,0,0,0,,0,0,0,0,0,0,0,,0,,3,2020-08-20,1,2020-08-20,2
S06,august_2020_arm_1,ento_form_1a_immediately_processed_summary,3,2020-08-26,,6,0,0,0,0,0,0,,0,0,0,0,2,0,2,,1,,3,2020-09-02,1,2020-09-02,2
S06,september_2020_arm_1,ento_form_1a_immediately_processed_summary,1,2020-09-02,,3,0,0,0,0,0,0,,0,1,0,1,0,0,2,,1,,4,2020-09-14,1,2020-09-14,2
S06,september_2020_arm_1,ento_form_1a_immediately_processed_summary,2,2020-09-16,,3,0,0,0,0,0,0,,0,2,0,1,1,0,4,,2,,3,2020-09-23,1,2020-09-23,2
S06,september_2020_arm_1,ento_form_1a_immediately_processed_summary,3,2020-09-23,,2,0,0,0,0,0,0,,0,1,0,0,0,0,1,,0,,3,2020-09-23,1,2020-09-23,2
S06,october_2020_arm_1,ento_form_1a_immediately_processed_summary,1,2020-10-07,,8,0,0,0,0,0,0,,0,0,0,0,0,0,0,,0,,3,2020-10-07,1,2020-10-07,2
S06,october_2020_arm_1,ento_form_1a_immediately_processed_summary,2,2020-10-21,,8,0,0,0,0,0,0,,0,3,0,1,6,0,10,,5,,3,2020-10-21,1,2020-10-21,2
S06,october_2020_arm_1,ento_form_1a_immediately_processed_summary,3,2020-10-29,,4,0,0,0,0,0,0,,0,0,1,1,0,0,2,,0,,5,2020-10-30,1,2020-10-30,2
S06,october_2020_arm_1,ento_form_1a_immediately_processed_summary,4,2020-10-28,,8,0,0,0,0,0,0,,0,1,0,0,0,0,1,,2,,3,2020-11-04,1,2020-11-04,2
S06,november_2020_arm_1,ento_form_1a_immediately_processed_summary,1,2020-11-04,,7,0,0,0,0,0,0,,0,5,0,1,1,0,7,,4,,3,2020-11-04,1,2020-11-04,2
S06,november_2020_arm_1,ento_form_1a_immediately_processed_summary,2,2020-11-18,,7,0,0,0,1,0,1,,0,0,0,2,0,0,2,,1,,5,2020-11-18,1,2020-11-18,2
S06,november_2020_arm_1,ento_form_1a_immediately_processed_summary,3,2020-11-25,,7,0,0,0,0,0,0,,0,0,0,1,2,0,3,,2,,3,2020-11-30,1,2020-11-30,2
S06,december_2020_arm_1,ento_form_1a_immediately_processed_summary,1,2020-12-02,,9,0,0,0,0,0,0,,0,1,3,2,2,0,8,,4,,3,2020-12-02,1,2020-12-02,2
S06,december_2020_arm_1,ento_form_1a_immediately_processed_summary,2,2020-12-16,,9,0,0,0,0,0,0,,0,0,0,0,0,0,0,,1,,4,2020-12-16,1,2020-12-16,2
S06,january_2021_arm_1,ento_form_1a_immediately_processed_summary,1,2021-01-06,,5,0,0,0,0,0,0,,0,0,1,1,2,0,4,,2,,3,2021-01-07,1,2021-01-07,2
S06,january_2021_arm_1,ento_form_1a_immediately_processed_summary,2,2021-01-20,,6,0,0,0,0,0,0,,0,0,0,1,1,0,2,,2,,3,2021-02-02,1,2021-02-02,2
S06,january_2021_arm_1,ento_form_1a_immediately_processed_summary,3,2021-01-27,,2,0,0,0,0,0,0,,0,2,0,1,0,0,3,,0,,3,2021-02-03,1,2021-02-03,2
S06,feburary_2021_arm_1,ento_form_1a_immediately_processed_summary,1,2021-02-17,,8,0,0,0,0,0,0,,0,0,0,0,0,0,0,,1,,3,2021-03-03,1,2021-03-03,2
S06,feburary_2021_arm_1,ento_form_1a_immediately_processed_summary,2,2021-02-24,,8,0,0,0,0,0,0,,0,0,0,0,3,0,3,,0,,3,2021-03-03,1,2021-03-03,2
S06,march_2021_arm_1,ento_form_1a_immediately_processed_summary,1,2021-03-17,,7,0,0,0,0,0,0,,0,0,6,4,4,0,14,,12,,4,2021-04-01,1,2021-04-01,2
S06,march_2021_arm_1,ento_form_1a_immediately_processed_summary,2,2021-03-24,,7,0,0,0,0,0,0,,0,0,0,0,0,0,0,,0,,4,2021-04-01,1,2021-04-01,2
S06,march_2021_arm_1,ento_form_1a_immediately_processed_summary,3,2021-03-31,,7,0,0,0,1,0,1,,0,0,0,0,0,0,0,,0,,4,2021-04-01,1,2021-04-01,2
S06,april_2021_arm_1,ento_form_1a_immediately_processed_summary,1,2021-04-21,,4,0,0,0,0,0,0,,0,0,0,1,1,0,2,,0,,5,2021-04-28,1,2021-04-28,2
S06,april_2021_arm_1,ento_form_1a_immediately_processed_summary,2,2021-04-28,,10,0,0,0,0,0,0,,0,0,0,0,0,0,0,,0,,5,2021-05-11,1,2021-05-11,2
S06,may_2021_arm_1,ento_form_1a_immediately_processed_summary,1,2021-05-19,,6,2,1,0,0,0,3,,1,4,1,4,2,0,11,,4,,3,2021-09-07,1,2021-09-07,2
S06,may_2021_arm_1,ento_form_1a_immediately_processed_summary,2,2021-05-26,,6,0,0,0,0,0,0,,3,4,5,3,5,0,17,,10,,3,2021-09-07,1,2021-09-07,2
S06,june_2021_arm_1,ento_form_1a_immediately_processed_summary,1,2021-06-16,,3,2,0,0,0,0,2,,1,14,3,5,10,2,34,,28,,4,2021-07-01,1,2021-07-01,2
S06,june_2021_arm_1,ento_form_1a_immediately_processed_summary,2,2021-06-23,,3,1,0,0,0,0,1,,0,4,0,0,6,0,10,,13,,4,2021-07-01,1,2021-07-01,2
S06,june_2021_arm_1,ento_form_1a_immediately_processed_summary,3,2021-06-30,,2,1,0,0,0,0,1,,1,0,0,0,1,0,1,,2,,4,2021-07-01,1,2021-07-01,2
S06,july_2021_arm_1,ento_form_1a_immediately_processed_summary,1,2021-07-21,,9,0,0,0,0,0,0,,0,0,0,1,0,0,1,,2,,6,2021-07-22,1,2021-07-22,2
S06,july_2021_arm_1,ento_form_1a_immediately_processed_summary,2,2021-07-28,,9,0,0,0,0,0,0,,0,0,0,0,0,0,0,,1,,6,2021-08-04,1,2021-08-04,2
S06,august_2021_arm_1,ento_form_1a_immediately_processed_summary,1,2021-08-18,,10,0,0,0,0,0,0,,0,0,0,0,0,0,0,,0,,6,2021-08-19,1,2021-08-19,2
S06,august_2021_arm_1,ento_form_1a_immediately_processed_summary,2,2021-08-25,,10,0,0,0,0,0,0,,0,0,0,1,0,0,1,,3,,6,2021-09-01,1,2021-09-01,2
S06,september_2021_arm_1,ento_form_1a_immediately_processed_summary,1,2021-09-01,,5,0,0,0,0,0,0,,0,0,0,0,1,0,1,,2,,3,2021-10-06,1,2021-10-06,2
S06,september_2021_arm_1,ento_form_1a_immediately_processed_summary,2,2021-09-22,,4,0,0,0,0,0,0,,0,0,0,0,1,0,1,,0,,3,2021-10-06,1,2021-10-06,2
S06,september_2021_arm_1,ento_form_1a_immediately_processed_summary,3,2021-09-29,,4,0,0,0,0,0,0,,0,0,0,0,0,0,0,,0,,3,2021-10-06,1,2021-10-06,2
S06,october_2021_arm_1,ento_form_1a_immediately_processed_summary,1,2021-10-27,,4,0,0,0,0,0,0,,0,0,0,0,0,0,0,,0,,3,2021-10-27,1,2021-10-27,2
S06,november_2021_arm_1,ento_form_1a_immediately_processed_summary,1,2021-11-24,,10,0,0,0,0,0,0,,0,1,0,3,3,0,7,,7,,3,2021-11-29,1,2021-11-29,2
S06,november_2021_arm_1,ento_form_1a_immediately_processed_summary,2,2021-11-17,,10,0,0,0,0,0,0,,0,2,2,4,4,0,12,,11,,3,2021-11-29,1,2021-11-29,2
S06,december_2021_arm_1,ento_form_1a_immediately_processed_summary,1,2021-12-15,,7,0,0,0,0,0,0,,0,0,0,0,4,0,4,,8,,3,2021-12-21,1,2021-12-21,2
S06,january_2022_arm_1,ento_form_1a_immediately_processed_summary,1,2022-01-26,,8,0,0,0,0,0,0,,0,1,0,0,3,0,4,,5,,3,2022-01-31,1,2022-01-31,2
S06,january_2022_arm_1,ento_form_1a_immediately_processed_summary,2,2022-01-19,,8,0,0,0,0,0,0,,0,1,0,1,0,0,2,,2,,3,2022-01-31,1,2022-01-31,2
S06,february_2022_arm_1,ento_form_1a_immediately_processed_summary,1,2022-02-16,,9,0,0,0,0,0,0,,0,0,0,0,0,0,0,,2,,3,2022-02-17,1,2022-02-17,2
S06,february_2022_arm_1,ento_form_1a_immediately_processed_summary,2,2022-02-23,,9,0,0,0,0,0,0,,0,0,0,0,1,0,1,,0,,3,2022-02-23,1,2022-02-23,2
S06,march_2022_arm_1,ento_form_1a_immediately_processed_summary,1,2022-03-23,,8,0,0,0,0,0,0,,0,1,1,0,0,0,2,,2,,3,2022-03-28,1,2022-03-28,2
S06,march_2022_arm_1,ento_form_1a_immediately_processed_summary,2,2022-03-16,,8,0,0,0,0,0,0,,0,0,0,0,0,0,0,,1,,3,2022-03-28,1,2022-03-28,2
S06,april_2022_arm_1,ento_form_1a_immediately_processed_summary,1,2022-04-28,,5,0,0,0,0,0,0,,0,0,1,1,1,0,3,,5,,3,2022-05-04,1,2022-05-04,2
S06,april_2022_arm_1,ento_form_1a_immediately_processed_summary,2,2022-04-08,,2,0,0,0,0,0,0,,0,3,1,0,0,0,4,,1,,3,2022-05-04,1,2022-05-04,2
S06,april_2022_arm_1,ento_form_1a_immediately_processed_summary,3,2022-04-01,,4,0,0,0,0,0,0,,0,1,0,0,0,0,1,,2,,3,2022-05-04,1,2022-05-04,2
S06,may_2022_arm_1,ento_form_1a_immediately_processed_summary,1,2022-05-25,,6,0,0,1,0,0,1,,0,4,3,3,9,0,19,,10,,3,2022-06-02,1,2022-06-02,2
S06,may_2022_arm_1,ento_form_1a_immediately_processed_summary,2,2022-05-18,,6,0,0,0,0,0,0,,0,0,0,0,1,0,1,,0,,3,2022-06-02,1,2022-06-02,2
S06,june_2022_arm_1,ento_form_1a_immediately_processed_summary,1,2022-06-22,,2,0,0,0,1,0,1,0,0,5,0,0,3,0,8,0,2,,2,2022-07-06,1,2022-07-06,2
S06,june_2022_arm_1,ento_form_1a_immediately_processed_summary,2,2022-06-15,,2,0,0,0,0,0,0,0,0,4,3,2,3,0,12,0,12,,2,2022-07-06,1,2022-07-06,2
S06,july_2022_arm_1,ento_form_1a_immediately_processed_summary,1,2022-07-13,,2,0,0,0,0,0,0,,0,1,0,1,1,0,3,,3,,3,2022-07-19,1,2022-07-19,2
S06,july_2022_arm_1,ento_form_1a_immediately_processed_summary,2,2022-07-20,,8,0,0,0,0,0,0,,0,2,0,2,2,0,6,,4,,3,2022-07-21,1,2022-07-21,2
S06,july_2022_arm_1,ento_form_1a_immediately_processed_summary,3,2022-07-27,,6,0,0,0,0,0,0,,0,4,1,0,9,0,14,,20,,4,2022-08-02,1,2022-08-02,2
S06,august_2022_arm_1,ento_form_1a_immediately_processed_summary,1,2022-08-03,,5,0,0,0,0,0,0,,0,0,0,0,0,0,0,,1,,4,2022-08-04,1,2022-08-04,2
S06,august_2022_arm_1,ento_form_1a_immediately_processed_summary,2,2022-08-24,,9,0,0,0,0,0,0,,0,0,2,3,0,0,5,,0,,3,2022-09-01,1,2022-09-01,2
S06,september_2022_arm_1,ento_form_1a_immediately_processed_summary,1,2022-09-21,,8,0,0,0,0,0,0,,0,2,2,5,1,0,10,,0,,3,2022-09-23,1,2022-09-23,2
S06,september_2022_arm_1,ento_form_1a_immediately_processed_summary,2,2022-09-14,,9,0,0,0,0,0,0,,0,1,1,2,4,0,8,,6,,3,2022-10-11,1,2022-10-11,2
S06,october_2022_arm_1,ento_form_1a_immediately_processed_summary,1,2022-10-12,,5,0,0,0,0,0,0,,0,2,3,1,0,0,6,,2,,4,2022-10-19,1,2022-10-19,2
S06,october_2022_arm_1,ento_form_1a_immediately_processed_summary,2,2022-10-19,,5,0,1,0,0,0,1,,0,6,2,1,3,0,12,,8,,4,2022-10-19,1,2022-10-19,2
S06,october_2022_arm_1,ento_form_1a_immediately_processed_summary,3,2022-10-26,,5,0,0,0,0,0,0,,0,3,5,4,4,0,16,,8,,10,2022-10-27,1,2022-10-27,2
S06,november_2022_arm_1,ento_form_1a_immediately_processed_summary,1,2022-11-16,,6,0,0,0,0,0,0,,0,2,4,4,5,0,15,,6,,10,2022-11-16,1,2022-11-16,2
S06,november_2022_arm_1,ento_form_1a_immediately_processed_summary,2,2022-11-23,,6,0,0,0,0,0,0,,0,0,0,2,4,0,6,,5,,12,2022-11-24,1,2022-11-24,2
S06,december_2022_arm_1,ento_form_1a_immediately_processed_summary,1,2022-12-14,,7,0,0,0,0,0,0,,0,0,2,12,2,0,16,,0,,10,2022-12-14,1,2022-12-14,2
S06,december_2022_arm_1,ento_form_1a_immediately_processed_summary,2,2022-12-21,,7,0,0,0,0,0,0,,0,1,2,0,1,0,4,,0,,10,2022-12-21,1,2022-12-21,2
S07,january_2020_arm_1,ento_form_1a_immediately_processed_summary,1,2020-01-22,,7,0,1,0,0,0,1,,0,8,0,1,8,0,17,,24,,3,2020-04-09,1,2020-04-09,1
S07,january_2020_arm_1,ento_form_1a_immediately_processed_summary,2,2020-01-29,,7,0,0,0,0,0,0,,0,0,0,0,0,0,0,,3,,3,2020-04-10,1,2020-04-10,1
S07,february_2020_arm_1,ento_form_1a_immediately_processed_summary,1,2020-02-05,,3,0,0,0,0,0,0,,0,0,0,0,0,0,0,,1,,3,2020-04-27,1,2020-04-27,1
S07,february_2020_arm_1,ento_form_1a_immediately_processed_summary,2,2020-02-19,,3,0,0,0,0,0,0,,0,1,0,1,0,0,2,,1,,3,2020-04-27,1,2020-04-27,1
S07,february_2020_arm_1,ento_form_1a_immediately_processed_summary,3,2020-02-26,,3,0,0,0,0,0,0,,0,2,0,1,2,0,5,,19,,3,2020-04-27,1,2020-04-27,1
S07,march_2020_arm_1,ento_form_1a_immediately_processed_summary,1,2020-03-04,,6,0,0,0,0,0,0,,0,0,0,2,0,0,2,,9,,3,2020-04-30,1,2020-04-30,1
S07,march_2020_arm_1,ento_form_1a_immediately_processed_summary,2,2020-03-18,,2,0,0,0,0,0,0,,1,1,0,1,2,0,4,,3,,3,2020-04-30,1,2020-04-30,1
S07,june_2020_arm_1,ento_form_1a_immediately_processed_summary,1,2020-06-03,,7,0,0,0,0,0,0,,0,5,4,10,12,0,31,,1,,3,2020-06-05,1,2020-06-05,1
S07,june_2020_arm_1,ento_form_1a_immediately_processed_summary,2,2020-06-17,,7,0,0,0,0,0,0,,0,3,1,2,8,0,14,,11,,3,2020-06-26,1,2020-06-26,1
S07,june_2020_arm_1,ento_form_1a_immediately_processed_summary,3,2020-06-24,,7,0,0,0,0,0,0,,0,3,2,6,4,0,15,,4,,3,2020-06-26,1,2020-06-26,1
S07,july_2020_arm_1,ento_form_1a_immediately_processed_summary,1,2020-07-08,,9,0,0,0,0,0,0,,0,3,1,4,2,0,10,,3,,3,2020-08-04,1,2020-08-04,1
S07,july_2020_arm_1,ento_form_1a_immediately_processed_summary,2,2020-07-22,,9,0,0,0,0,0,0,,0,4,2,0,4,0,10,,2,,3,2020-08-05,1,2020-08-05,1
S07,july_2020_arm_1,ento_form_1a_immediately_processed_summary,3,2020-07-29,,9,0,0,0,0,0,0,,0,3,0,1,0,0,4,,1,,3,2020-08-05,1,2020-08-05,1
S07,august_2020_arm_1,ento_form_1a_immediately_processed_summary,1,2020-08-05,,4,0,0,0,0,0,0,,0,1,0,1,4,0,6,,7,,3,2020-08-20,1,2020-08-20,2
S07,august_2020_arm_1,ento_form_1a_immediately_processed_summary,2,2020-08-19,,4,0,0,0,0,0,0,,0,4,0,1,0,0,5,,3,,3,2020-08-20,1,2020-08-20,2
S07,august_2020_arm_1,ento_form_1a_immediately_processed_summary,3,2020-08-26,,4,0,0,0,0,0,0,,0,2,1,0,1,0,4,,2,,3,2020-09-02,1,2020-09-02,2
S07,september_2020_arm_1,ento_form_1a_immediately_processed_summary,1,2020-09-02,,7,0,0,0,0,0,0,,0,0,2,1,0,0,3,,0,,4,2020-09-14,1,2020-09-14,2
S07,september_2020_arm_1,ento_form_1a_immediately_processed_summary,2,2020-09-16,,7,0,0,0,0,0,0,,0,0,1,0,0,0,1,,0,,3,2020-09-23,1,2020-09-23,2
S07,september_2020_arm_1,ento_form_1a_immediately_processed_summary,3,2020-09-23,,7,0,0,0,0,0,0,,0,0,0,0,4,0,4,,1,,3,2020-09-23,1,2020-09-23,2
S07,october_2020_arm_1,ento_form_1a_immediately_processed_summary,1,2020-10-07,,3,0,0,0,0,0,0,,0,1,0,1,1,0,3,,4,,3,2020-10-07,1,2020-10-07,2
S07,october_2020_arm_1,ento_form_1a_immediately_processed_summary,2,2020-10-21,,3,0,0,0,0,0,0,,0,3,0,3,4,0,10,,2,,3,2020-10-21,1,2020-10-21,2
S07,october_2020_arm_1,ento_form_1a_immediately_processed_summary,3,2020-10-28,,3,0,0,0,0,0,0,,0,0,0,0,0,0,0,,2,,3,2020-11-04,1,2020-11-04,2
S07,november_2020_arm_1,ento_form_1a_immediately_processed_summary,1,2020-11-04,,5,0,0,0,0,0,0,,0,1,0,2,1,0,4,,3,,3,2020-11-05,1,2020-11-05,2
S07,november_2020_arm_1,ento_form_1a_immediately_processed_summary,2,2020-11-18,,5,0,0,0,0,0,0,,0,4,1,1,2,0,8,,3,,5,2020-11-18,1,2020-11-18,2
S07,november_2020_arm_1,ento_form_1a_immediately_processed_summary,3,2020-11-25,,5,0,0,0,0,0,0,,0,3,0,0,0,0,3,,7,,3,2020-11-30,1,2020-11-30,2
S07,december_2020_arm_1,ento_form_1a_immediately_processed_summary,1,2020-12-02,,8,0,0,0,0,0,0,,0,2,0,0,0,0,2,,1,,3,2020-12-02,1,2020-12-02,2
S07,december_2020_arm_1,ento_form_1a_immediately_processed_summary,2,2020-12-16,,8,0,0,0,0,0,0,,0,0,0,0,0,0,0,,2,,4,2020-12-16,1,2020-12-16,2
S07,january_2021_arm_1,ento_form_1a_immediately_processed_summary,1,2021-01-06,,9,0,0,0,0,0,0,,0,1,5,6,4,0,16,,5,,3,2021-01-07,1,2021-01-07,2
S07,january_2021_arm_1,ento_form_1a_immediately_processed_summary,2,2021-01-20,,9,0,0,0,0,0,0,,0,5,3,3,4,0,15,,4,,3,2021-02-02,1,2021-02-02,2
S07,january_2021_arm_1,ento_form_1a_immediately_processed_summary,3,2021-01-27,,9,0,0,0,0,0,0,,0,1,2,0,0,0,3,,5,,3,2021-02-03,1,2021-02-03,2
S07,feburary_2021_arm_1,ento_form_1a_immediately_processed_summary,1,2021-02-17,,2,0,0,0,0,0,0,,0,1,1,0,2,0,4,,10,,3,2021-03-03,1,2021-03-03,2
S07,feburary_2021_arm_1,ento_form_1a_immediately_processed_summary,2,2021-02-24,,2,0,0,0,0,0,0,,1,0,0,0,1,0,1,,1,,3,2021-03-19,1,2021-03-19,2
S07,march_2021_arm_1,ento_form_1a_immediately_processed_summary,1,2021-03-17,,4,0,0,0,0,0,0,,0,6,1,1,5,0,13,,11,,4,2021-04-01,1,2021-04-01,2
S07,march_2021_arm_1,ento_form_1a_immediately_processed_summary,2,2021-03-24,,4,0,0,0,0,0,0,,0,1,0,0,0,0,1,,0,,4,2021-04-01,1,2021-04-01,2
S07,march_2021_arm_1,ento_form_1a_immediately_processed_summary,3,2021-03-31,,4,0,0,0,0,0,0,,0,0,0,0,0,0,0,,1,,4,2021-04-01,1,2021-04-01,2
S07,april_2021_arm_1,ento_form_1a_immediately_processed_summary,1,2021-04-21,,6,0,0,0,0,0,0,,0,1,1,0,1,0,3,,1,,5,2021-04-28,1,2021-04-28,2
S07,april_2021_arm_1,ento_form_1a_immediately_processed_summary,2,2021-04-28,,6,0,0,0,0,0,0,,0,3,5,0,2,0,10,,3,,5,2021-04-28,1,2021-04-28,2
S07,may_2021_arm_1,ento_form_1a_immediately_processed_summary,1,2021-05-26,,3,0,0,0,1,0,1,,0,21,2,22,16,0,61,,74,,5,2021-06-09,1,2021-06-09,2
S07,may_2021_arm_1,ento_form_1a_immediately_processed_summary,2,2021-05-19,,3,0,0,0,0,0,0,,0,5,1,12,2,0,20,,22,,5,2021-06-11,1,2021-06-11,2
S07,june_2021_arm_1,ento_form_1a_immediately_processed_summary,1,2021-06-16,,7,0,0,0,0,0,0,,1,3,0,3,25,0,31,,74,,4,2021-07-01,1,2021-07-01,2
S07,june_2021_arm_1,ento_form_1a_immediately_processed_summary,2,2021-06-23,,7,1,0,0,0,0,1,,0,0,0,4,9,0,13,,7,,4,2021-07-01,1,2021-07-01,2
S07,june_2021_arm_1,ento_form_1a_immediately_processed_summary,3,2021-06-30,,7,0,0,0,1,0,1,,0,2,1,2,5,0,10,,11,,4,2021-07-01,1,2021-07-01,2
S07,july_2021_arm_1,ento_form_1a_immediately_processed_summary,1,2021-07-21,,2,0,0,0,0,0,0,,1,3,0,0,0,0,3,,1,,6,2021-07-22,1,2021-07-22,2
S07,july_2021_arm_1,ento_form_1a_immediately_processed_summary,2,2021-07-28,,2,0,0,0,0,0,0,,0,0,1,0,2,0,3,,9,,6,2021-08-04,1,2021-08-04,2
S07,august_2021_arm_1,ento_form_1a_immediately_processed_summary,1,2021-08-18,,9,0,0,0,0,0,0,,0,0,1,0,0,0,1,,6,,6,2021-08-19,1,2021-08-19,2
S07,august_2021_arm_1,ento_form_1a_immediately_processed_summary,2,2021-08-25,,9,0,0,0,0,0,0,,0,0,0,0,1,0,1,,4,,6,2021-09-01,1,2021-09-01,2
S07,september_2021_arm_1,ento_form_1a_immediately_processed_summary,1,2021-09-01,,5,0,0,0,0,0,0,,0,0,0,0,0,0,0,,3,,3,2021-10-06,1,2021-10-06,2
S07,september_2021_arm_1,ento_form_1a_immediately_processed_summary,2,2021-09-22,,9,0,0,0,0,0,0,,0,0,0,0,1,0,1,,1,,3,2021-10-06,1,2021-10-06,2
S07,september_2021_arm_1,ento_form_1a_immediately_processed_summary,3,2021-09-29,,10,0,0,0,0,0,0,,0,1,0,0,2,0,3,,3,,3,2021-10-06,1,2021-10-06,2
S07,october_2021_arm_1,ento_form_1a_immediately_processed_summary,1,2021-10-27,,4,0,0,0,0,0,0,,1,2,0,0,5,0,7,,7,,3,2021-10-27,1,2021-10-27,2
S07,november_2021_arm_1,ento_form_1a_immediately_processed_summary,1,2021-11-24,,6,0,0,0,0,0,0,,1,1,1,2,6,0,10,,17,,3,2021-11-29,1,2021-11-29,2
S07,november_2021_arm_1,ento_form_1a_immediately_processed_summary,2,2021-11-17,,6,0,0,0,0,0,0,,0,1,0,0,3,0,4,,5,,3,2021-11-29,1,2021-11-29,2
S07,december_2021_arm_1,ento_form_1a_immediately_processed_summary,1,2021-12-15,,3,0,0,0,0,0,0,,0,3,0,0,2,0,5,,24,,3,2021-12-21,1,2021-12-21,2
S07,january_2022_arm_1,ento_form_1a_immediately_processed_summary,1,2022-01-26,,7,0,0,0,0,0,0,,0,0,1,3,4,0,8,,9,,3,2022-01-31,1,2022-01-31,2
S07,january_2022_arm_1,ento_form_1a_immediately_processed_summary,2,2022-01-19,,7,0,0,0,0,0,0,,0,3,2,0,6,0,11,,16,,3,2022-01-31,1,2022-01-31,2
S07,february_2022_arm_1,ento_form_1a_immediately_processed_summary,1,2022-02-16,,10,0,0,0,0,0,0,,0,6,1,0,3,0,10,,34,,3,2022-02-17,1,2022-02-17,2
S07,february_2022_arm_1,ento_form_1a_immediately_processed_summary,2,2022-02-23,,10,0,0,0,0,0,0,,0,7,2,8,15,0,32,,59,,3,2022-02-23,1,2022-02-23,2
S07,march_2022_arm_1,ento_form_1a_immediately_processed_summary,1,2022-03-23,,4,0,0,0,0,0,0,,0,2,0,1,0,0,3,,6,,3,2022-03-28,1,2022-03-28,2
S07,march_2022_arm_1,ento_form_1a_immediately_processed_summary,2,2022-03-16,,4,0,0,0,0,0,0,,0,1,0,4,1,0,6,,2,,3,2022-03-28,1,2022-03-28,2
S07,april_2022_arm_1,ento_form_1a_immediately_processed_summary,1,2022-04-28,,2,0,0,0,0,0,0,,1,2,0,8,4,0,14,,28,,3,2022-05-04,1,2022-05-04,2
S07,april_2022_arm_1,ento_form_1a_immediately_processed_summary,2,2022-04-08,,2,0,0,0,0,0,0,,0,1,2,0,6,0,9,,4,,3,2022-05-04,1,2022-05-04,2
S07,april_2022_arm_1,ento_form_1a_immediately_processed_summary,3,2022-04-01,,7,0,0,0,0,0,0,,0,9,1,1,3,0,14,,34,,3,2022-05-04,1,2022-05-04,2
S07,may_2022_arm_1,ento_form_1a_immediately_processed_summary,1,2022-05-25,,9,0,0,0,0,0,0,,0,5,0,1,2,0,8,,2,,3,2022-06-02,1,2022-06-02,2
S07,may_2022_arm_1,ento_form_1a_immediately_processed_summary,2,2022-05-18,,9,0,0,0,0,0,0,,0,0,1,0,2,0,3,,6,,3,2022-06-02,1,2022-06-02,2
S07,june_2022_arm_1,ento_form_1a_immediately_processed_summary,1,2022-06-22,,7,0,0,0,0,0,0,0,0,54,10,3,7,0,74,0,66,,2,2022-07-06,1,2022-07-06,2
S07,june_2022_arm_1,ento_form_1a_immediately_processed_summary,2,2022-06-15,,7,0,0,0,0,0,0,,0,45,5,2,30,0,82,,77,,3,2022-07-06,1,2022-07-06,2
S07,july_2022_arm_1,ento_form_1a_immediately_processed_summary,1,2022-07-13,,6,0,0,0,0,0,0,,1,0,8,2,20,0,30,,54,,3,2022-07-19,1,2022-07-19,2
S07,july_2022_arm_1,ento_form_1a_immediately_processed_summary,2,2022-07-20,,6,0,0,0,0,0,0,,0,31,0,5,32,0,68,,89,,3,2022-07-21,1,2022-07-21,2
S07,july_2022_arm_1,ento_form_1a_immediately_processed_summary,3,2022-07-27,,6,0,0,0,0,0,0,,2,14,0,4,8,0,26,,27,,4,2022-08-02,1,2022-08-02,2
S07,august_2022_arm_1,ento_form_1a_immediately_processed_summary,1,2022-08-03,,5,0,0,0,0,0,0,,0,0,0,0,5,0,5,,2,,4,2022-08-04,1,2022-08-04,2
S07,august_2022_arm_1,ento_form_1a_immediately_processed_summary,2,2022-08-24,,5,0,0,0,0,0,0,,0,5,0,3,1,0,9,,11,,3,2022-09-01,1,2022-09-01,2
S07,september_2022_arm_1,ento_form_1a_immediately_processed_summary,1,2022-09-21,,4,0,0,0,0,0,0,,0,17,2,2,9,0,30,,32,,3,2022-09-23,1,2022-09-23,2
S07,september_2022_arm_1,ento_form_1a_immediately_processed_summary,2,2022-09-14,,2,0,0,0,0,0,0,,0,0,1,1,13,0,15,,3,,3,2022-10-11,1,2022-10-11,2
S07,october_2022_arm_1,ento_form_1a_immediately_processed_summary,1,2022-10-12,,9,0,0,0,0,0,0,,0,4,5,1,4,0,14,,6,,4,2022-10-19,1,2022-10-19,2
S07,october_2022_arm_1,ento_form_1a_immediately_processed_summary,2,2022-10-19,,9,0,0,0,0,0,0,,0,5,1,2,3,0,11,,10,,4,2022-10-19,1,2022-10-19,2
S07,october_2022_arm_1,ento_form_1a_immediately_processed_summary,3,2022-10-26,,9,0,0,0,0,0,0,,0,8,6,5,12,2,33,,48,,10,2022-10-27,1,2022-10-27,2
S07,november_2022_arm_1,ento_form_1a_immediately_processed_summary,1,2022-11-16,,8,0,0,0,0,0,0,,0,1,1,1,4,0,7,,10,,10,2022-11-16,1,2022-11-16,2
S07,november_2022_arm_1,ento_form_1a_immediately_processed_summary,2,2022-11-23,,8,0,0,0,0,0,0,,0,2,1,5,7,0,15,,19,,12,2022-11-24,1,2022-11-24,2
S07,december_2022_arm_1,ento_form_1a_immediately_processed_summary,1,2022-12-14,,3,0,0,0,0,0,0,,0,2,1,5,4,0,12,,9,,10,2022-12-14,1,2022-12-14,2
S07,december_2022_arm_1,ento_form_1a_immediately_processed_summary,2,2022-12-21,,3,0,0,0,0,0,0,,0,3,0,15,3,0,21,,23,,10,2022-12-21,1,2022-12-21,2
S08,january_2020_arm_1,ento_form_1a_immediately_processed_summary,1,2020-01-22,,8,0,0,0,0,0,0,,0,12,11,23,4,1,51,,35,,3,2020-04-10,1,2020-04-10,1
S08,january_2020_arm_1,ento_form_1a_immediately_processed_summary,2,2020-01-29,,8,0,0,0,0,0,0,,0,3,1,4,3,0,11,,6,,3,2020-04-10,1,2020-04-10,1
S08,february_2020_arm_1,ento_form_1a_immediately_processed_summary,1,2020-02-05,,9,0,0,0,0,0,0,,0,2,5,2,5,0,14,,14,,3,2020-04-27,1,2020-04-27,1
S08,february_2020_arm_1,ento_form_1a_immediately_processed_summary,2,2020-02-19,,9,0,0,0,0,0,0,,0,3,4,8,2,2,19,,10,,3,2020-04-27,1,2020-04-27,1
S08,february_2020_arm_1,ento_form_1a_immediately_processed_summary,3,2020-02-26,,9,0,0,0,0,0,0,,1,4,3,2,16,0,25,,66,,3,2020-04-27,1,2020-04-27,1
S08,march_2020_arm_1,ento_form_1a_immediately_processed_summary,1,2020-03-04,,7,0,0,0,0,0,0,,0,3,0,11,10,0,24,,20,,3,2020-04-29,1,2020-04-29,1
S08,march_2020_arm_1,ento_form_1a_immediately_processed_summary,2,2020-03-18,,7,0,0,0,0,0,0,,0,1,1,4,2,0,8,,9,,3,2020-04-30,1,2020-04-30,1
S08,june_2020_arm_1,ento_form_1a_immediately_processed_summary,1,2020-06-03,,8,0,0,0,0,0,0,,0,11,3,17,5,1,37,,10,,3,2020-06-05,1,2020-06-05,1
S08,june_2020_arm_1,ento_form_1a_immediately_processed_summary,2,2020-06-17,,8,0,0,0,0,0,0,,0,13,12,21,15,0,61,,36,,3,2020-06-18,1,2020-06-18,1
S08,june_2020_arm_1,ento_form_1a_immediately_processed_summary,3,2020-06-24,,8,0,0,0,0,0,0,,0,12,2,15,22,0,51,,33,,3,2020-06-26,1,2020-06-26,1
S08,july_2020_arm_1,ento_form_1a_immediately_processed_summary,1,2020-07-08,,6,0,0,0,0,0,0,,0,0,7,5,3,0,15,,2,,3,2020-08-04,1,2020-08-04,1
S08,july_2020_arm_1,ento_form_1a_immediately_processed_summary,2,2020-07-22,,6,0,0,0,0,0,0,,0,0,1,2,4,0,7,,5,,3,2020-08-05,1,2020-08-05,1
S08,july_2020_arm_1,ento_form_1a_immediately_processed_summary,3,2020-07-29,,6,0,0,0,0,0,0,,0,0,0,2,1,0,3,,3,,3,2020-08-05,1,2020-08-05,1
S08,august_2020_arm_1,ento_form_1a_immediately_processed_summary,1,2020-08-05,,7,0,0,0,0,0,0,,0,0,0,1,0,0,1,,0,,3,2020-08-20,1,2020-08-20,2
S08,august_2020_arm_1,ento_form_1a_immediately_processed_summary,2,2020-08-19,,7,0,0,0,0,0,0,,0,2,4,3,1,0,10,,4,,3,2020-08-20,1,2020-08-20,2
S08,august_2020_arm_1,ento_form_1a_immediately_processed_summary,3,2020-08-26,,7,0,0,0,0,0,0,,0,0,0,2,1,0,3,,1,,3,2020-09-02,1,2020-09-02,2
S08,september_2020_arm_1,ento_form_1a_immediately_processed_summary,1,2020-09-02,,4,0,0,0,0,0,0,,0,0,0,3,1,0,4,,0,,4,2020-09-14,1,2020-09-14,2
S08,september_2020_arm_1,ento_form_1a_immediately_processed_summary,2,2020-09-16,,4,0,0,0,0,0,0,,0,0,1,3,2,0,6,,2,,3,2020-09-23,1,2020-09-23,2
S08,september_2020_arm_1,ento_form_1a_immediately_processed_summary,3,2020-09-23,,4,0,0,0,0,0,0,,0,0,1,1,3,1,6,,0,,3,2020-09-23,1,2020-09-23,2
S08,october_2020_arm_1,ento_form_1a_immediately_processed_summary,1,2020-10-07,,5,0,0,0,0,0,0,,0,6,8,12,3,0,29,,10,,3,2020-10-07,1,2020-10-07,2
S08,october_2020_arm_1,ento_form_1a_immediately_processed_summary,2,2020-10-21,,5,0,0,0,0,0,0,,0,6,14,11,16,3,50,,14,,3,2020-10-21,1,2020-10-21,2
S08,october_2020_arm_1,ento_form_1a_immediately_processed_summary,3,2020-10-29,,5,0,0,0,0,0,0,,0,3,12,25,24,0,64,,16,,3,2020-11-04,1,2020-11-04,2
S08,november_2020_arm_1,ento_form_1a_immediately_processed_summary,1,2020-11-04,,9,0,0,0,0,0,0,,0,2,4,2,5,0,13,,15,,3,2020-11-04,1,2020-11-04,2
S08,november_2020_arm_1,ento_form_1a_immediately_processed_summary,2,2020-11-18,,9,0,0,1,0,0,1,,0,0,0,1,0,0,1,,5,,5,2020-11-18,1,2020-11-18,2
S08,november_2020_arm_1,ento_form_1a_immediately_processed_summary,3,2020-11-25,,9,0,0,0,0,0,0,,0,1,2,0,1,0,4,,0,,3,2020-11-30,1,2020-11-30,2
S08,december_2020_arm_1,ento_form_1a_immediately_processed_summary,1,2020-12-02,,3,0,0,0,0,0,0,,0,1,0,0,1,0,2,,2,,3,2020-12-02,1,2020-12-02,2
S08,december_2020_arm_1,ento_form_1a_immediately_processed_summary,2,2020-12-16,,3,0,0,0,0,0,0,,0,1,0,1,6,0,8,,9,,4,2020-12-16,1,2020-12-16,2
S08,january_2021_arm_1,ento_form_1a_immediately_processed_summary,1,2021-01-06,,8,0,0,0,0,0,0,,0,0,0,1,0,0,1,,0,,3,2021-01-07,1,2021-01-07,2
S08,january_2021_arm_1,ento_form_1a_immediately_processed_summary,2,2021-01-20,,8,0,0,0,0,0,0,,0,0,0,0,2,0,2,,2,,3,2021-02-02,1,2021-02-02,2
S08,january_2021_arm_1,ento_form_1a_immediately_processed_summary,3,2021-01-27,,8,0,0,0,0,0,0,,0,0,0,1,0,0,1,,0,,3,2021-02-03,1,2021-02-03,2
S08,feburary_2021_arm_1,ento_form_1a_immediately_processed_summary,1,2021-02-17,,3,0,0,0,0,0,0,,0,4,1,0,4,2,11,,7,,3,2021-03-03,1,2021-03-03,2
S08,feburary_2021_arm_1,ento_form_1a_immediately_processed_summary,2,2021-02-24,,3,0,0,0,0,0,0,,0,5,0,3,2,0,10,,7,,3,2021-03-03,1,2021-03-03,2
S08,march_2021_arm_1,ento_form_1a_immediately_processed_summary,1,2021-03-17,,6,0,0,0,0,0,0,,0,0,0,1,1,0,2,,0,,4,2021-04-01,1,2021-04-01,2
S08,march_2021_arm_1,ento_form_1a_immediately_processed_summary,2,2021-03-24,,6,0,0,0,0,0,0,,0,0,0,0,0,0,0,,0,,4,2021-04-01,1,2021-04-01,2
S08,march_2021_arm_1,ento_form_1a_immediately_processed_summary,3,2021-03-31,,6,0,0,0,0,0,0,,0,0,0,0,0,0,0,,2,,4,2021-04-01,1,2021-04-01,2
S08,april_2021_arm_1,ento_form_1a_immediately_processed_summary,1,2021-04-21,,9,0,0,0,0,0,0,,0,0,0,0,0,0,0,,1,,5,2021-04-28,1,2021-04-28,2
S08,april_2021_arm_1,ento_form_1a_immediately_processed_summary,2,2021-04-28,,9,0,0,0,0,0,0,,0,0,1,0,0,0,1,,0,,5,2021-04-28,1,2021-04-28,2
S08,may_2021_arm_1,ento_form_1a_immediately_processed_summary,1,2021-05-26,,4,0,0,0,1,0,1,,0,1,5,8,3,0,17,,4,,5,2021-06-09,1,2021-06-09,2
S08,may_2021_arm_1,ento_form_1a_immediately_processed_summary,2,2021-05-19,,4,0,3,0,0,0,3,,3,1,0,7,3,0,11,,11,,5,2021-06-11,1,2021-06-11,2
S08,june_2021_arm_1,ento_form_1a_immediately_processed_summary,1,2021-06-16,,10,0,3,0,1,0,4,,0,12,19,1,13,0,45,,50,,4,2021-07-01,1,2021-07-01,2
S08,june_2021_arm_1,ento_form_1a_immediately_processed_summary,2,2021-06-23,,10,0,0,0,0,0,0,,3,6,28,13,22,0,69,,37,,4,2021-07-01,1,2021-07-01,2
S08,june_2021_arm_1,ento_form_1a_immediately_processed_summary,3,2021-06-30,,10,0,1,0,1,0,2,,0,17,5,5,10,0,37,,11,,4,2021-07-01,1,2021-07-01,2
S08,july_2021_arm_1,ento_form_1a_immediately_processed_summary,1,2021-07-21,,3,0,0,0,0,0,0,,0,1,0,0,3,0,4,,4,,6,2021-07-22,1,2021-07-22,2
S08,july_2021_arm_1,ento_form_1a_immediately_processed_summary,2,2021-07-28,,3,0,0,0,0,0,0,,0,2,0,1,4,0,7,,5,,6,2021-08-04,1,2021-08-04,2
S08,august_2021_arm_1,ento_form_1a_immediately_processed_summary,1,2021-08-18,,7,0,0,0,0,0,0,,0,2,0,0,0,0,2,,3,,6,2021-08-19,1,2021-08-19,2
S08,august_2021_arm_1,ento_form_1a_immediately_processed_summary,2,2021-08-25,,7,0,0,0,0,0,0,,0,0,0,0,0,0,0,,3,,6,2021-09-01,1,2021-09-01,2
S08,september_2021_arm_1,ento_form_1a_immediately_processed_summary,1,2021-09-01,,2,0,0,0,0,0,0,,0,0,0,1,0,0,1,,1,,3,2021-10-06,1,2021-10-06,2
S08,september_2021_arm_1,ento_form_1a_immediately_processed_summary,2,2021-09-22,,2,0,0,0,0,0,0,,0,0,3,1,2,0,6,,1,,3,2021-10-06,1,2021-10-06,2
S08,september_2021_arm_1,ento_form_1a_immediately_processed_summary,3,2021-09-29,,2,0,0,0,0,0,0,,0,2,0,0,0,0,2,,3,,3,2021-10-06,1,2021-10-06,2
S08,october_2021_arm_1,ento_form_1a_immediately_processed_summary,1,2021-10-27,,6,0,0,0,0,0,0,,0,1,0,1,0,0,2,,0,,3,2021-10-27,1,2021-10-27,2
S08,october_2021_arm_1,ento_form_1a_immediately_processed_summary,2,2021-10-27,,6,0,0,0,0,0,0,,0,1,0,1,0,0,2,,0,,3,2021-10-27,1,2021-10-27,2
S08,november_2021_arm_1,ento_form_1a_immediately_processed_summary,1,2021-11-24,,9,0,0,0,0,0,0,,0,2,8,1,4,0,15,,4,,3,2021-11-29,1,2021-11-29,2
S08,november_2021_arm_1,ento_form_1a_immediately_processed_summary,2,2021-11-17,,9,0,0,0,0,0,0,,0,3,3,6,3,1,16,,9,,3,2021-11-29,1,2021-11-29,2
S08,december_2021_arm_1,ento_form_1a_immediately_processed_summary,1,2021-12-15,,2,0,0,0,0,0,0,,0,6,2,7,13,0,28,,21,,3,2021-12-21,1,2021-12-21,2
S08,january_2022_arm_1,ento_form_1a_immediately_processed_summary,1,2022-01-26,,10,0,0,0,0,0,0,,0,3,5,2,1,0,11,,11,,3,2022-01-31,1,2022-01-31,2
S08,january_2022_arm_1,ento_form_1a_immediately_processed_summary,2,2022-01-19,,10,0,0,0,0,0,0,,0,1,0,0,0,0,1,,5,,3,2022-01-31,1,2022-01-31,2
S08,february_2022_arm_1,ento_form_1a_immediately_processed_summary,1,2022-02-16,,4,0,0,0,0,0,0,,0,2,0,1,3,0,6,,7,,3,2022-02-17,1,2022-02-17,2
S08,february_2022_arm_1,ento_form_1a_immediately_processed_summary,2,2022-02-23,,4,0,0,0,0,0,0,,0,1,1,3,1,0,6,,0,,3,2022-02-23,1,2022-02-23,2
S08,march_2022_arm_1,ento_form_1a_immediately_processed_summary,1,2022-03-23,,7,0,0,0,0,0,0,,0,2,15,4,3,0,24,,3,,3,2022-03-28,1,2022-03-28,2
S08,march_2022_arm_1,ento_form_1a_immediately_processed_summary,2,2022-03-16,,7,0,0,0,0,0,0,,0,3,16,6,8,0,33,,3,,3,2022-03-28,1,2022-03-28,2
S08,april_2022_arm_1,ento_form_1a_immediately_processed_summary,1,2022-04-28,,9,0,0,0,0,0,0,,0,3,0,1,3,7,14,,2,,3,2022-05-04,1,2022-05-04,2
S08,april_2022_arm_1,ento_form_1a_immediately_processed_summary,2,2022-04-08,,9,0,0,0,0,0,0,,0,0,3,2,0,0,5,,1,,3,2022-05-04,1,2022-05-04,2
S08,april_2022_arm_1,ento_form_1a_immediately_processed_summary,3,2022-04-01,,9,0,0,0,0,0,0,,0,1,3,1,2,0,7,,1,,3,2022-05-04,1,2022-05-04,2
S08,may_2022_arm_1,ento_form_1a_immediately_processed_summary,1,2022-05-25,,2,0,0,0,0,0,0,,0,5,11,6,4,0,26,,1,,3,2022-06-02,1,2022-06-02,2
S08,may_2022_arm_1,ento_form_1a_immediately_processed_summary,2,2022-05-18,,2,0,0,0,0,0,0,,0,0,1,1,6,0,8,,2,,3,2022-06-02,1,2022-06-02,2
S08,june_2022_arm_1,ento_form_1a_immediately_processed_summary,1,2022-06-15,,6,0,0,0,0,0,0,0,0,339,51,13,51,4,458,0,495,,2,2022-07-06,1,2022-07-06,2
S08,june_2022_arm_1,ento_form_1a_immediately_processed_summary,2,2022-06-22,,6,0,0,0,0,0,0,0,0,143,4,40,66,0,253,0,638,,2,2022-07-06,1,2022-07-06,2
S08,july_2022_arm_1,ento_form_1a_immediately_processed_summary,1,2022-07-13,,3,0,0,0,0,0,0,,0,26,8,10,22,0,66,,30,,3,2022-07-19,1,2022-07-19,2
S08,july_2022_arm_1,ento_form_1a_immediately_processed_summary,2,2022-07-20,,3,0,0,0,0,0,0,,0,22,11,3,22,0,58,,62,,3,2022-07-21,1,2022-07-21,2
S08,july_2022_arm_1,ento_form_1a_immediately_processed_summary,3,2022-07-27,,3,0,0,0,0,0,0,,0,12,9,16,24,0,61,,62,,4,2022-08-02,1,2022-08-02,2
S08,august_2022_arm_1,ento_form_1a_immediately_processed_summary,1,2022-08-03,,4,0,0,0,0,0,0,,0,8,0,10,13,5,36,,20,,4,2022-08-04,1,2022-08-04,2
S08,august_2022_arm_1,ento_form_1a_immediately_processed_summary,2,2022-08-24,,4,0,0,0,0,0,0,,0,5,0,0,2,0,7,,31,,3,2022-09-01,1,2022-09-01,2
S08,september_2022_arm_1,ento_form_1a_immediately_processed_summary,1,2022-09-21,,2,0,0,0,0,0,0,,0,10,21,3,19,0,53,,23,,3,2022-09-23,1,2022-09-23,2
S08,september_2022_arm_1,ento_form_1a_immediately_processed_summary,2,2022-09-14,,7,0,0,0,0,0,0,,0,6,4,7,20,0,37,,16,,3,2022-10-11,1,2022-10-11,2
S08,october_2022_arm_1,ento_form_1a_immediately_processed_summary,1,2022-10-12,,8,0,0,0,0,0,0,,0,10,1,4,11,0,26,,25,,4,2022-10-19,1,2022-10-19,2
S08,october_2022_arm_1,ento_form_1a_immediately_processed_summary,2,2022-10-19,,8,0,0,0,0,0,0,,0,8,0,4,6,0,18,,15,,4,2022-10-19,1,2022-10-19,2
S08,october_2022_arm_1,ento_form_1a_immediately_processed_summary,3,2022-10-26,,8,0,0,0,0,0,0,,0,9,0,1,7,0,17,,21,,10,2022-10-27,1,2022-10-27,2
S08,november_2022_arm_1,ento_form_1a_immediately_processed_summary,1,2022-11-16,,5,0,0,0,0,0,0,,0,8,0,1,4,0,13,,10,,10,2022-11-16,1,2022-11-16,2
S08,november_2022_arm_1,ento_form_1a_immediately_processed_summary,2,2022-11-23,,5,0,0,0,0,0,0,,0,8,2,0,5,2,17,,27,,12,2022-11-24,1,2022-11-24,2
S08,december_2022_arm_1,ento_form_1a_immediately_processed_summary,1,2022-12-14,,6,0,0,0,0,0,0,,0,3,4,1,1,0,9,,14,,10,2022-12-14,1,2022-12-14,2
S08,december_2022_arm_1,ento_form_1a_immediately_processed_summary,2,2022-12-21,,6,0,0,0,0,0,0,,0,3,16,6,2,0,27,,8,,10,2022-12-21,1,2022-12-21,2
S09,january_2020_arm_1,ento_form_1a_immediately_processed_summary,1,2020-01-22,,8,0,1,0,0,0,1,,0,14,13,13,3,0,43,,75,,3,2020-04-10,1,2020-04-10,1
S09,january_2020_arm_1,ento_form_1a_immediately_processed_summary,2,2020-01-29,,8,0,0,1,0,0,1,,0,0,0,8,2,0,10,,12,,3,2020-04-10,1,2020-04-10,1
S09,february_2020_arm_1,ento_form_1a_immediately_processed_summary,1,2020-02-05,,9,0,1,0,0,0,1,,0,6,10,6,4,3,29,,38,,3,2020-04-27,1,2020-04-27,1
S09,february_2020_arm_1,ento_form_1a_immediately_processed_summary,2,2020-02-19,,9,0,0,0,0,0,0,,0,4,16,2,2,1,25,,28,,3,2020-04-27,1,2020-04-27,1
S09,february_2020_arm_1,ento_form_1a_immediately_processed_summary,3,2020-02-26,,9,0,1,0,0,0,1,,0,1,4,9,10,1,25,,28,,3,2020-04-27,1,2020-04-27,1
S09,march_2020_arm_1,ento_form_1a_immediately_processed_summary,1,2020-03-04,,7,1,2,0,0,0,3,,0,16,0,22,16,0,54,,123,,3,2020-04-29,1,2020-04-29,1
S09,march_2020_arm_1,ento_form_1a_immediately_processed_summary,2,2020-03-18,,7,0,0,1,0,0,1,,0,12,17,48,30,0,107,,119,,3,2020-04-30,1,2020-04-30,1
S09,june_2020_arm_1,ento_form_1a_immediately_processed_summary,1,2020-06-03,,8,0,0,0,0,0,0,,0,33,84,154,52,0,323,,86,,3,2020-06-05,1,2020-06-05,1
S09,june_2020_arm_1,ento_form_1a_immediately_processed_summary,2,2020-06-17,,8,0,2,0,1,0,3,,0,65,108,162,85,1,421,,157,,3,2020-06-18,1,2020-06-18,1
S09,june_2020_arm_1,ento_form_1a_immediately_processed_summary,3,2020-06-24,,8,0,0,0,0,0,0,,0,31,33,137,48,2,251,,130,,3,2020-06-26,1,2020-06-26,1
S09,july_2020_arm_1,ento_form_1a_immediately_processed_summary,1,2020-07-08,,6,0,0,0,1,0,1,,0,6,22,35,19,0,82,,36,,3,2020-08-04,1,2020-08-04,1
S09,july_2020_arm_1,ento_form_1a_immediately_processed_summary,2,2020-07-22,,6,0,0,0,1,0,1,,0,3,15,24,20,0,62,,16,,3,2020-08-05,1,2020-08-05,1
S09,july_2020_arm_1,ento_form_1a_immediately_processed_summary,3,2020-07-29,,6,1,0,0,0,0,1,,0,2,3,1,11,0,17,,21,,3,2020-08-05,1,2020-08-05,1
S09,august_2020_arm_1,ento_form_1a_immediately_processed_summary,1,2020-08-05,,7,0,0,0,0,0,0,,0,3,13,9,22,0,47,,39,,3,2020-08-20,1,2020-08-20,2
S09,august_2020_arm_1,ento_form_1a_immediately_processed_summary,2,2020-08-19,,7,0,0,0,0,0,0,,0,11,20,22,8,0,61,,24,,3,2020-08-20,1,2020-08-20,2
S09,august_2020_arm_1,ento_form_1a_immediately_processed_summary,3,2020-08-26,,7,0,0,0,1,0,1,,0,2,2,11,7,0,22,,24,,3,2020-09-02,1,2020-09-02,2
S09,september_2020_arm_1,ento_form_1a_immediately_processed_summary,1,2020-09-02,,4,0,0,0,0,0,0,,0,1,4,2,4,0,11,,14,,4,2020-09-14,1,2020-09-14,2
S09,september_2020_arm_1,ento_form_1a_immediately_processed_summary,2,2020-09-16,,4,0,0,0,0,0,0,,0,7,28,17,21,0,73,,54,,3,2020-09-23,1,2020-09-23,2
S09,september_2020_arm_1,ento_form_1a_immediately_processed_summary,3,2020-09-23,,4,0,0,1,0,0,1,,1,9,24,13,20,0,66,,40,,3,2020-09-23,1,2020-09-23,2
S09,october_2020_arm_1,ento_form_1a_immediately_processed_summary,1,2020-10-07,,5,0,1,1,0,0,2,,0,4,71,84,47,4,210,,63,,3,2020-10-07,1,2020-10-07,2
S09,october_2020_arm_1,ento_form_1a_immediately_processed_summary,2,2020-10-21,,5,0,0,0,0,0,0,,0,25,67,53,52,0,197,,48,,3,2020-10-21,1,2020-10-21,2
S09,october_2020_arm_1,ento_form_1a_immediately_processed_summary,3,2020-10-28,,5,0,0,1,0,0,1,,0,24,106,122,72,2,326,,174,,3,2020-11-05,1,2020-11-05,2
S09,november_2020_arm_1,ento_form_1a_immediately_processed_summary,1,2020-11-04,,9,0,0,0,0,0,0,,0,2,20,10,6,0,38,,30,,3,2020-11-04,1,2020-11-04,2
S09,november_2020_arm_1,ento_form_1a_immediately_processed_summary,2,2020-11-18,,9,0,0,0,0,0,0,,0,2,18,14,12,3,49,,16,,5,2020-11-18,1,2020-11-18,2
S09,november_2020_arm_1,ento_form_1a_immediately_processed_summary,3,2020-11-25,,9,0,0,1,0,0,1,,2,0,26,10,8,0,44,,30,,3,2020-11-30,1,2020-11-30,2
S09,december_2020_arm_1,ento_form_1a_immediately_processed_summary,1,2020-12-02,,3,0,0,0,0,0,0,,0,6,1,12,4,2,25,,31,,3,2020-12-02,1,2020-12-02,2
S09,december_2020_arm_1,ento_form_1a_immediately_processed_summary,2,2020-12-16,,3,0,0,0,0,0,0,,1,2,0,7,9,3,21,,44,,4,2020-12-16,1,2020-12-16,2
S09,january_2021_arm_1,ento_form_1a_immediately_processed_summary,1,2021-01-06,,2,0,1,0,0,0,1,,0,4,19,11,25,0,59,,28,,3,2021-01-07,1,2021-01-07,2
S09,january_2021_arm_1,ento_form_1a_immediately_processed_summary,2,2021-01-20,,8,0,0,0,0,0,0,,0,2,1,9,11,0,23,,17,,3,2021-02-02,1,2021-02-02,2
S09,january_2021_arm_1,ento_form_1a_immediately_processed_summary,3,2021-01-27,,8,0,0,0,0,0,0,,0,0,0,2,2,0,4,,2,,3,2021-02-03,1,2021-02-03,2
S09,feburary_2021_arm_1,ento_form_1a_immediately_processed_summary,1,2021-02-17,,3,0,1,0,0,0,1,,0,4,0,10,2,1,17,,4,,3,2021-03-03,1,2021-03-03,2
S09,feburary_2021_arm_1,ento_form_1a_immediately_processed_summary,2,2021-02-24,,3,0,0,0,0,0,0,,0,6,3,21,14,2,46,,47,,3,2021-03-03,1,2021-03-03,2
S09,march_2021_arm_1,ento_form_1a_immediately_processed_summary,1,2021-03-17,,6,0,0,0,0,0,0,,0,1,1,2,2,0,6,,5,,4,2021-04-01,1,2021-04-01,2
S09,march_2021_arm_1,ento_form_1a_immediately_processed_summary,2,2021-03-24,,6,0,0,0,0,0,0,,0,0,3,1,1,0,5,,5,,4,2021-04-01,1,2021-04-01,2
S09,march_2021_arm_1,ento_form_1a_immediately_processed_summary,3,2021-03-31,,6,0,0,0,1,0,1,,0,0,0,2,6,0,8,,3,,4,2021-04-01,1,2021-04-01,2
S09,april_2021_arm_1,ento_form_1a_immediately_processed_summary,1,2021-04-21,,9,0,1,0,0,0,1,,3,0,2,2,1,0,5,,5,,5,2021-04-28,1,2021-04-28,2
S09,april_2021_arm_1,ento_form_1a_immediately_processed_summary,2,2021-04-28,,9,0,0,0,1,0,1,,0,2,4,3,1,0,10,,1,,5,2021-04-28,1,2021-04-28,2
S09,may_2021_arm_1,ento_form_1a_immediately_processed_summary,1,2021-05-26,,4,0,2,0,0,0,2,,1,5,12,3,7,0,27,,12,,5,2021-06-09,1,2021-06-09,2
S09,may_2021_arm_1,ento_form_1a_immediately_processed_summary,2,2021-05-19,,4,0,2,0,0,0,2,,0,2,1,20,7,1,31,,3,,5,2021-06-11,1,2021-06-11,2
S09,june_2021_arm_1,ento_form_1a_immediately_processed_summary,1,2021-06-16,,10,1,7,0,0,0,8,,0,17,113,8,25,0,163,,68,,4,2021-07-01,1,2021-07-01,2
S09,june_2021_arm_1,ento_form_1a_immediately_processed_summary,2,2021-06-23,,10,0,2,0,0,0,2,,0,16,40,14,20,0,90,,66,,4,2021-07-01,1,2021-07-01,2
S09,june_2021_arm_1,ento_form_1a_immediately_processed_summary,3,2021-06-30,,10,0,0,0,0,0,0,,0,6,20,7,12,0,45,,8,,4,2021-07-01,1,2021-07-01,2
S09,august_2021_arm_1,ento_form_1a_immediately_processed_summary,1,2021-08-18,,7,0,0,0,0,0,0,,0,1,2,1,6,0,10,,22,,6,2021-08-19,1,2021-08-19,2
S09,august_2021_arm_1,ento_form_1a_immediately_processed_summary,2,2021-08-25,,7,0,0,0,0,0,0,,0,1,0,2,1,0,4,,1,,6,2021-09-01,1,2021-09-01,2
S09,september_2021_arm_1,ento_form_1a_immediately_processed_summary,1,2021-09-01,,2,0,0,0,0,0,0,,0,1,0,2,7,0,10,,3,,3,2021-10-06,1,2021-10-06,2
S09,september_2021_arm_1,ento_form_1a_immediately_processed_summary,2,2021-09-22,,4,0,0,0,0,0,0,,0,0,4,3,1,0,8,,4,,3,2021-10-06,1,2021-10-06,2
S09,september_2021_arm_1,ento_form_1a_immediately_processed_summary,3,2021-09-29,,2,0,0,0,0,0,0,,0,0,0,2,1,0,3,,4,,3,2021-10-06,1,2021-10-06,2
S09,october_2021_arm_1,ento_form_1a_immediately_processed_summary,1,2021-10-27,,6,0,0,0,0,0,0,,0,1,8,0,10,2,21,,10,,3,2021-10-27,1,2021-10-27,2
S09,november_2021_arm_1,ento_form_1a_immediately_processed_summary,1,2021-11-24,,9,0,0,0,0,0,0,,0,4,1,7,4,0,16,,15,,3,2021-11-29,1,2021-11-29,2
S09,november_2021_arm_1,ento_form_1a_immediately_processed_summary,2,2021-11-17,,9,0,0,0,0,0,0,,0,7,11,5,6,0,29,,13,,3,2021-11-29,1,2021-11-29,2
S09,december_2021_arm_1,ento_form_1a_immediately_processed_summary,1,2021-12-15,,2,0,0,0,0,0,0,,0,6,7,9,6,3,31,,36,,3,2021-12-21,1,2021-12-21,2
S09,january_2022_arm_1,ento_form_1a_immediately_processed_summary,1,2022-01-26,,10,0,0,0,0,0,0,,0,7,14,5,4,0,30,,45,,3,2022-01-31,1,2022-01-31,2
S09,january_2022_arm_1,ento_form_1a_immediately_processed_summary,2,2022-01-19,,10,0,0,0,0,0,0,,0,0,16,3,20,0,39,,29,,3,2022-01-31,1,2022-01-31,2
S09,february_2022_arm_1,ento_form_1a_immediately_processed_summary,1,2022-02-16,,4,0,0,0,0,0,0,,0,2,6,0,1,0,9,,11,,3,2022-02-17,1,2022-02-17,2
S09,february_2022_arm_1,ento_form_1a_immediately_processed_summary,2,2022-02-23,,4,0,0,0,0,0,0,,0,0,6,4,2,0,12,,7,,3,2022-02-23,1,2022-02-23,2
S09,march_2022_arm_1,ento_form_1a_immediately_processed_summary,1,2022-03-23,,7,0,0,0,0,0,0,,0,1,10,4,10,0,25,,16,,3,2022-03-28,1,2022-03-28,2
S09,march_2022_arm_1,ento_form_1a_immediately_processed_summary,2,2022-03-16,,7,0,0,0,0,0,0,,0,2,10,17,12,0,41,,12,,3,2022-03-28,1,2022-03-28,2
S09,april_2022_arm_1,ento_form_1a_immediately_processed_summary,1,2022-04-28,,9,0,1,0,0,0,1,,0,1,0,7,0,0,8,,3,,3,2022-05-04,1,2022-05-04,2
S09,april_2022_arm_1,ento_form_1a_immediately_processed_summary,2,2022-04-08,,9,0,1,0,0,0,1,,0,4,10,3,3,0,20,,12,,3,2022-05-04,1,2022-05-04,2
S09,april_2022_arm_1,ento_form_1a_immediately_processed_summary,3,2022-04-01,,9,0,0,0,0,0,0,,0,0,0,6,5,0,11,,3,,3,2022-05-04,1,2022-05-04,2
S09,may_2022_arm_1,ento_form_1a_immediately_processed_summary,1,2022-05-25,,2,0,1,0,0,0,1,,0,2,26,7,21,0,56,,3,,3,2022-06-02,1,2022-06-02,2
S09,may_2022_arm_1,ento_form_1a_immediately_processed_summary,2,2022-05-18,,2,0,0,0,0,0,0,,1,0,5,3,5,0,13,,5,,3,2022-06-02,1,2022-06-02,2
S09,june_2022_arm_1,ento_form_1a_immediately_processed_summary,1,2022-06-22,,6,0,0,0,0,0,0,,0,57,183,92,99,1,432,,291,,3,2022-07-06,1,2022-07-06,2
S09,june_2022_arm_1,ento_form_1a_immediately_processed_summary,2,2022-06-15,,6,0,0,0,0,0,0,,0,55,44,105,41,0,245,,158,,3,2022-07-06,1,2022-07-06,2
S09,july_2022_arm_1,ento_form_1a_immediately_processed_summary,1,2022-07-13,,3,0,0,0,0,0,0,,0,8,67,44,41,0,160,,66,,3,2022-07-19,1,2022-07-19,2
S09,july_2022_arm_1,ento_form_1a_immediately_processed_summary,2,2022-07-20,,3,0,1,0,0,0,1,,0,4,53,25,40,0,122,,73,,3,2022-07-21,1,2022-07-21,2
S09,july_2022_arm_1,ento_form_1a_immediately_processed_summary,3,2022-07-27,,3,0,0,0,0,0,0,,0,9,35,50,54,0,148,,66,,4,2022-08-02,1,2022-08-02,2
S09,august_2022_arm_1,ento_form_1a_immediately_processed_summary,1,2022-08-03,,4,0,0,0,0,0,0,,0,9,34,16,19,0,78,,28,,4,2022-08-04,1,2022-08-04,2
S09,august_2022_arm_1,ento_form_1a_immediately_processed_summary,2,2022-08-24,,4,0,0,0,0,0,0,,0,8,33,43,28,3,115,,64,,3,2022-09-01,1,2022-09-01,2
S09,september_2022_arm_1,ento_form_1a_immediately_processed_summary,1,2022-09-21,,2,0,0,0,0,0,0,,0,5,40,20,44,0,109,,35,,3,2022-09-23,1,2022-09-23,2
S09,september_2022_arm_1,ento_form_1a_immediately_processed_summary,2,2022-09-14,,7,0,0,0,0,0,0,,0,15,56,104,36,0,211,,41,,3,2022-10-11,1,2022-10-11,2
S09,october_2022_arm_1,ento_form_1a_immediately_processed_summary,1,2022-10-12,,8,0,0,0,0,0,0,,0,18,16,76,41,0,151,,54,,4,2022-10-19,1,2022-10-19,2
S09,october_2022_arm_1,ento_form_1a_immediately_processed_summary,2,2022-10-19,,8,0,0,0,0,0,0,,0,23,30,68,59,0,180,,87,,4,2022-10-19,1,2022-10-19,2
S09,october_2022_arm_1,ento_form_1a_immediately_processed_summary,3,2022-10-26,,8,0,0,0,0,0,0,,0,10,43,30,19,0,102,,56,,10,2022-10-27,1,2022-10-27,2
S09,november_2022_arm_1,ento_form_1a_immediately_processed_summary,1,2022-11-16,,6,0,0,0,0,0,0,,0,56,63,81,54,0,254,,120,,10,2022-11-16,1,2022-11-16,2
S09,november_2022_arm_1,ento_form_1a_immediately_processed_summary,2,2022-11-23,,5,0,0,0,0,0,0,,0,5,47,60,70,2,184,,102,,12,2022-11-24,1,2022-11-24,2
S09,december_2022_arm_1,ento_form_1a_immediately_processed_summary,1,2022-12-14,,6,0,0,0,0,0,0,,0,32,62,46,34,0,174,,84,,10,2022-12-14,1,2022-12-14,2
S09,december_2022_arm_1,ento_form_1a_immediately_processed_summary,2,2022-12-21,,6,0,0,0,0,0,0,,0,19,54,22,63,0,158,,91,,10,2022-12-21,1,2022-12-21,2
S10,january_2020_arm_1,ento_form_1a_immediately_processed_summary,1,2020-01-22,,3,0,0,0,0,0,0,,0,3,0,5,2,0,10,,7,,3,2020-04-09,1,2020-04-09,1
S10,january_2020_arm_1,ento_form_1a_immediately_processed_summary,2,2020-01-29,,3,0,0,0,0,0,0,,0,3,2,8,7,0,20,,5,,3,2020-04-10,1,2020-04-10,1
S10,february_2020_arm_1,ento_form_1a_immediately_processed_summary,1,2020-02-05,,7,0,0,0,0,0,0,,1,18,0,24,18,0,60,,77,,3,2020-04-27,1,2020-04-27,1
S10,february_2020_arm_1,ento_form_1a_immediately_processed_summary,2,2020-02-19,,7,0,0,0,0,0,0,,0,30,0,101,38,0,169,,136,,3,2020-04-27,1,2020-04-27,1
S10,february_2020_arm_1,ento_form_1a_immediately_processed_summary,3,2020-02-26,,7,0,0,0,0,0,0,,0,12,1,35,56,0,104,,113,,3,2020-04-27,1,2020-04-27,1
S10,march_2020_arm_1,ento_form_1a_immediately_processed_summary,1,2020-03-04,,9,0,1,1,0,0,2,,0,4,18,4,3,0,29,,31,,3,2020-04-29,1,2020-04-29,1
S10,march_2020_arm_1,ento_form_1a_immediately_processed_summary,2,2020-03-18,,9,0,0,0,0,0,0,,1,8,3,7,3,0,21,,14,,3,2020-04-30,1,2020-04-30,1
S10,june_2020_arm_1,ento_form_1a_immediately_processed_summary,1,2020-06-03,,3,0,0,0,0,0,0,,0,46,0,80,129,2,257,,183,,3,2020-06-05,1,2020-06-05,1
S10,june_2020_arm_1,ento_form_1a_immediately_processed_summary,2,2020-06-17,,3,0,0,1,0,0,1,,0,33,3,35,29,4,104,,191,,3,2020-06-26,1,2020-06-26,1
S10,june_2020_arm_1,ento_form_1a_immediately_processed_summary,3,2020-06-24,,3,0,0,0,0,0,0,,0,11,2,98,25,4,140,,58,,3,2020-06-26,1,2020-06-26,1
S10,july_2020_arm_1,ento_form_1a_immediately_processed_summary,1,2020-07-08,,5,0,1,0,0,0,1,,0,11,11,43,49,0,114,,37,,3,2020-08-04,1,2020-08-04,1
S10,july_2020_arm_1,ento_form_1a_immediately_processed_summary,2,2020-07-22,,5,0,0,0,0,0,0,,0,3,0,12,5,0,20,,11,,3,2020-08-05,1,2020-08-05,1
S10,july_2020_arm_1,ento_form_1a_immediately_processed_summary,3,2020-07-29,,5,0,0,0,0,0,0,,0,4,6,15,29,1,55,,33,,3,2020-08-05,1,2020-08-05,1
S10,august_2020_arm_1,ento_form_1a_immediately_processed_summary,1,2020-08-05,,9,0,0,0,0,0,0,,0,3,4,5,7,0,19,,7,,3,2020-08-20,1,2020-08-20,2
S10,august_2020_arm_1,ento_form_1a_immediately_processed_summary,2,2020-08-19,,9,0,0,0,0,0,0,,0,0,0,0,1,1,2,,6,,3,2020-08-20,1,2020-08-20,2
S10,august_2020_arm_1,ento_form_1a_immediately_processed_summary,3,2020-08-26,,9,0,1,0,0,0,1,,0,1,1,0,5,1,8,,5,,3,2020-09-02,1,2020-09-02,2
S10,september_2020_arm_1,ento_form_1a_immediately_processed_summary,1,2020-09-02,,6,0,0,0,0,0,0,,0,2,2,0,3,0,7,,8,,4,2020-09-14,1,2020-09-14,2
S10,september_2020_arm_1,ento_form_1a_immediately_processed_summary,2,2020-09-16,,6,0,0,0,0,0,0,,0,1,0,7,4,0,12,,9,,3,2020-09-23,1,2020-09-23,2
S10,september_2020_arm_1,ento_form_1a_immediately_processed_summary,3,2020-09-23,,6,0,0,0,0,0,0,,0,1,2,3,0,0,6,,5,,3,2020-09-23,1,2020-09-23,2
S10,october_2020_arm_1,ento_form_1a_immediately_processed_summary,1,2020-10-07,,4,0,0,0,0,0,0,,0,9,13,9,11,2,44,,20,,3,2020-10-07,1,2020-10-07,2
S10,october_2020_arm_1,ento_form_1a_immediately_processed_summary,2,2020-10-21,,4,0,0,0,0,0,0,,0,14,16,4,16,0,50,,44,,3,2020-10-21,1,2020-10-21,2
S10,october_2020_arm_1,ento_form_1a_immediately_processed_summary,3,2020-10-28,,4,0,1,1,0,0,2,,4,13,11,12,54,0,90,,95,,3,2020-11-04,1,2020-11-04,2
S10,november_2020_arm_1,ento_form_1a_immediately_processed_summary,1,2020-11-04,,8,0,0,0,0,0,0,,0,7,1,10,8,1,27,,20,,3,2020-11-04,1,2020-11-04,2
S10,november_2020_arm_1,ento_form_1a_immediately_processed_summary,2,2020-11-18,,8,0,0,0,0,0,0,,0,2,0,6,5,0,13,,13,,5,2020-11-18,1,2020-11-18,2
S10,november_2020_arm_1,ento_form_1a_immediately_processed_summary,3,2020-11-25,,8,0,0,0,0,0,0,,0,0,0,7,12,2,21,,9,,3,2020-11-30,1,2020-11-30,2
S10,december_2020_arm_1,ento_form_1a_immediately_processed_summary,1,2020-12-02,,7,0,0,0,0,0,0,,0,3,7,3,2,0,15,,12,,3,2020-12-02,1,2020-12-02,2
S10,december_2020_arm_1,ento_form_1a_immediately_processed_summary,2,2020-12-16,,7,0,0,0,0,0,0,,0,2,4,4,6,0,16,,35,,4,2020-12-16,1,2020-12-16,2
S10,january_2021_arm_1,ento_form_1a_immediately_processed_summary,1,2021-01-06,,3,0,0,0,0,0,0,,0,0,0,0,1,0,1,,0,,3,2021-01-07,1,2021-01-07,2
S10,january_2021_arm_1,ento_form_1a_immediately_processed_summary,2,2021-01-20,,3,0,1,1,0,0,2,,1,2,0,2,2,0,6,,7,,3,2021-02-02,1,2021-02-02,2
S10,january_2021_arm_1,ento_form_1a_immediately_processed_summary,3,2021-01-27,,3,0,0,0,0,0,0,,1,8,0,6,4,1,19,,7,,3,2021-02-03,1,2021-02-03,2
S10,feburary_2021_arm_1,ento_form_1a_immediately_processed_summary,1,2021-02-17,,7,0,0,1,0,0,1,,0,1,8,7,17,0,33,,45,,3,2021-03-03,1,2021-03-03,2
S10,feburary_2021_arm_1,ento_form_1a_immediately_processed_summary,2,2021-02-24,,7,0,0,0,0,0,0,,0,4,8,7,12,0,31,,17,,3,2021-03-19,1,2021-03-19,2
S10,march_2021_arm_1,ento_form_1a_immediately_processed_summary,1,2021-03-17,,9,0,1,0,0,0,1,,0,1,6,4,3,0,14,,3,,4,2021-04-01,1,2021-04-01,2
S10,march_2021_arm_1,ento_form_1a_immediately_processed_summary,2,2021-03-24,,9,0,0,0,1,0,1,,0,0,0,2,2,0,4,,8,,4,2021-04-01,1,2021-04-01,2
S10,march_2021_arm_1,ento_form_1a_immediately_processed_summary,3,2021-03-31,,9,0,0,0,1,0,1,,1,1,4,3,2,0,10,,12,,4,2021-04-01,1,2021-04-01,2
S10,april_2021_arm_1,ento_form_1a_immediately_processed_summary,1,2021-04-21,,2,0,1,0,0,0,1,,1,3,8,4,3,0,18,,12,,5,2021-04-28,1,2021-04-28,2
S10,april_2021_arm_1,ento_form_1a_immediately_processed_summary,2,2021-04-28,,2,0,2,0,1,0,3,,1,3,9,7,17,0,36,,25,,5,2021-04-28,1,2021-04-28,2
S10,may_2021_arm_1,ento_form_1a_immediately_processed_summary,1,2021-05-26,,10,1,13,0,2,0,16,,7,35,16,63,40,1,155,,102,,5,2021-06-09,1,2021-06-09,2
S10,may_2021_arm_1,ento_form_1a_immediately_processed_summary,2,2021-05-19,,10,7,14,1,0,2,24,,23,68,5,53,84,0,210,,162,,5,2021-06-11,1,2021-06-11,2
S10,june_2021_arm_1,ento_form_1a_immediately_processed_summary,1,2021-06-16,,2,1,14,0,1,0,16,,11,32,30,39,52,0,153,,103,,4,2021-07-01,1,2021-07-01,2
S10,june_2021_arm_1,ento_form_1a_immediately_processed_summary,2,2021-06-23,,6,1,0,1,2,0,4,,3,28,15,5,27,1,76,,111,,4,2021-07-01,1,2021-07-01,2
S10,june_2021_arm_1,ento_form_1a_immediately_processed_summary,3,2021-06-30,,6,0,0,0,0,0,0,,1,11,10,24,14,0,59,,60,,4,2021-07-01,1,2021-07-01,2
S10,july_2021_arm_1,ento_form_1a_immediately_processed_summary,1,2021-07-21,,4,0,0,0,0,0,0,,0,17,20,7,54,2,100,,101,,6,2021-07-22,1,2021-07-22,2
S10,july_2021_arm_1,ento_form_1a_immediately_processed_summary,2,2021-07-28,,4,0,0,0,0,0,0,,1,10,9,9,40,3,71,,74,,6,2021-07-29,1,2021-07-29,2
S10,august_2021_arm_1,ento_form_1a_immediately_processed_summary,1,2021-08-18,,3,1,0,0,0,0,1,,0,0,0,0,4,0,4,,10,,6,2021-08-19,1,2021-08-19,2
S10,august_2021_arm_1,ento_form_1a_immediately_processed_summary,2,2021-08-25,,3,0,0,0,0,0,0,,0,0,0,0,4,0,4,,16,,6,2021-09-01,1,2021-09-01,2
S10,september_2021_arm_1,ento_form_1a_immediately_processed_summary,1,2021-09-01,,7,0,0,0,0,0,0,,1,4,2,0,6,0,12,,17,,3,2021-10-06,1,2021-10-06,2
S10,september_2021_arm_1,ento_form_1a_immediately_processed_summary,2,2021-09-22,,7,0,0,0,0,0,0,,0,1,0,0,2,0,3,,8,,3,2021-10-06,1,2021-10-06,2
S10,september_2021_arm_1,ento_form_1a_immediately_processed_summary,3,2021-09-29,,7,0,0,0,0,0,0,,0,7,4,2,4,0,17,,11,,3,2021-10-06,1,2021-10-06,2
S10,october_2021_arm_1,ento_form_1a_immediately_processed_summary,1,2021-10-27,,9,0,0,0,0,0,0,,0,2,2,0,1,0,5,,4,,3,2021-10-27,1,2021-10-27,2
S10,november_2021_arm_1,ento_form_1a_immediately_processed_summary,1,2021-11-24,,4,0,0,0,0,0,0,,0,15,9,12,38,0,74,,98,,3,2021-11-29,1,2021-11-29,2
S10,november_2021_arm_1,ento_form_1a_immediately_processed_summary,2,2021-11-17,,4,0,0,0,0,0,0,,13,13,6,15,30,2,66,,52,,3,2021-11-29,1,2021-11-29,2
S10,december_2021_arm_1,ento_form_1a_immediately_processed_summary,1,2021-12-15,,10,0,0,0,0,0,0,,0,2,0,20,26,0,48,,86,,3,2021-12-21,1,2021-12-21,2
S10,january_2022_arm_1,ento_form_1a_immediately_processed_summary,1,2022-01-26,,6,0,0,0,0,0,0,,0,6,0,13,2,1,22,,29,,3,2022-01-31,1,2022-01-31,2
S10,january_2022_arm_1,ento_form_1a_immediately_processed_summary,2,2022-01-19,,6,0,0,0,0,0,0,,0,6,7,1,11,0,25,,24,,3,2022-01-31,1,2022-01-31,2
S10,february_2022_arm_1,ento_form_1a_immediately_processed_summary,1,2022-02-16,,8,0,0,0,0,0,0,,0,1,2,0,8,0,11,,17,,3,2022-02-17,1,2022-02-17,2
S10,february_2022_arm_1,ento_form_1a_immediately_processed_summary,2,2022-02-23,,8,0,0,0,0,0,0,,0,1,7,1,6,0,15,,13,,3,2022-02-23,1,2022-02-23,2
S10,march_2022_arm_1,ento_form_1a_immediately_processed_summary,1,2022-03-23,,2,0,0,0,0,0,0,,0,4,8,1,12,2,27,,14,,3,2022-03-28,1,2022-03-28,2
S10,march_2022_arm_1,ento_form_1a_immediately_processed_summary,2,2022-03-16,,2,0,0,0,0,0,0,,1,6,9,16,9,1,41,,23,,3,2022-03-28,1,2022-03-28,2
S10,april_2022_arm_1,ento_form_1a_immediately_processed_summary,1,2022-04-28,,7,0,0,0,0,0,0,,0,4,2,33,15,0,54,,63,,3,2022-05-04,1,2022-05-04,2
S10,april_2022_arm_1,ento_form_1a_immediately_processed_summary,2,2022-04-08,,7,0,0,0,1,0,1,,0,4,14,55,47,0,120,,70,,3,2022-05-04,1,2022-05-04,2
S10,april_2022_arm_1,ento_form_1a_immediately_processed_summary,3,2022-04-01,,7,0,3,0,0,0,3,,1,6,11,9,10,0,36,,41,,3,2022-05-04,1,2022-05-04,2
S10,may_2022_arm_1,ento_form_1a_immediately_processed_summary,1,2022-05-25,,10,0,0,0,0,0,0,,2,18,26,18,25,0,87,,56,,3,2022-06-02,1,2022-06-02,2
S10,may_2022_arm_1,ento_form_1a_immediately_processed_summary,2,2022-05-18,,10,0,2,0,0,0,2,,1,5,6,8,10,0,29,,58,,3,2022-06-02,1,2022-06-02,2
S10,june_2022_arm_1,ento_form_1a_immediately_processed_summary,1,2022-06-22,,8,0,1,0,0,0,1,0,0,122,25,42,37,2,228,0,318,,2,2022-07-06,1,2022-07-06,2
S10,june_2022_arm_1,ento_form_1a_immediately_processed_summary,2,2022-06-15,,8,0,0,0,0,0,0,0,1,80,25,39,28,1,173,0,147,,2,2022-07-06,1,2022-07-06,2
S10,july_2022_arm_1,ento_form_1a_immediately_processed_summary,1,2022-07-13,,9,0,0,0,0,0,0,,0,58,35,30,20,0,143,,320,,3,2022-07-19,1,2022-07-19,2
S10,july_2022_arm_1,ento_form_1a_immediately_processed_summary,2,2022-07-20,,9,0,0,0,0,0,0,,0,11,7,2,2,1,23,,56,,3,2022-07-21,1,2022-07-21,2
S10,july_2022_arm_1,ento_form_1a_immediately_processed_summary,3,2022-07-27,,8,0,0,0,0,1,1,,2,46,53,51,66,0,216,,457,,4,2022-08-02,1,2022-08-02,2
S10,august_2022_arm_1,ento_form_1a_immediately_processed_summary,1,2022-08-03,,6,0,0,0,0,0,0,,0,29,19,25,47,1,121,,168,,4,2022-08-04,1,2022-08-04,2
S10,august_2022_arm_1,ento_form_1a_immediately_processed_summary,2,2022-08-24,,6,0,0,0,0,0,0,,1,16,2,11,19,0,48,,114,,3,2022-09-01,1,2022-09-01,2
S10,september_2022_arm_1,ento_form_1a_immediately_processed_summary,1,2022-09-21,,3,0,0,0,0,0,0,,0,44,1,70,72,3,190,,102,,3,2022-09-23,1,2022-09-23,2
S10,september_2022_arm_1,ento_form_1a_immediately_processed_summary,2,2022-09-14,,3,0,0,0,0,0,0,,0,23,4,73,36,2,138,,103,,3,2022-10-11,1,2022-10-11,2
S10,october_2022_arm_1,ento_form_1a_immediately_processed_summary,1,2022-10-12,,7,0,0,0,0,0,0,,0,40,13,70,45,0,168,,154,,4,2022-10-19,1,2022-10-19,2
S10,october_2022_arm_1,ento_form_1a_immediately_processed_summary,2,2022-10-19,,7,0,0,0,0,0,0,,0,42,10,36,60,0,148,,156,,4,2022-10-19,1,2022-10-19,2
S10,october_2022_arm_1,ento_form_1a_immediately_processed_summary,3,2022-10-26,,7,0,0,0,1,0,1,,0,56,21,24,56,0,157,,292,,10,2022-10-27,1,2022-10-27,2
S10,november_2022_arm_1,ento_form_1a_immediately_processed_summary,1,2022-11-16,,4,0,0,0,0,0,0,,0,69,23,37,85,0,214,,186,,10,2022-11-16,1,2022-11-16,2
S10,november_2022_arm_1,ento_form_1a_immediately_processed_summary,2,2022-11-23,,4,0,0,0,0,0,0,,0,41,22,24,71,0,158,,237,,12,2022-11-24,1,2022-11-24,2
S10,december_2022_arm_1,ento_form_1a_immediately_processed_summary,1,2022-12-14,,8,1,0,0,0,0,1,,1,31,1,18,51,0,101,,140,,10,2022-12-14,1,2022-12-14,2
S10,december_2022_arm_1,ento_form_1a_immediately_processed_summary,2,2022-12-21,,8,0,0,0,0,0,0,,0,16,4,12,41,0,73,,142,,10,2022-12-21,1,2022-12-21,2
S11,january_2020_arm_1,ento_form_1a_immediately_processed_summary,1,2020-01-22,,4,0,0,0,0,0,0,,0,7,10,16,4,0,37,,18,,3,2020-04-10,1,2020-04-10,1
S11,january_2020_arm_1,ento_form_1a_immediately_processed_summary,2,2020-01-29,,4,0,2,0,0,0,2,,0,14,11,25,24,0,74,,98,,3,2020-04-10,1,2020-04-10,1
S11,february_2020_arm_1,ento_form_1a_immediately_processed_summary,1,2020-02-05,,5,1,0,0,0,0,1,,0,9,1,46,27,0,83,,103,,3,2020-04-24,1,2020-04-24,1
S11,february_2020_arm_1,ento_form_1a_immediately_processed_summary,2,2020-02-19,,5,0,0,0,0,0,0,,0,11,0,17,16,0,44,,96,,3,2020-04-27,1,2020-04-27,1
S11,february_2020_arm_1,ento_form_1a_immediately_processed_summary,3,2020-02-26,,5,0,0,0,0,0,0,,0,5,4,15,39,0,63,,108,,3,2020-04-27,1,2020-04-27,1
S11,march_2020_arm_1,ento_form_1a_immediately_processed_summary,1,2020-03-04,,3,0,0,0,0,0,0,,0,11,2,20,6,0,39,,56,,3,2020-04-30,1,2020-04-30,1
S11,march_2020_arm_1,ento_form_1a_immediately_processed_summary,2,2020-03-18,,3,0,0,0,0,0,0,,0,3,0,1,0,0,4,,9,,3,2020-04-30,1,2020-04-30,1
S11,june_2020_arm_1,ento_form_1a_immediately_processed_summary,1,2020-06-03,,4,0,0,0,0,0,0,,0,48,12,42,17,0,119,,59,,3,2020-06-05,1,2020-06-05,1
S11,june_2020_arm_1,ento_form_1a_immediately_processed_summary,2,2020-06-17,,4,0,0,0,0,0,0,,0,34,13,51,16,0,114,,50,,3,2020-06-18,1,2020-06-18,1
S11,june_2020_arm_1,ento_form_1a_immediately_processed_summary,3,2020-06-24,,2,0,0,0,0,0,0,,0,65,27,26,45,0,163,,149,,3,2020-06-26,1,2020-06-26,1
S11,july_2020_arm_1,ento_form_1a_immediately_processed_summary,1,2020-07-08,,2,0,0,0,1,0,1,,0,13,20,11,15,1,60,,24,,3,2020-08-04,1,2020-08-04,1
S11,july_2020_arm_1,ento_form_1a_immediately_processed_summary,2,2020-07-22,,3,0,0,0,0,0,0,,0,3,0,11,5,0,19,,14,,3,2020-08-05,1,2020-08-05,1
S11,july_2020_arm_1,ento_form_1a_immediately_processed_summary,3,2020-07-29,,3,0,0,0,0,0,0,,0,2,1,3,3,0,9,,6,,3,2020-08-05,1,2020-08-05,1
S11,august_2020_arm_1,ento_form_1a_immediately_processed_summary,1,2020-08-05,,8,0,0,0,0,0,0,,0,0,1,7,1,0,9,,4,,3,2020-08-20,1,2020-08-20,2
S11,august_2020_arm_1,ento_form_1a_immediately_processed_summary,2,2020-08-19,,8,0,0,0,0,0,0,,0,0,0,0,0,0,0,,0,,3,2020-08-20,1,2020-08-20,2
S11,august_2020_arm_1,ento_form_1a_immediately_processed_summary,3,2020-08-26,,8,0,0,0,0,0,0,,0,0,2,2,2,0,6,,1,,3,2020-09-02,1,2020-09-02,2
S11,september_2020_arm_1,ento_form_1a_immediately_processed_summary,1,2020-09-02,,9,0,0,0,0,0,0,,0,0,0,2,2,0,4,,1,,4,2020-09-14,1,2020-09-14,2
S11,september_2020_arm_1,ento_form_1a_immediately_processed_summary,2,2020-09-16,,9,0,0,0,0,0,0,,0,1,1,1,0,0,3,,2,,3,2020-09-23,1,2020-09-23,2
S11,september_2020_arm_1,ento_form_1a_immediately_processed_summary,3,2020-09-23,,9,0,0,0,0,0,0,,0,0,1,2,0,0,3,,2,,3,2020-09-23,1,2020-09-23,2
S11,october_2020_arm_1,ento_form_1a_immediately_processed_summary,1,2020-10-07,,7,0,0,0,0,0,0,,0,0,0,1,2,0,3,,6,,3,2020-10-07,1,2020-10-07,2
S11,october_2020_arm_1,ento_form_1a_immediately_processed_summary,2,2020-10-21,,7,0,0,0,0,0,0,,0,4,18,10,4,0,36,,12,,3,2020-10-21,1,2020-10-21,2
S11,october_2020_arm_1,ento_form_1a_immediately_processed_summary,3,2020-10-28,,2,0,0,0,0,0,0,,0,2,17,12,8,0,39,,5,,3,2020-11-04,1,2020-11-04,2
S11,november_2020_arm_1,ento_form_1a_immediately_processed_summary,1,2020-11-04,,2,0,0,0,0,0,0,,0,1,2,2,5,0,10,,4,,3,2020-11-05,1,2020-11-05,2
S11,november_2020_arm_1,ento_form_1a_immediately_processed_summary,2,2020-11-18,,6,0,0,0,0,0,0,,0,0,2,1,3,0,6,,7,,5,2020-11-18,1,2020-11-18,2
S11,november_2020_arm_1,ento_form_1a_immediately_processed_summary,3,2020-11-25,,2,0,0,0,0,0,0,,0,0,9,5,13,0,27,,0,,3,2020-11-30,1,2020-11-30,2
S11,december_2020_arm_1,ento_form_1a_immediately_processed_summary,1,2020-12-02,,6,0,0,0,0,0,0,,0,0,0,1,0,0,1,,3,,3,2020-12-02,1,2020-12-02,2
S11,december_2020_arm_1,ento_form_1a_immediately_processed_summary,2,2020-12-16,,5,0,0,0,0,0,0,,0,0,1,1,0,0,2,,3,,4,2020-12-16,1,2020-12-16,2
S11,january_2021_arm_1,ento_form_1a_immediately_processed_summary,1,2021-01-06,,4,0,0,0,0,0,0,,0,0,3,0,1,0,4,,1,,3,2021-01-07,1,2021-01-07,2
S11,january_2021_arm_1,ento_form_1a_immediately_processed_summary,2,2021-01-20,,4,0,0,0,0,0,0,,0,0,0,2,4,1,7,,7,,3,2021-02-02,1,2021-02-02,2
S11,january_2021_arm_1,ento_form_1a_immediately_processed_summary,3,2021-01-27,,4,0,0,0,0,0,0,,0,0,0,0,1,0,1,,1,,3,2021-02-03,1,2021-02-03,2
S11,feburary_2021_arm_1,ento_form_1a_immediately_processed_summary,1,2021-02-17,,4,0,1,0,0,0,1,,0,0,0,3,2,0,5,,1,,3,2021-03-03,1,2021-03-03,2
S11,feburary_2021_arm_1,ento_form_1a_immediately_processed_summary,2,2021-02-24,,4,0,0,0,0,0,0,,0,0,0,0,6,0,6,,7,,3,2021-03-19,1,2021-03-19,2
S11,march_2021_arm_1,ento_form_1a_immediately_processed_summary,1,2021-03-17,,8,0,0,0,0,0,0,,0,0,0,0,0,0,0,,0,,4,2021-04-01,1,2021-04-01,2
S11,march_2021_arm_1,ento_form_1a_immediately_processed_summary,2,2021-03-24,,8,0,0,0,0,0,0,,0,0,0,0,0,0,0,,2,,4,2021-04-01,1,2021-04-01,2
S11,march_2021_arm_1,ento_form_1a_immediately_processed_summary,3,2021-03-31,,2,0,0,0,0,0,0,,0,0,0,0,3,0,3,,3,,4,2021-04-01,1,2021-04-01,2
S11,april_2021_arm_1,ento_form_1a_immediately_processed_summary,1,2021-04-28,,7,0,1,0,0,0,1,,0,0,0,4,5,0,9,,9,,5,2021-04-28,1,2021-04-28,2
S11,may_2021_arm_1,ento_form_1a_immediately_processed_summary,1,2021-05-26,,2,0,0,1,0,0,1,,2,4,13,4,5,0,26,,6,,5,2021-06-09,1,2021-06-09,2
S11,may_2021_arm_1,ento_form_1a_immediately_processed_summary,2,2021-05-19,,10,0,2,0,0,0,2,,2,10,0,11,7,0,28,,15,,5,2021-06-11,1,2021-06-11,2
S11,june_2021_arm_1,ento_form_1a_immediately_processed_summary,1,2021-06-16,,9,0,0,0,0,0,0,,0,2,3,5,6,0,16,,6,,4,2021-07-01,1,2021-07-01,2
S11,june_2021_arm_1,ento_form_1a_immediately_processed_summary,2,2021-06-23,,9,0,0,0,0,0,0,,0,0,4,5,3,0,12,,10,,4,2021-07-01,1,2021-07-01,2
S11,june_2021_arm_1,ento_form_1a_immediately_processed_summary,3,2021-06-30,,9,0,0,1,0,0,1,,0,0,0,0,1,0,1,,6,,4,2021-07-01,1,2021-07-01,2
S11,july_2021_arm_1,ento_form_1a_immediately_processed_summary,1,2021-07-21,,10,0,0,0,0,0,0,,0,7,4,4,6,0,21,,30,,6,2021-07-22,1,2021-07-22,2
S11,july_2021_arm_1,ento_form_1a_immediately_processed_summary,2,2021-07-28,,10,0,0,0,0,0,0,,0,2,1,6,1,0,10,,13,,6,2021-07-29,1,2021-07-29,2
S11,august_2021_arm_1,ento_form_1a_immediately_processed_summary,1,2021-08-18,,6,0,0,0,0,0,0,,0,0,0,3,0,0,3,,8,,6,2021-08-19,1,2021-08-19,2
S11,august_2021_arm_1,ento_form_1a_immediately_processed_summary,2,2021-08-25,,6,0,0,0,0,0,0,,1,0,0,0,0,0,0,,2,,6,2021-09-01,1,2021-09-01,2
S11,september_2021_arm_1,ento_form_1a_immediately_processed_summary,1,2021-09-01,,3,0,0,0,0,0,0,,0,0,0,2,1,0,3,,3,,3,2021-10-06,1,2021-10-06,2
S11,september_2021_arm_1,ento_form_1a_immediately_processed_summary,2,2021-09-22,,3,0,0,0,0,0,0,,0,0,0,0,0,0,0,,0,,3,2021-10-06,1,2021-10-06,2
S11,september_2021_arm_1,ento_form_1a_immediately_processed_summary,3,2021-09-29,,3,0,0,0,0,0,0,,0,0,0,0,0,0,0,,5,,3,2021-10-06,1,2021-10-06,2
S11,october_2021_arm_1,ento_form_1a_immediately_processed_summary,1,2021-10-27,,2,0,0,0,0,0,0,,0,0,0,0,0,0,0,,3,,3,2021-10-27,1,2021-10-27,2
S11,november_2021_arm_1,ento_form_1a_immediately_processed_summary,1,2021-11-24,,7,0,0,0,0,0,0,,0,1,0,2,2,0,5,,10,,3,2021-11-29,1,2021-11-29,2
S11,november_2021_arm_1,ento_form_1a_immediately_processed_summary,2,2021-11-17,,7,0,0,0,0,0,0,,0,1,0,1,0,0,2,,12,,3,2021-11-29,1,2021-11-29,2
S11,december_2021_arm_1,ento_form_1a_immediately_processed_summary,1,2021-12-15,,4,0,0,0,0,0,0,,0,1,0,0,7,0,8,,10,,3,2021-12-21,1,2021-12-21,2
S11,january_2022_arm_1,ento_form_1a_immediately_processed_summary,1,2022-01-26,,4,0,0,0,0,0,0,,0,0,1,0,0,0,1,,4,,3,2022-01-31,1,2022-01-31,2
S11,january_2022_arm_1,ento_form_1a_immediately_processed_summary,2,2022-01-19,,9,0,0,0,0,0,0,,0,2,3,0,8,0,13,,10,,3,2022-01-31,1,2022-01-31,2
S11,february_2022_arm_1,ento_form_1a_immediately_processed_summary,1,2022-02-16,,3,0,0,0,0,0,0,,0,0,0,0,2,0,2,,8,,3,2022-02-17,1,2022-02-17,2
S11,february_2022_arm_1,ento_form_1a_immediately_processed_summary,2,2022-02-23,,2,0,0,0,0,0,0,,0,1,0,0,1,0,2,,3,,3,2022-02-23,1,2022-02-23,2
S11,march_2022_arm_1,ento_form_1a_immediately_processed_summary,1,2022-03-23,,6,0,0,0,0,0,0,,0,0,1,1,3,0,5,,12,,3,2022-03-28,1,2022-03-28,2
S11,march_2022_arm_1,ento_form_1a_immediately_processed_summary,2,2022-03-16,,6,0,0,0,0,0,0,,0,2,0,0,1,0,3,,4,,3,2022-03-28,1,2022-03-28,2
S11,april_2022_arm_1,ento_form_1a_immediately_processed_summary,1,2022-04-28,,10,0,0,0,0,0,0,,0,5,0,8,0,0,13,,18,,3,2022-05-04,1,2022-05-04,2
S11,april_2022_arm_1,ento_form_1a_immediately_processed_summary,2,2022-04-08,,10,0,0,0,1,0,1,,0,2,1,1,1,0,5,,5,,3,2022-05-04,1,2022-05-04,2
S11,april_2022_arm_1,ento_form_1a_immediately_processed_summary,3,2022-04-01,,10,0,0,0,0,0,0,,1,1,0,0,1,0,2,,9,,3,2022-05-04,1,2022-05-04,2
S11,may_2022_arm_1,ento_form_1a_immediately_processed_summary,1,2022-05-25,,4,1,0,0,0,0,1,,0,2,1,0,9,0,12,,17,,3,2022-06-02,1,2022-06-02,2
S11,may_2022_arm_1,ento_form_1a_immediately_processed_summary,2,2022-05-18,,4,0,0,0,0,0,0,,0,0,0,0,1,0,1,,10,,3,2022-06-02,1,2022-06-02,2
S11,june_2022_arm_1,ento_form_1a_immediately_processed_summary,1,2022-06-22,,9,0,0,0,0,0,0,0,0,12,4,1,12,0,29,0,65,,2,2022-07-06,1,2022-07-06,2
S11,june_2022_arm_1,ento_form_1a_immediately_processed_summary,2,2022-06-15,,9,0,0,0,0,0,0,,0,8,0,0,2,0,10,,17,,3,2022-07-06,1,2022-07-06,2
S11,july_2022_arm_1,ento_form_1a_immediately_processed_summary,1,2022-07-13,,7,0,0,0,0,0,0,,0,36,0,10,19,0,65,,204,,3,2022-07-19,1,2022-07-19,2
S11,july_2022_arm_1,ento_form_1a_immediately_processed_summary,2,2022-07-20,,7,0,0,0,0,0,0,,0,94,5,23,48,1,171,,437,,3,2022-07-21,1,2022-07-21,2
S11,july_2022_arm_1,ento_form_1a_immediately_processed_summary,3,2022-07-27,,7,0,0,0,0,0,0,,0,11,5,5,23,0,44,,67,,4,2022-08-02,1,2022-08-02,2
S11,august_2022_arm_1,ento_form_1a_immediately_processed_summary,1,2022-08-03,,8,0,0,0,0,0,0,,0,14,2,4,11,0,31,,48,,4,2022-08-04,1,2022-08-04,2
S11,august_2022_arm_1,ento_form_1a_immediately_processed_summary,2,2022-08-24,,2,0,0,0,0,0,0,,0,4,1,0,2,2,9,,6,,3,2022-09-01,1,2022-09-01,2
S11,september_2022_arm_1,ento_form_1a_immediately_processed_summary,1,2022-09-21,,6,0,0,0,0,0,0,,0,12,5,5,12,0,34,,25,,3,2022-09-23,1,2022-09-23,2
S11,september_2022_arm_1,ento_form_1a_immediately_processed_summary,2,2022-09-14,,6,0,0,0,0,0,0,,0,9,0,6,8,0,23,,24,,3,2022-10-11,1,2022-10-11,2
S11,october_2022_arm_1,ento_form_1a_immediately_processed_summary,1,2022-10-12,,3,0,0,0,0,0,0,,0,7,0,5,7,0,19,,26,,4,2022-10-19,1,2022-10-19,2
S11,october_2022_arm_1,ento_form_1a_immediately_processed_summary,2,2022-10-19,,3,0,0,0,0,0,0,,0,18,0,5,4,0,27,,28,,4,2022-10-19,1,2022-10-19,2
S11,october_2022_arm_1,ento_form_1a_immediately_processed_summary,3,2022-10-26,,3,0,0,0,0,0,0,,0,18,0,1,5,0,24,,44,,10,2022-10-27,1,2022-10-27,2
S11,november_2022_arm_1,ento_form_1a_immediately_processed_summary,1,2022-11-16,,9,0,0,0,0,0,0,,0,3,5,8,10,1,27,,20,,10,2022-11-16,1,2022-11-16,2
S11,november_2022_arm_1,ento_form_1a_immediately_processed_summary,2,2022-11-23,,9,0,0,0,0,0,0,,0,3,6,4,3,0,16,,6,,12,2022-11-24,1,2022-11-24,2
S11,december_2022_arm_1,ento_form_1a_immediately_processed_summary,1,2022-12-14,,2,0,0,0,0,0,0,,0,3,4,2,4,0,13,,17,,10,2022-12-14,1,2022-12-14,2
S11,december_2022_arm_1,ento_form_1a_immediately_processed_summary,2,2022-12-21,,4,0,0,0,0,0,0,,0,4,3,1,4,0,12,,25,,10,2022-12-21,1,2022-12-21,2
S13,january_2020_arm_1,ento_form_1a_immediately_processed_summary,1,2020-01-22,,7,0,0,0,0,0,0,,1,1,0,0,3,0,4,,15,,3,2020-04-09,1,2020-04-09,1
S13,january_2020_arm_1,ento_form_1a_immediately_processed_summary,2,2020-01-29,,7,0,0,0,0,0,0,,1,2,0,2,0,0,4,,4,,3,2020-04-10,1,2020-04-10,1
S13,february_2020_arm_1,ento_form_1a_immediately_processed_summary,1,2020-02-05,,3,0,0,0,0,0,0,,0,2,0,0,0,0,2,,4,,3,2020-04-27,1,2020-04-27,1
S13,february_2020_arm_1,ento_form_1a_immediately_processed_summary,2,2020-02-19,,3,0,0,0,0,0,0,,0,0,0,0,0,2,2,,16,,3,2020-04-27,1,2020-04-27,1
S13,february_2020_arm_1,ento_form_1a_immediately_processed_summary,3,2020-02-26,,3,0,0,0,0,0,0,,1,1,0,1,1,0,3,,14,,3,2020-04-27,1,2020-04-27,1
S13,march_2020_arm_1,ento_form_1a_immediately_processed_summary,1,2020-03-04,,6,0,0,0,0,0,0,,2,1,0,0,0,0,1,,5,,3,2020-04-30,1,2020-04-30,1
S13,march_2020_arm_1,ento_form_1a_immediately_processed_summary,2,2020-03-18,,2,0,0,0,0,0,0,,0,0,0,2,1,0,3,,4,,3,2020-04-30,1,2020-04-30,1
S13,june_2020_arm_1,ento_form_1a_immediately_processed_summary,1,2020-06-03,,7,0,0,0,0,0,0,,0,4,8,24,9,0,45,,7,,3,2020-06-05,1,2020-06-05,1
S13,june_2020_arm_1,ento_form_1a_immediately_processed_summary,2,2020-06-17,,7,0,0,1,0,0,1,,1,2,0,10,8,0,20,,21,,3,2020-06-26,1,2020-06-26,1
S13,june_2020_arm_1,ento_form_1a_immediately_processed_summary,3,2020-06-24,,7,0,0,0,0,0,0,,0,6,1,5,9,0,21,,14,,3,2020-06-26,1,2020-06-26,1
S13,july_2020_arm_1,ento_form_1a_immediately_processed_summary,1,2020-07-08,,9,0,0,0,0,0,0,,0,2,1,1,4,0,8,,6,,3,2020-08-04,1,2020-08-04,1
S13,july_2020_arm_1,ento_form_1a_immediately_processed_summary,2,2020-07-22,,9,0,0,0,0,0,0,,0,0,2,1,3,0,6,,2,,3,2020-08-05,1,2020-08-05,1
S13,july_2020_arm_1,ento_form_1a_immediately_processed_summary,3,2020-07-29,,9,0,0,0,0,0,0,,0,0,0,0,1,0,1,,2,,3,2020-08-05,1,2020-08-05,1
S13,august_2020_arm_1,ento_form_1a_immediately_processed_summary,1,2020-08-05,,4,0,0,0,0,0,0,,0,3,0,1,2,0,6,,14,,3,2020-08-20,1,2020-08-20,2
S13,august_2020_arm_1,ento_form_1a_immediately_processed_summary,2,2020-08-19,,4,0,0,0,0,0,0,,0,0,0,0,0,0,0,,3,,3,2020-08-20,1,2020-08-20,2
S13,august_2020_arm_1,ento_form_1a_immediately_processed_summary,3,2020-08-26,,4,0,0,0,0,0,0,,0,0,0,0,0,0,0,,6,,3,2020-09-02,1,2020-09-02,2
S13,september_2020_arm_1,ento_form_1a_immediately_processed_summary,1,2020-09-02,,7,0,0,0,0,0,0,,1,0,0,1,1,0,2,,5,,4,2020-09-14,1,2020-09-14,2
S13,september_2020_arm_1,ento_form_1a_immediately_processed_summary,2,2020-09-16,,7,0,0,0,0,0,0,,0,0,0,0,1,0,1,,1,,3,2020-09-23,1,2020-09-23,2
S13,september_2020_arm_1,ento_form_1a_immediately_processed_summary,3,2020-09-23,,7,0,0,0,0,0,0,,0,0,0,0,2,0,2,,3,,3,2020-09-23,1,2020-09-23,2
S13,october_2020_arm_1,ento_form_1a_immediately_processed_summary,1,2020-10-07,,3,0,0,0,0,0,0,,0,1,0,3,2,0,6,,3,,3,2020-10-07,1,2020-10-07,2
S13,october_2020_arm_1,ento_form_1a_immediately_processed_summary,2,2020-10-21,,3,0,0,0,0,0,0,,0,1,0,2,2,0,5,,2,,3,2020-10-21,1,2020-10-21,2
S13,october_2020_arm_1,ento_form_1a_immediately_processed_summary,3,2020-10-28,,3,0,0,0,0,0,0,,0,0,0,0,0,0,0,,3,,3,2020-11-04,1,2020-11-04,2
S13,november_2020_arm_1,ento_form_1a_immediately_processed_summary,1,2020-11-04,,5,0,0,0,0,0,0,,0,2,2,6,5,0,15,,28,,3,2020-11-05,1,2020-11-05,2
S13,november_2020_arm_1,ento_form_1a_immediately_processed_summary,2,2020-11-18,,5,0,0,0,0,0,0,,0,0,0,3,2,0,5,,4,,5,2020-11-18,1,2020-11-18,2
S13,november_2020_arm_1,ento_form_1a_immediately_processed_summary,3,2020-11-25,,5,0,0,0,0,0,0,,0,0,2,0,1,0,3,,8,,3,2020-11-30,1,2020-11-30,2
S13,december_2020_arm_1,ento_form_1a_immediately_processed_summary,1,2020-12-02,,8,0,0,0,0,0,0,,1,1,0,3,3,0,7,,4,,3,2020-12-02,1,2020-12-02,2
S13,december_2020_arm_1,ento_form_1a_immediately_processed_summary,2,2020-12-16,,8,0,0,0,0,0,0,,0,0,0,0,2,0,2,,3,,4,2020-12-16,1,2020-12-16,2
S13,january_2021_arm_1,ento_form_1a_immediately_processed_summary,1,2021-01-06,,9,0,0,0,0,0,0,,1,5,4,6,5,0,20,,10,,3,2021-01-07,1,2021-01-07,2
S13,january_2021_arm_1,ento_form_1a_immediately_processed_summary,2,2021-01-20,,9,0,0,0,0,0,0,,0,1,2,3,2,0,8,,10,,3,2021-02-02,1,2021-02-02,2
S13,january_2021_arm_1,ento_form_1a_immediately_processed_summary,3,2021-01-27,,9,0,0,0,0,0,0,,0,0,0,1,0,0,1,,3,,3,2021-02-03,1,2021-02-03,2
S13,feburary_2021_arm_1,ento_form_1a_immediately_processed_summary,1,2021-02-17,,2,0,0,0,0,0,0,,0,0,8,7,3,0,18,,6,,3,2021-03-03,1,2021-03-03,2
S13,feburary_2021_arm_1,ento_form_1a_immediately_processed_summary,2,2021-02-24,,2,0,0,0,0,0,0,,0,0,4,6,6,0,16,,18,,3,2021-03-19,1,2021-03-19,2
S13,march_2021_arm_1,ento_form_1a_immediately_processed_summary,1,2021-03-17,,4,0,0,0,0,0,0,,0,0,3,6,2,0,11,,7,,4,2021-04-01,1,2021-04-01,2
S13,march_2021_arm_1,ento_form_1a_immediately_processed_summary,2,2021-03-24,,4,0,0,0,0,0,0,,0,0,1,3,1,0,5,,14,,4,2021-04-01,1,2021-04-01,2
S13,march_2021_arm_1,ento_form_1a_immediately_processed_summary,3,2021-03-31,,4,0,0,0,0,0,0,,0,1,0,2,3,0,6,,5,,4,2021-04-01,1,2021-04-01,2
S13,april_2021_arm_1,ento_form_1a_immediately_processed_summary,1,2021-04-21,,9,0,0,0,0,0,0,,0,1,4,1,1,0,7,,3,,5,2021-04-28,1,2021-04-28,2
S13,april_2021_arm_1,ento_form_1a_immediately_processed_summary,2,2021-04-28,,6,0,0,0,0,0,0,,0,0,2,0,0,0,2,,1,,5,2021-04-28,1,2021-04-28,2
S13,may_2021_arm_1,ento_form_1a_immediately_processed_summary,1,2021-05-26,,3,0,3,0,1,0,4,,0,20,4,43,13,0,80,,63,,5,2021-06-09,1,2021-06-09,2
S13,may_2021_arm_1,ento_form_1a_immediately_processed_summary,2,2021-05-19,,3,0,0,0,0,0,0,,0,3,4,12,5,0,24,,14,,5,2021-06-11,1,2021-06-11,2
S13,may_2021_arm_1,ento_form_1a_immediately_processed_summary,3,2021-05-19,,3,0,0,0,0,0,0,,0,3,4,12,5,0,24,,14,,5,2021-06-22,1,2021-06-22,2
S13,june_2021_arm_1,ento_form_1a_immediately_processed_summary,1,2021-06-16,,7,0,1,1,1,0,3,,0,2,20,28,19,0,69,,31,,4,2021-07-01,1,2021-07-01,2
S13,june_2021_arm_1,ento_form_1a_immediately_processed_summary,2,2021-06-23,,7,0,0,0,0,0,0,,1,0,2,2,7,0,11,,9,,4,2021-07-01,1,2021-07-01,2
S13,june_2021_arm_1,ento_form_1a_immediately_processed_summary,3,2021-06-30,,7,0,0,0,0,0,0,,0,0,3,12,6,0,21,,4,,4,2021-07-01,1,2021-07-01,2
S13,july_2021_arm_1,ento_form_1a_immediately_processed_summary,1,2021-07-21,,2,0,0,0,0,0,0,,0,3,0,0,2,2,7,,8,,6,2021-07-22,1,2021-07-22,2
S13,july_2021_arm_1,ento_form_1a_immediately_processed_summary,2,2021-07-28,,2,0,0,0,0,0,0,,0,1,1,0,0,0,2,,3,,6,2021-08-04,1,2021-08-04,2
S13,august_2021_arm_1,ento_form_1a_immediately_processed_summary,1,2021-08-18,,9,0,0,0,0,0,0,,1,0,0,0,1,0,1,,3,,6,2021-08-19,1,2021-08-19,2
S13,august_2021_arm_1,ento_form_1a_immediately_processed_summary,2,2021-08-25,,9,0,0,0,0,0,0,,0,0,0,0,0,0,0,,3,,6,2021-09-01,1,2021-09-01,2
S13,september_2021_arm_1,ento_form_1a_immediately_processed_summary,1,2021-09-01,,5,0,0,0,0,0,0,,0,0,0,0,0,0,0,,2,,3,2021-10-06,1,2021-10-06,2
S13,september_2021_arm_1,ento_form_1a_immediately_processed_summary,2,2021-09-22,,10,0,0,0,0,0,0,,0,0,0,0,0,0,0,,1,,3,2021-10-06,1,2021-10-06,2
S13,september_2021_arm_1,ento_form_1a_immediately_processed_summary,3,2021-09-29,,10,0,0,0,0,0,0,,0,0,1,0,1,0,2,,0,,3,2021-10-06,1,2021-10-06,2
S13,october_2021_arm_1,ento_form_1a_immediately_processed_summary,1,2021-10-27,,4,0,0,0,0,0,0,,0,0,0,0,0,0,0,,1,,3,2021-10-27,1,2021-10-27,2
S13,november_2021_arm_1,ento_form_1a_immediately_processed_summary,1,2021-11-24,,6,0,0,0,0,0,0,,0,0,2,0,2,0,4,,3,,3,2021-11-29,1,2021-11-29,2
S13,november_2021_arm_1,ento_form_1a_immediately_processed_summary,2,2021-11-17,,6,0,0,0,0,0,0,,0,6,0,10,0,0,16,,6,,3,2021-11-29,1,2021-11-29,2
S13,december_2021_arm_1,ento_form_1a_immediately_processed_summary,1,2021-12-15,,3,0,0,0,0,0,0,,0,2,1,3,1,0,7,,0,,3,2021-12-21,1,2021-12-21,2
S13,january_2022_arm_1,ento_form_1a_immediately_processed_summary,1,2022-01-26,,7,0,0,0,0,0,0,,0,1,0,0,0,0,1,,2,,3,2022-01-31,1,2022-01-31,2
S13,january_2022_arm_1,ento_form_1a_immediately_processed_summary,2,2022-01-19,,7,0,0,0,0,0,0,,0,0,0,1,0,0,1,,2,,3,2022-01-31,1,2022-01-31,2
S13,february_2022_arm_1,ento_form_1a_immediately_processed_summary,1,2022-02-16,,10,0,0,0,0,0,0,,0,3,0,0,3,0,6,,3,,3,2022-02-17,1,2022-02-17,2
S13,february_2022_arm_1,ento_form_1a_immediately_processed_summary,2,2022-02-23,,10,0,0,0,0,0,0,,0,5,0,1,6,0,12,,29,,3,2022-02-23,1,2022-02-23,2
S13,march_2022_arm_1,ento_form_1a_immediately_processed_summary,1,2022-03-23,,6,0,0,0,0,0,0,,0,2,1,2,5,0,10,,32,,3,2022-03-28,1,2022-03-28,2
S13,march_2022_arm_1,ento_form_1a_immediately_processed_summary,2,2022-03-16,,4,0,0,0,0,0,0,,0,4,0,2,9,0,15,,48,,3,2022-03-28,1,2022-03-28,2
S13,april_2022_arm_1,ento_form_1a_immediately_processed_summary,1,2022-04-28,,2,0,0,0,0,0,0,,0,2,0,0,0,0,2,,4,,3,2022-05-04,1,2022-05-04,2
S13,april_2022_arm_1,ento_form_1a_immediately_processed_summary,2,2022-04-08,,2,0,0,0,0,0,0,,0,2,1,1,1,0,5,,6,,3,2022-05-04,1,2022-05-04,2
S13,april_2022_arm_1,ento_form_1a_immediately_processed_summary,3,2022-04-01,,2,0,0,0,0,0,0,,0,1,0,0,0,0,1,,8,,3,2022-05-04,1,2022-05-04,2
S13,may_2022_arm_1,ento_form_1a_immediately_processed_summary,1,2022-05-25,,9,0,0,0,0,0,0,,0,3,0,1,1,0,5,,1,,3,2022-06-02,1,2022-06-02,2
S13,may_2022_arm_1,ento_form_1a_immediately_processed_summary,2,2022-05-18,,9,0,0,0,0,0,0,,2,1,0,3,5,0,9,,3,,3,2022-06-02,1,2022-06-02,2
S13,june_2022_arm_1,ento_form_1a_immediately_processed_summary,1,2022-06-22,,7,0,0,0,0,0,0,,0,10,12,0,4,0,26,,12,,3,2022-07-06,1,2022-07-06,2
S13,june_2022_arm_1,ento_form_1a_immediately_processed_summary,2,2022-06-15,,7,0,1,0,0,0,1,,0,4,5,3,3,0,15,,20,,3,2022-07-06,1,2022-07-06,2
S13,july_2022_arm_1,ento_form_1a_immediately_processed_summary,1,2022-07-13,,6,0,0,0,0,0,0,,0,16,26,0,16,0,58,,25,,3,2022-07-19,1,2022-07-19,2
S13,july_2022_arm_1,ento_form_1a_immediately_processed_summary,2,2022-07-20,,6,0,0,0,0,0,0,,0,3,0,1,1,0,5,,5,,3,2022-07-21,1,2022-07-21,2
S13,july_2022_arm_1,ento_form_1a_immediately_processed_summary,3,2022-07-27,,6,0,0,0,0,0,0,,0,0,0,2,4,0,6,,7,,4,2022-08-02,1,2022-08-02,2
S13,august_2022_arm_1,ento_form_1a_immediately_processed_summary,1,2022-08-03,,5,0,0,0,0,0,0,,0,0,0,2,1,0,3,,1,,4,2022-08-04,1,2022-08-04,2
S13,august_2022_arm_1,ento_form_1a_immediately_processed_summary,2,2022-08-24,,5,0,0,0,0,0,0,,0,1,0,0,0,0,1,,3,,3,2022-09-01,1,2022-09-01,2
S13,september_2022_arm_1,ento_form_1a_immediately_processed_summary,1,2022-09-21,,4,0,0,0,0,0,0,,0,3,0,2,0,0,5,,5,,3,2022-09-23,1,2022-09-23,2
S13,september_2022_arm_1,ento_form_1a_immediately_processed_summary,2,2022-09-14,,2,0,0,0,0,0,0,,0,1,0,0,2,0,3,,0,,3,2022-10-11,1,2022-10-11,2
S13,october_2022_arm_1,ento_form_1a_immediately_processed_summary,1,2022-10-12,,9,0,0,0,0,0,0,,0,1,2,3,4,0,10,,10,,4,2022-10-19,1,2022-10-19,2
S13,october_2022_arm_1,ento_form_1a_immediately_processed_summary,2,2022-10-19,,9,0,0,0,0,0,0,,0,3,0,0,1,0,4,,3,,4,2022-10-19,1,2022-10-19,2
S13,october_2022_arm_1,ento_form_1a_immediately_processed_summary,3,2022-10-26,,9,0,0,0,0,0,0,,0,2,4,5,8,0,19,,10,,10,2022-10-27,1,2022-10-27,2
S13,november_2022_arm_1,ento_form_1a_immediately_processed_summary,1,2022-11-16,,8,1,0,0,0,0,1,,0,0,0,2,1,0,3,,2,,10,2022-11-16,1,2022-11-16,2
S13,november_2022_arm_1,ento_form_1a_immediately_processed_summary,2,2022-11-23,,8,0,0,0,0,0,0,,0,1,1,5,4,0,11,,9,,12,2022-11-24,1,2022-11-24,2
S13,december_2022_arm_1,ento_form_1a_immediately_processed_summary,1,2022-12-14,,3,0,0,0,0,0,0,,0,1,0,3,2,0,6,,16,,10,2022-12-14,1,2022-12-14,2
S13,december_2022_arm_1,ento_form_1a_immediately_processed_summary,2,2022-12-21,,3,0,0,0,0,0,0,,0,5,0,7,8,1,21,,27,,10,2022-12-21,1,2022-12-21,2
S14,january_2020_arm_1,ento_form_1a_immediately_processed_summary,1,2020-01-22,,9,0,0,0,0,0,0,,1,19,34,32,26,0,111,,142,,3,2020-04-09,1,2020-04-09,1
S14,january_2020_arm_1,ento_form_1a_immediately_processed_summary,2,2020-01-29,,9,0,0,0,0,0,0,,0,10,46,30,18,1,105,,68,,3,2020-04-10,1,2020-04-10,1
S14,february_2020_arm_1,ento_form_1a_immediately_processed_summary,1,2020-02-05,,4,0,1,0,0,0,1,,0,18,40,65,22,4,149,,123,,3,2020-04-27,1,2020-04-27,1
S14,february_2020_arm_1,ento_form_1a_immediately_processed_summary,2,2020-02-19,,4,0,0,0,0,0,0,,0,11,29,70,14,4,128,,88,,3,2020-04-27,1,2020-04-27,1
S14,february_2020_arm_1,ento_form_1a_immediately_processed_summary,3,2020-02-26,,4,0,0,0,0,0,0,,1,10,37,41,39,0,127,,110,,3,2020-04-27,1,2020-04-27,1
S14,march_2020_arm_1,ento_form_1a_immediately_processed_summary,1,2020-03-04,,5,0,1,0,0,0,1,,0,4,3,29,13,0,49,,43,,3,2020-04-29,1,2020-04-29,1
S14,march_2020_arm_1,ento_form_1a_immediately_processed_summary,2,2020-03-18,,8,1,1,0,2,0,4,,0,2,14,29,15,0,60,,36,,3,2020-04-30,1,2020-04-30,1
S14,june_2020_arm_1,ento_form_1a_immediately_processed_summary,1,2020-06-03,,9,0,1,0,0,0,1,,0,66,130,85,72,2,355,,433,,3,2020-06-05,1,2020-06-05,1
S14,june_2020_arm_1,ento_form_1a_immediately_processed_summary,2,2020-06-17,,9,0,1,0,0,0,1,,0,28,81,76,32,2,219,,67,,3,2020-06-26,1,2020-06-26,1
S14,june_2020_arm_1,ento_form_1a_immediately_processed_summary,3,2020-06-24,,9,0,0,0,0,0,0,,0,28,84,106,76,1,295,,160,,3,2020-06-26,1,2020-06-26,1
S14,july_2020_arm_1,ento_form_1a_immediately_processed_summary,1,2020-07-08,,7,0,0,0,0,0,0,,0,6,20,46,28,0,100,,26,,3,2020-08-04,1,2020-08-04,1
S14,july_2020_arm_1,ento_form_1a_immediately_processed_summary,2,2020-07-22,,7,0,0,0,0,0,0,,0,6,8,24,16,0,54,,25,,3,2020-08-04,1,2020-08-04,1
S14,july_2020_arm_1,ento_form_1a_immediately_processed_summary,3,2020-07-29,,7,0,0,0,0,0,0,,0,2,4,16,17,0,39,,40,,3,2020-08-05,1,2020-08-05,1
S14,august_2020_arm_1,ento_form_1a_immediately_processed_summary,1,2020-08-05,,5,0,0,0,0,0,0,,0,2,6,17,15,0,40,,24,,3,2020-08-20,1,2020-08-20,2
S14,august_2020_arm_1,ento_form_1a_immediately_processed_summary,2,2020-08-19,,5,0,0,0,1,0,1,,0,0,5,15,7,0,27,,26,,3,2020-08-20,1,2020-08-20,2
S14,august_2020_arm_1,ento_form_1a_immediately_processed_summary,3,2020-08-26,,5,1,0,0,1,0,2,,0,0,0,3,6,0,9,,18,,3,2020-09-02,1,2020-09-02,2
S14,september_2020_arm_1,ento_form_1a_immediately_processed_summary,1,2020-09-02,,8,0,0,0,0,0,0,,0,7,4,13,3,1,28,,17,,4,2020-09-14,1,2020-09-14,2
S14,september_2020_arm_1,ento_form_1a_immediately_processed_summary,2,2020-09-16,,8,0,0,0,0,0,0,,0,1,2,6,0,1,10,,6,,3,2020-09-23,1,2020-09-23,2
S14,september_2020_arm_1,ento_form_1a_immediately_processed_summary,3,2020-09-23,,8,0,0,0,0,0,0,,0,0,4,10,5,0,19,,7,,3,2020-09-23,1,2020-09-23,2
S14,october_2020_arm_1,ento_form_1a_immediately_processed_summary,1,2020-10-07,,6,0,0,0,0,0,0,,0,1,8,20,5,0,34,,9,,3,2020-10-07,1,2020-10-07,2
S14,october_2020_arm_1,ento_form_1a_immediately_processed_summary,2,2020-10-21,,6,0,1,0,0,0,1,,1,22,23,29,30,0,104,,42,,3,2020-10-21,1,2020-10-21,2
S14,october_2020_arm_1,ento_form_1a_immediately_processed_summary,3,2020-10-28,,6,0,4,1,0,0,5,,0,3,18,26,8,0,55,,35,,3,2020-11-04,1,2020-11-04,2
S14,november_2020_arm_1,ento_form_1a_immediately_processed_summary,1,2020-11-04,,3,0,0,0,0,0,0,,0,9,1,16,4,2,32,,22,,3,2020-11-04,1,2020-11-04,2
S14,november_2020_arm_1,ento_form_1a_immediately_processed_summary,2,2020-11-18,,3,0,1,0,0,0,1,,0,13,1,13,3,1,31,,10,,5,2020-11-18,1,2020-11-18,2
S14,november_2020_arm_1,ento_form_1a_immediately_processed_summary,3,2020-11-25,,3,0,0,0,0,0,0,,0,2,2,8,3,0,15,,0,,3,2020-11-30,1,2020-11-30,2
S14,december_2020_arm_1,ento_form_1a_immediately_processed_summary,1,2020-12-02,,4,0,0,0,0,0,0,,0,1,9,3,3,0,16,,19,,3,2020-12-02,1,2020-12-02,2
S14,december_2020_arm_1,ento_form_1a_immediately_processed_summary,2,2020-12-16,,4,0,3,0,0,0,3,,0,0,4,3,7,1,15,,29,,4,2020-12-16,1,2020-12-16,2
S14,january_2021_arm_1,ento_form_1a_immediately_processed_summary,1,2021-01-06,,6,0,0,0,0,0,0,,0,4,8,6,6,0,24,,13,,3,2021-01-07,1,2021-01-07,2
S14,january_2021_arm_1,ento_form_1a_immediately_processed_summary,2,2021-01-20,,6,0,0,0,0,0,0,,0,1,1,0,4,0,6,,4,,3,2021-02-02,1,2021-02-02,2
S14,january_2021_arm_1,ento_form_1a_immediately_processed_summary,3,2021-01-27,,6,0,0,0,0,0,0,,0,0,1,2,1,0,4,,4,,3,2021-02-03,1,2021-02-03,2
S14,feburary_2021_arm_1,ento_form_1a_immediately_processed_summary,1,2021-02-17,,9,0,1,0,0,0,1,,0,0,3,3,2,0,8,,5,,3,2021-03-03,1,2021-03-03,2
S14,feburary_2021_arm_1,ento_form_1a_immediately_processed_summary,2,2021-02-24,,9,0,1,0,0,0,1,,0,0,2,4,1,0,7,,14,,3,2021-03-03,1,2021-03-03,2
S14,march_2021_arm_1,ento_form_1a_immediately_processed_summary,1,2021-03-17,,3,0,0,0,0,0,0,,0,0,0,4,1,0,5,,5,,4,2021-04-01,1,2021-04-01,2
S14,march_2021_arm_1,ento_form_1a_immediately_processed_summary,2,2021-03-24,,4,0,2,0,0,0,2,,0,0,0,0,0,0,0,,8,,4,2021-04-01,1,2021-04-01,2
S14,march_2021_arm_1,ento_form_1a_immediately_processed_summary,3,2021-03-31,,4,0,0,0,0,0,0,,0,1,0,2,1,1,5,,7,,4,2021-04-01,1,2021-04-01,2
S14,april_2021_arm_1,ento_form_1a_immediately_processed_summary,1,2021-04-28,,5,0,1,0,0,0,1,,0,1,2,2,1,0,6,,0,,5,2021-04-28,1,2021-04-28,2
S14,may_2021_arm_1,ento_form_1a_immediately_processed_summary,1,2021-05-26,,7,0,9,1,2,0,12,,5,3,42,54,28,0,127,,32,,5,2021-06-09,1,2021-06-09,2
S14,may_2021_arm_1,ento_form_1a_immediately_processed_summary,2,2021-05-19,,7,2,20,0,0,0,22,,2,13,0,72,24,0,109,,42,,5,2021-06-24,1,2021-06-24,2
S14,june_2021_arm_1,ento_form_1a_immediately_processed_summary,1,2021-06-16,,3,1,3,0,1,0,5,,0,6,21,59,60,1,147,,42,,4,2021-07-01,1,2021-07-01,2
S14,june_2021_arm_1,ento_form_1a_immediately_processed_summary,2,2021-06-23,,2,0,1,0,1,0,2,,0,9,104,19,37,0,169,,65,,4,2021-07-01,1,2021-07-01,2
S14,june_2021_arm_1,ento_form_1a_immediately_processed_summary,3,2021-06-30,,2,0,1,0,1,0,2,,1,5,22,10,21,0,58,,42,,4,2021-07-01,1,2021-07-01,2
S14,july_2021_arm_1,ento_form_1a_immediately_processed_summary,1,2021-07-21,,6,0,0,0,0,0,0,,0,5,7,7,13,0,32,,40,,6,2021-07-22,1,2021-07-22,2
S14,july_2021_arm_1,ento_form_1a_immediately_processed_summary,2,2021-07-28,,6,0,1,0,0,0,1,,0,4,11,8,8,0,31,,59,,6,2021-08-04,1,2021-08-04,2
S14,august_2021_arm_1,ento_form_1a_immediately_processed_summary,1,2021-08-18,,4,0,0,0,0,0,0,,1,0,3,2,3,0,8,,19,,6,2021-08-19,1,2021-08-19,2
S14,august_2021_arm_1,ento_form_1a_immediately_processed_summary,2,2021-08-25,,5,0,0,1,0,0,1,,0,0,0,4,1,0,5,,12,,6,2021-09-01,1,2021-09-01,2
S14,september_2021_arm_1,ento_form_1a_immediately_processed_summary,1,2021-09-01,,9,0,0,0,0,0,0,,1,0,1,0,3,0,4,,10,,3,2021-10-06,1,2021-10-06,2
S14,september_2021_arm_1,ento_form_1a_immediately_processed_summary,2,2021-09-22,,9,0,0,0,0,0,0,,0,0,2,3,1,0,6,,3,,3,2021-10-06,1,2021-10-06,2
S14,september_2021_arm_1,ento_form_1a_immediately_processed_summary,3,2021-09-29,,4,0,0,0,0,0,0,,0,2,2,1,2,0,7,,3,,3,2021-10-06,1,2021-10-06,2
S14,october_2021_arm_1,ento_form_1a_immediately_processed_summary,1,2021-10-27,,3,0,0,0,0,0,0,,0,6,0,5,5,0,16,,5,,3,2021-10-27,1,2021-10-27,2
S14,november_2021_arm_1,ento_form_1a_immediately_processed_summary,1,2021-11-24,,2,0,0,0,0,0,0,,0,11,6,0,10,0,27,,60,,3,2021-11-29,1,2021-11-29,2
S14,november_2021_arm_1,ento_form_1a_immediately_processed_summary,2,2021-11-17,,2,0,0,0,0,0,0,,0,8,10,9,4,1,32,,33,,3,2021-11-29,1,2021-11-29,2
S14,december_2021_arm_1,ento_form_1a_immediately_processed_summary,1,2021-12-15,,3,0,0,0,0,0,0,,0,4,5,7,6,0,22,,14,,3,2021-12-21,1,2021-12-21,2
S14,january_2022_arm_1,ento_form_1a_immediately_processed_summary,1,2022-01-26,,2,0,0,0,0,0,0,,0,1,5,11,0,0,17,,18,,3,2022-01-31,1,2022-01-31,2
S14,january_2022_arm_1,ento_form_1a_immediately_processed_summary,2,2022-01-19,,2,0,0,0,0,0,0,,0,4,11,10,4,1,30,,17,,3,2022-01-31,1,2022-01-31,2
S14,february_2022_arm_1,ento_form_1a_immediately_processed_summary,1,2022-02-16,,6,0,0,0,0,0,0,,0,3,2,5,4,0,14,,10,,3,2022-02-17,1,2022-02-17,2
S14,february_2022_arm_1,ento_form_1a_immediately_processed_summary,2,2022-02-23,,6,0,0,0,0,0,0,,0,0,10,3,8,0,21,,9,,3,2022-02-23,1,2022-02-23,2
S14,march_2022_arm_1,ento_form_1a_immediately_processed_summary,1,2022-03-23,,9,0,0,0,0,0,0,,0,1,0,5,2,0,8,,5,,3,2022-03-28,1,2022-03-28,2
S14,march_2022_arm_1,ento_form_1a_immediately_processed_summary,2,2022-03-16,,9,0,0,0,0,0,0,,0,0,2,3,5,0,10,,5,,3,2022-03-28,1,2022-03-28,2
S14,april_2022_arm_1,ento_form_1a_immediately_processed_summary,1,2022-04-28,,8,0,0,0,0,0,0,,0,0,1,2,0,0,3,,4,,3,2022-05-04,1,2022-05-04,2
S14,april_2022_arm_1,ento_form_1a_immediately_processed_summary,2,2022-04-08,,8,0,0,0,0,0,0,,0,0,2,5,2,0,9,,5,,3,2022-05-04,1,2022-05-04,2
S14,april_2022_arm_1,ento_form_1a_immediately_processed_summary,3,2022-04-01,,8,0,0,0,0,0,0,,0,0,0,1,1,0,2,,5,,3,2022-05-04,1,2022-05-04,2
S14,may_2022_arm_1,ento_form_1a_immediately_processed_summary,1,2022-05-25,,7,0,0,0,0,0,0,,0,2,7,6,12,0,27,,7,,3,2022-06-02,1,2022-06-02,2
S14,may_2022_arm_1,ento_form_1a_immediately_processed_summary,2,2022-05-18,,7,1,1,0,0,0,2,,1,0,5,1,4,0,10,,5,,3,2022-06-02,1,2022-06-02,2
S14,june_2022_arm_1,ento_form_1a_immediately_processed_summary,1,2022-06-22,,4,0,0,0,0,0,0,0,0,25,34,51,34,0,144,0,17,,2,2022-07-06,1,2022-07-06,2
S14,june_2022_arm_1,ento_form_1a_immediately_processed_summary,2,2022-06-15,,4,0,0,0,0,0,0,,0,36,65,63,10,2,176,,44,,3,2022-07-06,1,2022-07-06,2
S14,july_2022_arm_1,ento_form_1a_immediately_processed_summary,1,2022-07-13,,2,0,0,0,0,0,0,,0,5,78,45,40,0,168,,40,,3,2022-07-19,1,2022-07-19,2
S14,july_2022_arm_1,ento_form_1a_immediately_processed_summary,2,2022-07-20,,2,0,0,0,0,0,0,,0,12,16,81,47,0,156,,47,,3,2022-07-21,1,2022-07-21,2
S14,july_2022_arm_1,ento_form_1a_immediately_processed_summary,3,2022-07-27,,5,0,0,0,0,0,0,,0,10,26,21,38,0,95,,69,,4,2022-08-02,1,2022-08-02,2
S14,august_2022_arm_1,ento_form_1a_immediately_processed_summary,1,2022-08-03,,9,0,0,0,0,0,0,,0,5,7,13,15,0,40,,23,,4,2022-08-04,1,2022-08-04,2
S14,august_2022_arm_1,ento_form_1a_immediately_processed_summary,2,2022-08-24,,9,0,0,0,0,0,0,,0,2,5,6,0,0,13,,2,,3,2022-09-01,1,2022-09-01,2
S14,september_2022_arm_1,ento_form_1a_immediately_processed_summary,1,2022-09-21,,8,0,0,0,0,0,0,,0,6,6,24,11,0,47,,35,,3,2022-09-23,1,2022-09-23,2
S14,september_2022_arm_1,ento_form_1a_immediately_processed_summary,2,2022-09-14,,8,0,0,0,0,0,0,,0,2,2,20,5,0,29,,9,,3,2022-10-11,1,2022-10-11,2
S14,october_2022_arm_1,ento_form_1a_immediately_processed_summary,1,2022-10-12,,4,0,0,0,0,0,0,,0,10,7,8,7,0,32,,26,,4,2022-10-19,1,2022-10-19,2
S14,october_2022_arm_1,ento_form_1a_immediately_processed_summary,2,2022-10-19,,4,0,0,0,0,0,0,,0,11,3,11,8,0,33,,28,,4,2022-10-19,1,2022-10-19,2
S14,october_2022_arm_1,ento_form_1a_immediately_processed_summary,3,2022-10-26,,4,0,0,0,0,0,0,,0,12,9,7,17,1,46,,36,,10,2022-10-27,1,2022-10-27,2
S14,november_2022_arm_1,ento_form_1a_immediately_processed_summary,1,2022-11-16,,7,0,0,0,0,0,0,,0,6,12,44,6,0,68,,18,,10,2022-11-16,1,2022-11-16,2
S14,november_2022_arm_1,ento_form_1a_immediately_processed_summary,2,2022-11-23,,2,0,1,0,0,0,1,,0,10,18,9,41,0,78,,40,,12,2022-11-24,1,2022-11-24,2
S14,december_2022_arm_1,ento_form_1a_immediately_processed_summary,1,2022-12-14,,5,0,0,0,0,0,0,,0,19,42,36,30,0,127,,80,,10,2022-12-14,1,2022-12-14,2
S14,december_2022_arm_1,ento_form_1a_immediately_processed_summary,2,2022-12-21,,2,0,0,0,0,0,0,,0,5,32,12,20,0,69,,55,,10,2022-12-21,1,2022-12-21,2
S15,january_2020_arm_1,ento_form_1a_immediately_processed_summary,1,2020-01-22,,4,0,0,1,0,0,1,,0,28,22,83,37,0,170,,158,,3,2020-04-10,1,2020-04-10,1
S15,january_2020_arm_1,ento_form_1a_immediately_processed_summary,2,2020-01-29,,4,0,0,0,0,0,0,,0,2,9,126,24,0,161,,19,,3,2020-04-10,1,2020-04-10,1
S15,february_2020_arm_1,ento_form_1a_immediately_processed_summary,1,2020-02-05,,5,1,0,0,0,0,1,,0,9,0,75,20,0,104,,44,,3,2020-04-27,1,2020-04-27,1
S15,february_2020_arm_1,ento_form_1a_immediately_processed_summary,2,2020-02-19,,5,0,0,0,0,0,0,,0,7,0,67,13,0,87,,111,,3,2020-04-27,1,2020-04-27,1
S15,february_2020_arm_1,ento_form_1a_immediately_processed_summary,3,2020-02-26,,5,0,0,0,0,0,0,,0,8,18,94,60,1,181,,200,,3,2020-04-27,1,2020-04-27,1
S15,march_2020_arm_1,ento_form_1a_immediately_processed_summary,1,2020-03-04,,3,0,0,0,0,0,0,,0,11,0,44,26,4,85,,99,,3,2020-04-30,1,2020-04-30,1
S15,march_2020_arm_1,ento_form_1a_immediately_processed_summary,2,2020-03-18,,3,0,0,0,0,0,0,,0,5,1,37,14,0,57,,34,,3,2020-04-30,1,2020-04-30,1
S15,june_2020_arm_1,ento_form_1a_immediately_processed_summary,1,2020-06-03,,4,0,0,0,0,0,0,,0,20,47,94,56,2,219,,87,,3,2020-06-05,1,2020-06-05,1
S15,june_2020_arm_1,ento_form_1a_immediately_processed_summary,2,2020-06-17,,4,0,0,0,0,0,0,,0,13,15,7,5,0,40,,17,,3,2020-06-18,1,2020-06-18,1
S15,june_2020_arm_1,ento_form_1a_immediately_processed_summary,3,2020-06-24,,4,0,0,0,0,0,0,,0,19,26,20,13,0,78,,54,,3,2020-06-26,1,2020-06-26,1
S15,july_2020_arm_1,ento_form_1a_immediately_processed_summary,1,2020-07-08,,3,0,0,0,0,0,0,,0,0,2,20,2,0,24,,4,,3,2020-08-04,1,2020-08-04,1
S15,july_2020_arm_1,ento_form_1a_immediately_processed_summary,2,2020-07-22,,3,0,0,0,0,0,0,,0,1,0,3,1,0,5,,1,,3,2020-08-05,1,2020-08-05,1
S15,july_2020_arm_1,ento_form_1a_immediately_processed_summary,3,2020-07-29,,3,0,0,0,0,0,0,,0,2,0,3,1,0,6,,2,,3,2020-08-05,1,2020-08-05,1
S15,august_2020_arm_1,ento_form_1a_immediately_processed_summary,1,2020-08-05,,8,0,0,0,0,0,0,,0,0,0,1,0,0,1,,1,,3,2020-08-20,1,2020-08-20,2
S15,august_2020_arm_1,ento_form_1a_immediately_processed_summary,2,2020-08-19,,8,0,0,0,0,0,0,,0,0,0,0,0,0,0,,0,,3,2020-08-20,1,2020-08-20,2
S15,september_2020_arm_1,ento_form_1a_immediately_processed_summary,1,2020-09-02,,9,0,0,0,0,0,0,,0,0,1,1,1,0,3,,0,,4,2020-09-14,1,2020-09-14,2
S15,september_2020_arm_1,ento_form_1a_immediately_processed_summary,2,2020-09-16,,9,0,0,0,0,0,0,,0,1,2,3,1,0,7,,5,,3,2020-09-23,1,2020-09-23,2
S15,september_2020_arm_1,ento_form_1a_immediately_processed_summary,3,2020-09-23,,9,0,0,0,0,0,0,,0,0,0,1,0,0,1,,0,,3,2020-09-23,1,2020-09-23,2
S15,october_2020_arm_1,ento_form_1a_immediately_processed_summary,1,2020-10-07,,2,0,0,0,0,0,0,,0,0,4,1,2,0,7,,0,,3,2020-10-07,1,2020-10-07,2
S15,october_2020_arm_1,ento_form_1a_immediately_processed_summary,2,2020-10-21,,7,0,0,0,0,0,0,,0,0,0,0,0,0,0,,1,,3,2020-10-21,1,2020-10-21,2
S15,october_2020_arm_1,ento_form_1a_immediately_processed_summary,3,2020-10-28,,7,0,0,0,0,0,0,,0,0,0,1,1,0,2,,22,,3,2020-11-04,1,2020-11-04,2
S15,november_2020_arm_1,ento_form_1a_immediately_processed_summary,1,2020-11-04,,6,0,0,0,0,0,0,,0,3,1,0,0,0,4,,9,,3,2020-11-04,1,2020-11-04,2
S15,november_2020_arm_1,ento_form_1a_immediately_processed_summary,2,2020-11-25,,6,0,0,0,0,0,0,,0,0,2,0,0,0,2,,2,,3,2020-11-30,1,2020-11-30,2
S15,december_2020_arm_1,ento_form_1a_immediately_processed_summary,1,2020-12-02,,5,0,0,0,0,0,0,,0,1,3,1,0,0,5,,0,,3,2020-12-02,1,2020-12-02,2
S15,december_2020_arm_1,ento_form_1a_immediately_processed_summary,2,2020-12-16,,5,0,0,0,0,0,0,,0,0,0,0,1,0,1,,0,,4,2020-12-16,1,2020-12-16,2
S16,january_2020_arm_1,ento_form_1a_immediately_processed_summary,1,2020-01-22,,3,0,0,0,0,0,0,,0,10,1,5,4,1,21,,42,,3,2020-04-09,1,2020-04-09,1
S16,january_2020_arm_1,ento_form_1a_immediately_processed_summary,2,2020-01-29,,3,0,0,0,0,0,0,,0,2,0,4,3,0,9,,5,,3,2020-04-10,1,2020-04-10,1
S16,february_2020_arm_1,ento_form_1a_immediately_processed_summary,1,2020-02-05,,7,0,1,0,0,0,1,,0,16,3,37,20,0,76,,43,,3,2020-04-27,1,2020-04-27,1
S16,february_2020_arm_1,ento_form_1a_immediately_processed_summary,2,2020-02-19,,7,0,0,0,0,0,0,,0,23,9,76,48,0,156,,163,,3,2020-04-27,1,2020-04-27,1
S16,february_2020_arm_1,ento_form_1a_immediately_processed_summary,3,2020-02-26,,7,0,0,0,0,0,0,,0,14,3,50,48,0,115,,141,,3,2020-04-27,1,2020-04-27,1
S16,march_2020_arm_1,ento_form_1a_immediately_processed_summary,1,2020-03-04,,9,1,0,1,0,0,2,,0,5,16,12,4,0,37,,34,,3,2020-04-29,1,2020-04-29,1
S16,march_2020_arm_1,ento_form_1a_immediately_processed_summary,2,2020-03-18,,9,0,0,0,0,0,0,,0,2,8,10,2,0,22,,11,,3,2020-04-30,1,2020-04-30,1
S16,june_2020_arm_1,ento_form_1a_immediately_processed_summary,1,2020-06-03,,3,0,1,1,0,0,2,,0,43,3,78,31,5,160,,63,,3,2020-06-05,1,2020-06-05,1
S16,june_2020_arm_1,ento_form_1a_immediately_processed_summary,2,2020-06-17,,3,0,0,0,0,0,0,,0,8,3,18,5,4,38,,10,,3,2020-06-26,1,2020-06-26,1
S16,june_2020_arm_1,ento_form_1a_immediately_processed_summary,3,2020-06-24,,3,0,0,0,0,0,0,,0,3,3,61,11,5,83,,23,,3,2020-06-26,1,2020-06-26,1
S16,july_2020_arm_1,ento_form_1a_immediately_processed_summary,1,2020-07-08,,5,0,2,0,1,0,3,,1,4,27,46,20,1,98,,43,,3,2020-08-04,1,2020-08-04,1
S16,july_2020_arm_1,ento_form_1a_immediately_processed_summary,2,2020-07-22,,5,0,1,0,0,0,1,,0,5,9,22,9,0,45,,28,,3,2020-08-05,1,2020-08-05,1
S16,july_2020_arm_1,ento_form_1a_immediately_processed_summary,3,2020-07-29,,5,0,0,0,1,0,1,,0,12,8,9,10,0,39,,34,,3,2020-08-05,1,2020-08-05,1
S16,august_2020_arm_1,ento_form_1a_immediately_processed_summary,1,2020-08-05,,9,0,0,0,0,0,0,,0,2,8,4,6,0,20,,18,,3,2020-08-20,1,2020-08-20,2
S16,august_2020_arm_1,ento_form_1a_immediately_processed_summary,2,2020-08-19,,9,0,0,0,0,0,0,,0,2,4,1,6,0,13,,8,,3,2020-08-20,1,2020-08-20,2
S16,august_2020_arm_1,ento_form_1a_immediately_processed_summary,3,2020-08-26,,9,0,0,0,0,0,0,,1,1,0,1,3,0,5,,5,,3,2020-09-02,1,2020-09-02,2
S16,september_2020_arm_1,ento_form_1a_immediately_processed_summary,1,2020-09-02,,6,0,0,0,0,0,0,,0,2,8,11,6,0,27,,15,,4,2020-09-14,1,2020-09-14,2
S16,september_2020_arm_1,ento_form_1a_immediately_processed_summary,2,2020-09-16,,6,0,0,0,0,0,0,,0,1,3,7,1,0,12,,3,,3,2020-09-23,1,2020-09-23,2
S16,september_2020_arm_1,ento_form_1a_immediately_processed_summary,3,2020-09-23,,6,0,0,0,0,0,0,,0,2,1,4,10,0,17,,11,,3,2020-09-23,1,2020-09-23,2
S16,october_2020_arm_1,ento_form_1a_immediately_processed_summary,1,2020-10-07,,4,0,0,0,0,0,0,,0,4,10,5,6,1,26,,25,,3,2020-10-07,1,2020-10-07,2
S16,october_2020_arm_1,ento_form_1a_immediately_processed_summary,2,2020-10-21,,4,0,0,1,0,0,1,,0,17,13,22,14,0,66,,51,,3,2020-10-21,1,2020-10-21,2
S16,october_2020_arm_1,ento_form_1a_immediately_processed_summary,3,2020-10-28,,4,0,0,0,0,0,0,,0,9,27,19,17,0,72,,73,,3,2020-11-04,1,2020-11-04,2
S16,november_2020_arm_1,ento_form_1a_immediately_processed_summary,1,2020-11-04,,8,0,1,0,0,0,1,,0,2,7,21,9,0,39,,24,,3,2020-11-04,1,2020-11-04,2
S16,november_2020_arm_1,ento_form_1a_immediately_processed_summary,2,2020-11-18,,8,0,0,0,0,0,0,,0,4,2,13,6,0,25,,33,,5,2020-11-18,1,2020-11-18,2
S16,november_2020_arm_1,ento_form_1a_immediately_processed_summary,3,2020-11-25,,8,0,0,0,0,0,0,,0,0,5,16,8,0,29,,18,,3,2020-11-30,1,2020-11-30,2
S16,december_2020_arm_1,ento_form_1a_immediately_processed_summary,1,2020-12-02,,7,0,0,0,0,0,0,,0,1,2,5,8,0,16,,16,,3,2020-12-02,1,2020-12-02,2
S16,december_2020_arm_1,ento_form_1a_immediately_processed_summary,2,2020-12-16,,7,0,0,0,0,0,0,,0,0,2,9,5,0,16,,16,,4,2020-12-16,1,2020-12-16,2
S16,january_2021_arm_1,ento_form_1a_immediately_processed_summary,1,2021-01-06,,3,0,0,0,0,0,0,,0,2,0,4,10,0,16,,7,,3,2021-01-07,1,2021-01-07,2
S16,january_2021_arm_1,ento_form_1a_immediately_processed_summary,2,2021-01-20,,3,1,0,0,0,0,1,,0,1,0,9,7,1,18,,3,,3,2021-02-02,1,2021-02-02,2
S16,january_2021_arm_1,ento_form_1a_immediately_processed_summary,3,2021-01-27,,3,0,0,0,0,0,0,,0,2,0,8,4,0,14,,4,,3,2021-02-03,1,2021-02-03,2
S16,feburary_2021_arm_1,ento_form_1a_immediately_processed_summary,1,2021-02-17,,7,0,0,0,0,0,0,,2,5,17,40,24,0,86,,19,,3,2021-03-03,1,2021-03-03,2
S16,feburary_2021_arm_1,ento_form_1a_immediately_processed_summary,2,2021-02-24,,7,0,0,0,0,0,0,,1,3,48,32,30,0,113,,36,,3,2021-03-19,1,2021-03-19,2
S16,march_2021_arm_1,ento_form_1a_immediately_processed_summary,1,2021-03-17,,9,0,0,0,0,0,0,,0,0,0,0,1,1,2,,0,,4,2021-04-01,1,2021-04-01,2
S16,march_2021_arm_1,ento_form_1a_immediately_processed_summary,2,2021-03-24,,9,0,0,0,0,0,0,,0,1,3,4,5,0,13,,15,,4,2021-04-01,1,2021-04-01,2
S16,march_2021_arm_1,ento_form_1a_immediately_processed_summary,3,2021-03-31,,6,0,0,0,0,0,0,,0,0,2,0,1,0,3,,1,,4,2021-04-01,1,2021-04-01,2
S16,april_2021_arm_1,ento_form_1a_immediately_processed_summary,1,2021-04-21,,2,0,0,0,0,0,0,,0,0,1,0,4,0,5,,7,,5,2021-04-28,1,2021-04-28,2
S16,april_2021_arm_1,ento_form_1a_immediately_processed_summary,2,2021-04-28,,2,0,0,1,0,0,1,,0,1,1,1,6,0,9,,7,,5,2021-04-28,1,2021-04-28,2
S16,may_2021_arm_1,ento_form_1a_immediately_processed_summary,1,2021-05-26,,10,0,5,0,1,0,6,,0,3,35,10,15,0,63,,15,,5,2021-06-09,1,2021-06-09,2
S16,may_2021_arm_1,ento_form_1a_immediately_processed_summary,2,2021-05-19,,4,0,1,0,1,0,2,,0,7,0,22,8,0,37,,33,,5,2021-06-11,1,2021-06-11,2
S16,june_2021_arm_1,ento_form_1a_immediately_processed_summary,1,2021-06-16,,2,0,1,4,2,0,7,,0,6,33,30,24,0,93,,60,,4,2021-07-01,1,2021-07-01,2
S16,june_2021_arm_1,ento_form_1a_immediately_processed_summary,2,2021-06-23,,6,0,0,1,0,0,1,,2,1,7,11,14,0,33,,20,,4,2021-07-01,1,2021-07-01,2
S16,june_2021_arm_1,ento_form_1a_immediately_processed_summary,3,2021-06-30,,6,0,1,0,0,0,1,,0,7,8,13,11,0,39,,26,,4,2021-07-01,1,2021-07-01,2
S16,july_2021_arm_1,ento_form_1a_immediately_processed_summary,1,2021-07-21,,4,0,0,0,0,0,0,,0,3,5,4,13,0,25,,11,,6,2021-07-22,1,2021-07-22,2
S16,july_2021_arm_1,ento_form_1a_immediately_processed_summary,2,2021-07-28,,3,0,0,0,0,0,0,,0,3,0,4,3,0,10,,10,,6,2021-08-04,1,2021-08-04,2
S16,august_2021_arm_1,ento_form_1a_immediately_processed_summary,1,2021-08-18,,3,1,0,0,0,0,1,,0,1,0,2,0,0,3,,7,,6,2021-08-19,1,2021-08-19,2
S16,august_2021_arm_1,ento_form_1a_immediately_processed_summary,2,2021-08-25,,3,0,0,0,0,0,0,,0,1,0,1,0,0,2,,3,,6,2021-09-01,1,2021-09-01,2
S16,september_2021_arm_1,ento_form_1a_immediately_processed_summary,1,2021-09-01,,7,0,0,0,0,0,0,,0,0,4,0,3,0,7,,10,,3,2021-10-06,1,2021-10-06,2
S16,september_2021_arm_1,ento_form_1a_immediately_processed_summary,2,2021-09-22,,7,0,0,0,0,0,0,,1,0,0,2,1,0,3,,5,,3,2021-10-06,1,2021-10-06,2
S16,september_2021_arm_1,ento_form_1a_immediately_processed_summary,3,2021-09-29,,7,0,0,0,0,0,0,,0,4,0,2,3,0,9,,6,,3,2021-10-06,1,2021-10-06,2
S16,october_2021_arm_1,ento_form_1a_immediately_processed_summary,1,2021-10-27,,9,0,0,0,0,0,0,,0,2,3,0,3,0,8,,3,,3,2021-10-27,1,2021-10-27,2
S16,november_2021_arm_1,ento_form_1a_immediately_processed_summary,1,2021-11-24,,4,0,0,0,0,0,0,,0,5,4,1,16,0,26,,34,,3,2021-11-29,1,2021-11-29,2
S16,november_2021_arm_1,ento_form_1a_immediately_processed_summary,2,2021-11-17,,4,0,0,0,0,0,0,,0,5,10,5,11,0,31,,18,,3,2021-11-29,1,2021-11-29,2
S16,december_2021_arm_1,ento_form_1a_immediately_processed_summary,1,2021-12-15,,10,0,0,0,0,0,0,,0,4,3,4,9,0,20,,35,,3,2021-12-21,1,2021-12-21,2
S16,january_2022_arm_1,ento_form_1a_immediately_processed_summary,1,2022-01-26,,6,0,0,0,0,0,0,,1,2,1,3,3,0,9,,22,,3,2022-01-31,1,2022-01-31,2
S16,january_2022_arm_1,ento_form_1a_immediately_processed_summary,2,2022-01-19,,6,0,0,0,0,0,0,,0,1,1,1,6,0,9,,24,,3,2022-01-31,1,2022-01-31,2
S16,february_2022_arm_1,ento_form_1a_immediately_processed_summary,1,2022-02-16,,8,0,0,0,0,0,0,,0,0,0,1,0,0,1,,1,,3,2022-02-17,1,2022-02-17,2
S16,february_2022_arm_1,ento_form_1a_immediately_processed_summary,2,2022-02-23,,2,0,0,0,0,0,0,,0,1,2,1,2,0,6,,3,,3,2022-02-23,1,2022-02-23,2
S16,march_2022_arm_1,ento_form_1a_immediately_processed_summary,1,2022-03-23,,2,0,0,0,0,0,0,,0,2,22,1,9,0,34,,1,,3,2022-03-28,1,2022-03-28,2
S16,march_2022_arm_1,ento_form_1a_immediately_processed_summary,2,2022-03-16,,2,0,0,0,0,0,0,,0,0,2,3,0,0,5,,1,,3,2022-03-28,1,2022-03-28,2
S16,april_2022_arm_1,ento_form_1a_immediately_processed_summary,1,2022-04-28,,7,0,0,0,0,0,0,,0,9,6,48,13,0,76,,26,,3,2022-05-04,1,2022-05-04,2
S16,april_2022_arm_1,ento_form_1a_immediately_processed_summary,2,2022-04-08,,7,0,0,0,0,0,0,,0,1,0,1,0,0,2,,3,,3,2022-05-04,1,2022-05-04,2
S16,april_2022_arm_1,ento_form_1a_immediately_processed_summary,3,2022-04-01,,7,0,0,0,0,0,0,,0,0,10,2,2,0,14,,0,,3,2022-05-04,1,2022-05-04,2
S16,may_2022_arm_1,ento_form_1a_immediately_processed_summary,1,2022-05-25,,10,0,0,0,0,0,0,,0,2,9,43,13,0,67,,6,,3,2022-06-02,1,2022-06-02,2
S16,may_2022_arm_1,ento_form_1a_immediately_processed_summary,2,2022-05-18,,10,0,1,0,0,0,1,,0,4,3,9,3,0,19,,10,,3,2022-06-02,1,2022-06-02,2
S16,june_2022_arm_1,ento_form_1a_immediately_processed_summary,1,2022-06-22,,8,0,0,0,0,0,0,0,0,96,45,51,36,3,231,0,420,,2,2022-07-06,1,2022-07-06,2
S16,june_2022_arm_1,ento_form_1a_immediately_processed_summary,2,2022-06-15,,8,0,0,0,0,0,0,0,0,58,33,17,16,5,129,0,228,,2,2022-07-06,1,2022-07-06,2
S16,june_2022_arm_1,ento_form_1a_immediately_processed_summary,3,2022-06-15,,8,0,0,0,0,0,0,0,0,58,33,17,16,5,129,0,228,,2,2022-07-06,1,2022-07-06,2
S16,july_2022_arm_1,ento_form_1a_immediately_processed_summary,1,2022-07-13,,9,0,0,0,0,0,0,,0,12,16,10,10,0,48,,56,,3,2022-07-19,1,2022-07-19,2
S16,july_2022_arm_1,ento_form_1a_immediately_processed_summary,2,2022-07-20,,8,0,0,0,0,0,0,,0,24,31,9,32,0,96,,77,,3,2022-07-21,1,2022-07-21,2
S16,july_2022_arm_1,ento_form_1a_immediately_processed_summary,3,2022-07-27,,8,0,0,0,0,0,0,,0,12,20,41,40,2,115,,83,,4,2022-08-02,1,2022-08-02,2
S16,august_2022_arm_1,ento_form_1a_immediately_processed_summary,1,2022-08-03,,6,0,0,0,1,0,1,,0,23,22,50,56,2,153,,117,,4,2022-08-16,1,2022-08-16,2
S16,august_2022_arm_1,ento_form_1a_immediately_processed_summary,2,2022-08-24,,6,0,0,0,0,0,0,,0,9,2,18,19,0,48,,61,,3,2022-09-01,1,2022-09-01,2
S16,september_2022_arm_1,ento_form_1a_immediately_processed_summary,1,2022-09-21,,3,0,0,0,0,0,0,,0,11,0,5,9,0,25,,24,,3,2022-09-23,1,2022-09-23,2
S16,september_2022_arm_1,ento_form_1a_immediately_processed_summary,2,2022-09-14,,3,0,0,0,0,0,0,,0,5,3,24,2,1,35,,23,,3,2022-10-11,1,2022-10-11,2
S16,october_2022_arm_1,ento_form_1a_immediately_processed_summary,1,2022-10-12,,7,0,0,0,0,0,0,,0,18,5,48,12,0,83,,69,,4,2022-10-19,1,2022-10-19,2
S16,october_2022_arm_1,ento_form_1a_immediately_processed_summary,2,2022-10-19,,7,0,0,0,0,0,0,,0,7,9,18,28,0,62,,105,,4,2022-10-19,1,2022-10-19,2
S16,october_2022_arm_1,ento_form_1a_immediately_processed_summary,3,2022-10-26,,7,0,0,0,0,0,0,,0,15,17,39,12,0,83,,106,,10,2022-10-27,1,2022-10-27,2
S16,november_2022_arm_1,ento_form_1a_immediately_processed_summary,1,2022-11-16,,4,0,0,0,0,0,0,,0,9,65,49,42,2,167,,78,,10,2022-11-16,1,2022-11-16,2
S16,november_2022_arm_1,ento_form_1a_immediately_processed_summary,2,2022-11-23,,4,0,0,0,0,0,0,,0,12,9,11,14,0,46,,71,,12,2022-11-24,1,2022-11-24,2
S16,december_2022_arm_1,ento_form_1a_immediately_processed_summary,1,2022-12-14,,8,0,0,0,0,0,0,,0,19,6,12,19,0,56,,72,,10,2022-12-14,1,2022-12-14,2
S16,december_2022_arm_1,ento_form_1a_immediately_processed_summary,2,2022-12-21,,8,0,0,0,0,0,0,,0,9,2,5,10,1,27,,34,,10,2022-12-21,1,2022-12-21,2
S17,feburary_2021_arm_1,ento_form_1a_immediately_processed_summary,1,2021-02-17,,4,0,0,0,0,0,0,,0,1,0,0,0,0,1,,0,,3,2021-03-03,1,2021-03-03,2
S17,feburary_2021_arm_1,ento_form_1a_immediately_processed_summary,2,2021-02-24,,4,0,0,0,0,0,0,,0,0,0,0,0,0,0,,0,,3,2021-03-19,1,2021-03-19,2
S17,march_2021_arm_1,ento_form_1a_immediately_processed_summary,1,2021-03-17,,8,0,0,0,0,0,0,,0,0,0,0,0,0,0,,0,,4,2021-04-01,1,2021-04-01,2
S17,march_2021_arm_1,ento_form_1a_immediately_processed_summary,2,2021-03-24,,8,0,0,0,0,0,0,,0,0,0,0,0,0,0,,0,,4,2021-04-01,1,2021-04-01,2
S17,march_2021_arm_1,ento_form_1a_immediately_processed_summary,3,2021-03-31,,9,0,0,0,0,0,0,,1,0,0,0,0,0,0,,0,,4,2021-04-01,1,2021-04-01,2
S17,april_2021_arm_1,ento_form_1a_immediately_processed_summary,1,2021-04-21,,3,0,1,0,0,0,1,,0,0,0,0,0,0,0,,0,,5,2021-04-28,1,2021-04-28,2
S17,april_2021_arm_1,ento_form_1a_immediately_processed_summary,2,2021-04-28,,7,0,1,0,0,0,1,,0,0,0,0,1,0,1,,0,,5,2021-04-28,1,2021-04-28,2
S17,may_2021_arm_1,ento_form_1a_immediately_processed_summary,1,2021-05-26,,2,0,0,0,0,0,0,,0,0,3,0,0,0,3,,0,,5,2021-06-09,1,2021-06-09,2
S17,may_2021_arm_1,ento_form_1a_immediately_processed_summary,2,2021-05-19,,6,0,0,0,0,0,0,,0,2,0,5,1,0,8,,1,,5,2021-06-11,1,2021-06-11,2
S17,may_2021_arm_1,ento_form_1a_immediately_processed_summary,3,2021-05-19,,6,0,0,0,0,0,0,,0,2,0,5,1,0,8,,1,,5,2021-06-22,1,2021-06-22,2
S17,june_2021_arm_1,ento_form_1a_immediately_processed_summary,1,2021-06-16,,9,0,0,0,0,0,0,,0,0,2,3,4,0,9,,5,,4,2021-07-01,1,2021-07-01,2
S17,june_2021_arm_1,ento_form_1a_immediately_processed_summary,2,2021-06-23,,9,0,0,0,0,0,0,,0,3,2,5,7,0,17,,8,,4,2021-07-01,1,2021-07-01,2
S17,june_2021_arm_1,ento_form_1a_immediately_processed_summary,3,2021-06-30,,9,0,0,0,0,0,0,,0,1,0,0,3,0,4,,4,,4,2021-07-01,1,2021-07-01,2
S17,july_2021_arm_1,ento_form_1a_immediately_processed_summary,1,2021-07-21,,10,0,0,0,0,0,0,,0,1,0,0,2,0,3,,4,,6,2021-07-22,1,2021-07-22,2
S17,july_2021_arm_1,ento_form_1a_immediately_processed_summary,2,2021-07-28,,10,0,0,0,0,0,0,,0,1,0,1,1,0,3,,13,,6,2021-07-29,1,2021-07-29,2
S17,august_2021_arm_1,ento_form_1a_immediately_processed_summary,1,2021-08-18,,6,0,0,0,0,0,0,,0,0,0,1,0,0,1,,3,,6,2021-08-19,1,2021-08-19,2
S17,august_2021_arm_1,ento_form_1a_immediately_processed_summary,2,2021-08-25,,6,0,0,0,0,0,0,,0,1,0,0,0,0,1,,5,,6,2021-09-01,1,2021-09-01,2
S17,september_2021_arm_1,ento_form_1a_immediately_processed_summary,1,2021-09-01,,3,0,0,0,0,0,0,,0,1,0,0,2,0,3,,1,,3,2021-10-06,1,2021-10-06,2
S17,september_2021_arm_1,ento_form_1a_immediately_processed_summary,2,2021-09-22,,3,0,0,0,0,0,0,,0,0,0,0,0,0,0,,0,,3,2021-10-06,1,2021-10-06,2
S17,september_2021_arm_1,ento_form_1a_immediately_processed_summary,3,2021-09-29,,3,0,0,0,0,0,0,,0,0,0,0,0,0,0,,0,,3,2021-10-06,1,2021-10-06,2
S17,october_2021_arm_1,ento_form_1a_immediately_processed_summary,1,2021-10-27,,2,0,0,0,0,0,0,,0,1,0,0,0,0,1,,2,,3,2021-10-27,1,2021-10-27,2
S17,november_2021_arm_1,ento_form_1a_immediately_processed_summary,1,2021-11-24,,7,0,0,0,0,0,0,,0,2,2,2,4,0,10,,3,,3,2021-11-29,1,2021-11-29,2
S17,november_2021_arm_1,ento_form_1a_immediately_processed_summary,2,2021-11-17,,7,0,0,0,0,0,0,,0,1,1,1,0,0,3,,4,,3,2021-11-29,1,2021-11-29,2
S17,december_2021_arm_1,ento_form_1a_immediately_processed_summary,1,2021-12-15,,4,0,0,0,0,0,0,,0,2,0,3,12,0,17,,14,,3,2021-12-21,1,2021-12-21,2
S17,january_2022_arm_1,ento_form_1a_immediately_processed_summary,1,2022-01-26,,9,0,0,0,0,0,0,,0,0,0,0,0,0,0,,1,,3,2022-01-31,1,2022-01-31,2
S17,january_2022_arm_1,ento_form_1a_immediately_processed_summary,2,2022-01-19,,9,0,0,0,0,0,0,,0,2,3,5,7,0,17,,10,,3,2022-01-31,1,2022-01-31,2
S17,february_2022_arm_1,ento_form_1a_immediately_processed_summary,1,2022-02-16,,3,0,0,0,0,0,0,,0,0,0,0,0,0,0,,1,,3,2022-02-17,1,2022-02-17,2
S17,february_2022_arm_1,ento_form_1a_immediately_processed_summary,2,2022-02-23,,2,0,0,0,0,0,0,,0,0,0,0,0,0,0,,1,,3,2022-02-23,1,2022-02-23,2
S17,march_2022_arm_1,ento_form_1a_immediately_processed_summary,1,2022-03-23,,6,0,0,0,0,0,0,,0,0,1,0,0,0,1,,2,,3,2022-03-28,1,2022-03-28,2
S17,march_2022_arm_1,ento_form_1a_immediately_processed_summary,2,2022-03-16,,6,0,0,0,0,0,0,,0,0,4,2,1,0,7,,0,,3,2022-03-28,1,2022-03-28,2
S17,april_2022_arm_1,ento_form_1a_immediately_processed_summary,1,2022-04-28,,10,0,0,0,0,0,0,,0,0,0,1,2,0,3,,0,,3,2022-05-04,1,2022-05-04,2
S17,april_2022_arm_1,ento_form_1a_immediately_processed_summary,2,2022-04-08,,10,0,0,0,0,0,0,,0,2,9,2,4,0,17,,10,,3,2022-05-04,1,2022-05-04,2
S17,april_2022_arm_1,ento_form_1a_immediately_processed_summary,3,2022-04-01,,10,0,0,0,0,0,0,,0,0,2,3,0,0,5,,3,,3,2022-05-04,1,2022-05-04,2
S17,may_2022_arm_1,ento_form_1a_immediately_processed_summary,1,2022-05-25,,4,0,0,0,0,0,0,,0,0,10,1,3,0,14,,0,,3,2022-06-02,1,2022-06-02,2
S17,may_2022_arm_1,ento_form_1a_immediately_processed_summary,2,2022-05-18,,4,0,0,0,1,0,1,,0,0,0,2,0,0,2,,0,,3,2022-06-02,1,2022-06-02,2
S17,june_2022_arm_1,ento_form_1a_immediately_processed_summary,1,2022-06-22,,9,0,0,0,0,0,0,,0,15,9,5,14,0,43,,26,,3,2022-07-06,1,2022-07-06,2
S17,june_2022_arm_1,ento_form_1a_immediately_processed_summary,2,2022-06-15,,9,0,2,1,0,0,3,,0,6,31,8,10,0,55,,7,,3,2022-07-06,1,2022-07-06,2
S17,july_2022_arm_1,ento_form_1a_immediately_processed_summary,1,2022-07-13,,7,0,0,0,0,0,0,,0,12,0,6,13,0,31,,41,,3,2022-07-19,1,2022-07-19,2
S17,july_2022_arm_1,ento_form_1a_immediately_processed_summary,2,2022-07-20,,7,0,0,0,0,0,0,,0,7,0,0,6,2,15,,8,,3,2022-07-21,1,2022-07-21,2
S17,july_2022_arm_1,ento_form_1a_immediately_processed_summary,3,2022-07-27,,7,0,0,0,0,0,0,,0,3,0,1,4,0,8,,31,,4,2022-08-02,1,2022-08-02,2
S17,august_2022_arm_1,ento_form_1a_immediately_processed_summary,1,2022-08-03,,8,0,0,0,0,0,0,,0,3,0,0,1,0,4,,11,,4,2022-08-16,1,2022-08-16,2
S17,august_2022_arm_1,ento_form_1a_immediately_processed_summary,2,2022-08-24,,2,0,0,0,0,0,0,,0,2,0,3,3,0,8,,15,,3,2022-09-01,1,2022-09-01,2
S17,september_2022_arm_1,ento_form_1a_immediately_processed_summary,1,2022-09-21,,6,0,1,0,0,0,1,,0,8,13,14,20,0,55,,46,,3,2022-09-23,1,2022-09-23,2
S17,september_2022_arm_1,ento_form_1a_immediately_processed_summary,2,2022-09-14,,6,0,0,0,0,0,0,,0,8,35,13,13,0,69,,20,,3,2022-10-11,1,2022-10-11,2
S17,october_2022_arm_1,ento_form_1a_immediately_processed_summary,1,2022-10-12,,3,0,0,0,0,0,0,,0,1,0,7,6,0,14,,7,,4,2022-10-19,1,2022-10-19,2
S17,october_2022_arm_1,ento_form_1a_immediately_processed_summary,2,2022-10-19,,3,0,0,0,0,0,0,,0,5,5,36,12,2,60,,53,,4,2022-10-19,1,2022-10-19,2
S17,october_2022_arm_1,ento_form_1a_immediately_processed_summary,3,2022-10-26,,2,0,0,0,0,0,0,,0,1,2,9,7,0,19,,22,,10,2022-10-27,1,2022-10-27,2
S17,november_2022_arm_1,ento_form_1a_immediately_processed_summary,1,2022-11-16,,2,0,0,0,0,0,0,,0,4,34,14,26,0,78,,13,,10,2022-11-16,1,2022-11-16,2
S17,november_2022_arm_1,ento_form_1a_immediately_processed_summary,2,2022-11-23,,9,0,0,0,0,0,0,,0,8,14,6,10,0,38,,12,,12,2022-11-24,1,2022-11-24,2
S17,december_2022_arm_1,ento_form_1a_immediately_processed_summary,1,2022-12-14,,4,0,0,0,0,0,0,,0,12,19,15,33,2,81,,128,,10,2022-12-14,1,2022-12-14,2
S17,december_2022_arm_1,ento_form_1a_immediately_processed_summary,2,2022-12-21,,4,0,0,0,0,0,0,,0,11,0,0,8,0,19,,41,,10,2022-12-21,1,2022-12-21,2
