household_id,redcap_event_name,redcap_repeat_instrument,redcap_repeat_instance,collection_date_2b,collection_time_2b,totalnumber_2b,date_entered_2b,date_checked_2b,ento_form_2b_female__v_0,Village,row_num,sample_num,hh_date_samp,day,species,sampleid_h,sampleid_a,sampleid_w,notes,specify,pf_pcr_infection_status
K01,june_2020_arm_1,ento_form_2b_female_anopheles_reared_2220,1,6/8/20,NA,1,7/9/20,7/9/20,Complete,Kinesamo,1,1,K01_2020-06-08_1_1,1,Undetermined,K01 H00096,K01 A00096,K01 W00096,sample very pale,NA,negative
K01,april_2021_arm_1,ento_form_2b_female_anopheles_reared_2220,1,4/12/21,NA,2,5/7/21,5/7/21,Complete,Kinesamo,2,1,K01_2021-04-12_1_2,3,An. funestus,K01 H00117,K01 A00117,K01 W00117,NA,NA,negative
K01,april_2021_arm_1,ento_form_2b_female_anopheles_reared_2220,1,4/12/21,NA,2,5/7/21,5/7/21,Complete,Kinesamo,2,2,K01_2021-04-12_2_2,7,An. funestus,K01 H00118,K01 A00118,K01 W00118,NA,NA,negative
K01,may_2021_arm_1,ento_form_2b_female_anopheles_reared_2220,1,5/10/21,NA,3,6/24/21,6/24/21,Complete,Kinesamo,3,1,K01_2021-05-10_1_3,7,An. funestus,K01 H00156,K01 A00156,K01 W00156,Processed day 8,NA,negative
K01,may_2021_arm_1,ento_form_2b_female_anopheles_reared_2220,1,5/10/21,NA,3,6/24/21,6/24/21,Complete,Kinesamo,3,2,K01_2021-05-10_2_3,7,An. gambiae,K01 H00157,K01 A00157,K01 W00157,Processed day 8,NA,NA
K01,may_2021_arm_1,ento_form_2b_female_anopheles_reared_2220,1,5/10/21,NA,3,6/24/21,6/24/21,Complete,Kinesamo,3,3,K01_2021-05-10_3_3,7,An. gambiae,K01 H00158,K01 A00158,K01 W00158,Processed day 8,NA,negative
K02,june_2020_arm_1,ento_form_2b_female_anopheles_reared_2220,1,6/8/20,NA,1,7/9/20,7/9/20,Complete,Kinesamo,4,1,K02_2020-06-08_1_4,7,An. gambiae,K02 H00114,K02 A00114,K02 W00114,no hind legs,NA,negative
K02,june_2020_arm_1,ento_form_2b_female_anopheles_reared_2220,2,6/8/20,NA,1,7/9/20,7/9/20,Complete,Kinesamo,5,1,K02_2020-06-08_1_5,1,An. gambiae,K02 H00111,K02 A00111,K02 W00111,NA,NA,negative
K02,june_2020_arm_1,ento_form_2b_female_anopheles_reared_2220,3,6/8/20,NA,1,7/9/20,7/9/20,Complete,Kinesamo,6,1,K02_2020-06-08_1_6,1,An. gambiae,K02 H00110,K02 A00110,K02 W00110,NA,NA,negative
K02,october_2020_arm_1,ento_form_2b_female_anopheles_reared_2220,1,10/12/20,NA,4,10/29/20,10/29/20,Complete,Kinesamo,7,1,K02_2020-10-12_1_7,1,An. gambiae,K02 H00129,K02 A00129,K02 W00129,NA,NA,negative
K02,october_2020_arm_1,ento_form_2b_female_anopheles_reared_2220,1,10/12/20,NA,4,10/29/20,10/29/20,Complete,Kinesamo,7,2,K02_2020-10-12_2_7,1,An. funestus,K02 H00130,K02 A00130,K02 W00130,NA,NA,negative
K02,october_2020_arm_1,ento_form_2b_female_anopheles_reared_2220,1,10/12/20,NA,4,10/29/20,10/29/20,Complete,Kinesamo,7,3,K02_2020-10-12_3_7,2,An. funestus,K02 H00131,K02 A00131,K02 W00131,NA,NA,negative
K02,october_2020_arm_1,ento_form_2b_female_anopheles_reared_2220,1,10/12/20,NA,4,10/29/20,10/29/20,Complete,Kinesamo,7,4,K02_2020-10-12_4_7,2,An. gambiae,K02 H00132,K02 A00132,K02 W00132,NA,NA,negative
K02,november_2020_arm_1,ento_form_2b_female_anopheles_reared_2220,1,11/9/20,NA,3,11/30/20,11/30/20,Complete,Kinesamo,8,1,K02_2020-11-09_1_8,1,An. funestus,K02 H00138,K02 A00138,K02 W00138,NA,NA,negative
K02,november_2020_arm_1,ento_form_2b_female_anopheles_reared_2220,1,11/9/20,NA,3,11/30/20,11/30/20,Complete,Kinesamo,8,2,K02_2020-11-09_2_8,1,An. gambiae,K02 H00139,K02 A00139,K02 W00139,NA,NA,negative
K02,november_2020_arm_1,ento_form_2b_female_anopheles_reared_2220,1,11/9/20,NA,3,11/30/20,11/30/20,Complete,Kinesamo,8,3,K02_2020-11-09_3_8,6,An. gambiae,K02 H00140,K02 A00140,K02 W00140,NA,NA,negative
K02,december_2020_arm_1,ento_form_2b_female_anopheles_reared_2220,1,12/7/20,NA,1,12/22/20,12/22/20,Complete,Kinesamo,9,1,K02_2020-12-07_1_9,1,An. gambiae,K02 H00148,K02 A00148,K02 W00148,NA,NA,negative
K02,january_2021_arm_1,ento_form_2b_female_anopheles_reared_2220,1,1/11/21,NA,2,2/17/21,2/17/21,Complete,Kinesamo,10,1,K02_2021-01-11_1_10,1,An. gambiae,K02 H00151,K02 A00151,K02 W00151,NA,NA,negative
K02,january_2021_arm_1,ento_form_2b_female_anopheles_reared_2220,1,1/11/21,NA,2,2/17/21,2/17/21,Complete,Kinesamo,10,2,K02_2021-01-11_2_10,7,An. funestus,K02 H00154,K02 A00154,K02 W00154,NA,NA,negative
K02,feburary_2021_arm_1,ento_form_2b_female_anopheles_reared_2220,1,2/8/21,NA,3,3/8/21,3/8/21,Complete,Kinesamo,11,1,K02_2021-02-08_1_11,1,An. gambiae,K02 H00155,K02 A00155,K02 W00155,NA,NA,negative
K02,feburary_2021_arm_1,ento_form_2b_female_anopheles_reared_2220,1,2/8/21,NA,3,3/8/21,3/8/21,Complete,Kinesamo,11,2,K02_2021-02-08_2_11,7,An. gambiae,K02 H00158,K02 A00158,K02 W00158,No hind legs,NA,negative
K02,feburary_2021_arm_1,ento_form_2b_female_anopheles_reared_2220,1,2/8/21,NA,3,3/8/21,3/8/21,Complete,Kinesamo,11,3,K02_2021-02-08_3_11,7,An. funestus,K02 H00159,K02 A00159,K02 W00159,NA,NA,negative
K02,march_2021_arm_1,ento_form_2b_female_anopheles_reared_2220,1,3/8/21,NA,1,4/7/21,4/7/21,Complete,Kinesamo,12,1,K02_2021-03-08_1_12,7,An. funestus,K02 H00161,K02 A00161,K02 W00161,NA,NA,positive
K02,may_2021_arm_1,ento_form_2b_female_anopheles_reared_2220,1,5/10/21,NA,6,6/24/21,6/24/21,Complete,Kinesamo,13,1,K02_2021-05-10_1_13,1,An. gambiae,K02 H00169,K02 A00169,K02 W00169,NA,NA,negative
K02,may_2021_arm_1,ento_form_2b_female_anopheles_reared_2220,1,5/10/21,NA,6,6/24/21,6/24/21,Complete,Kinesamo,13,2,K02_2021-05-10_2_13,2,An. funestus,K02 H00170,K02 A00170,K02 W00170,Folded wings,NA,negative
K02,may_2021_arm_1,ento_form_2b_female_anopheles_reared_2220,1,5/10/21,NA,6,6/24/21,6/24/21,Complete,Kinesamo,13,3,K02_2021-05-10_3_13,6,An. gambiae,K02 H00171,K02 A00171,K02 W00171,NA,NA,negative
K02,may_2021_arm_1,ento_form_2b_female_anopheles_reared_2220,1,5/10/21,NA,6,6/24/21,6/24/21,Complete,Kinesamo,13,4,K02_2021-05-10_4_13,6,An. gambiae,K02 H00172,K02 A00172,K02 W00172,NA,NA,negative
K02,may_2021_arm_1,ento_form_2b_female_anopheles_reared_2220,1,5/10/21,NA,6,6/24/21,6/24/21,Complete,Kinesamo,13,5,K02_2021-05-10_5_13,7,An. gambiae,K02 H00204,K02 A00204,K02 W00204,Processed day 8,NA,negative
K02,may_2021_arm_1,ento_form_2b_female_anopheles_reared_2220,1,5/10/21,NA,6,6/24/21,6/24/21,Complete,Kinesamo,13,6,K02_2021-05-10_6_13,7,Undetermined,K02 H00205,K02 A00205,K02 W00205,"Processed day 8, very pale sample",NA,negative
K02,june_2021_arm_1,ento_form_2b_female_anopheles_reared_2220,1,6/7/21,NA,6,7/19/21,7/19/21,Complete,Kinesamo,14,1,K02_2021-06-07_1_14,3,Undetermined,K02 H00217,K02 A00217,K02 W00217,NA,NA,negative
K02,june_2021_arm_1,ento_form_2b_female_anopheles_reared_2220,1,6/7/21,NA,6,7/19/21,7/19/21,Complete,Kinesamo,14,2,K02_2021-06-07_2_14,3,An. gambiae,K02 H00218,K02 A00218,K02 W00218,NA,NA,negative
K02,june_2021_arm_1,ento_form_2b_female_anopheles_reared_2220,1,6/7/21,NA,6,7/19/21,7/19/21,Complete,Kinesamo,14,3,K02_2021-06-07_3_14,7,An. gambiae,K02 H00224,K02 A00224,K02 W00224,NA,NA,negative
K02,june_2021_arm_1,ento_form_2b_female_anopheles_reared_2220,1,6/7/21,NA,6,7/19/21,7/19/21,Complete,Kinesamo,14,4,K02_2021-06-07_4_14,7,An. gambiae,K02 H00225,K02 A00225,K02 W00225,NA,NA,negative
K02,june_2021_arm_1,ento_form_2b_female_anopheles_reared_2220,1,6/7/21,NA,6,7/19/21,7/19/21,Complete,Kinesamo,14,5,K02_2021-06-07_5_14,7,An. funestus,K02 H00226,K02 A00226,K02 W00226,NA,NA,negative
K02,june_2021_arm_1,ento_form_2b_female_anopheles_reared_2220,1,6/7/21,NA,6,7/19/21,7/19/21,Complete,Kinesamo,14,6,K02_2021-06-07_6_14,7,An. funestus,K02 H00227,K02 A00227,K02 W00227,NA,NA,negative
K02,july_2021_arm_1,ento_form_2b_female_anopheles_reared_2220,1,7/12/21,NA,3,8/16/21,8/16/21,Complete,Kinesamo,15,1,K02_2021-07-12_1_15,7,An. funestus,K02 H00238,K02 A00238,K02 W00238,NA,NA,negative
K02,july_2021_arm_1,ento_form_2b_female_anopheles_reared_2220,1,7/12/21,NA,3,8/16/21,8/16/21,Complete,Kinesamo,15,2,K02_2021-07-12_2_15,7,An. funestus,K02 H00239,K02 A00239,K02 W00239,NA,NA,negative
K02,july_2021_arm_1,ento_form_2b_female_anopheles_reared_2220,1,7/12/21,NA,3,8/16/21,8/16/21,Complete,Kinesamo,15,3,K02_2021-07-12_3_15,7,An. funestus,K02 H00240,K02 A00240,K02 W00240,NA,NA,negative
K02,november_2021_arm_1,ento_form_2b_female_anopheles_reared_2220,1,11/8/21,NA,1,12/1/21,12/1/21,Complete,Kinesamo,16,1,K02_2021-11-08_1_16,7,An. funestus,K02 H00243,K02 A00243,K02 W00243,NA,NA,negative
K03,october_2020_arm_1,ento_form_2b_female_anopheles_reared_2220,1,10/12/20,NA,1,10/29/20,10/29/20,Complete,Kinesamo,17,1,K03_2020-10-12_1_17,1,An. funestus,K03 H00081,K03 A00081,K03 W00081,NA,NA,negative
K03,january_2021_arm_1,ento_form_2b_female_anopheles_reared_2220,1,1/11/21,NA,1,2/17/21,2/17/21,Complete,Kinesamo,18,1,K03_2021-01-11_1_18,3,An. funestus,K03 H00084,K03 A00084,K03 W00084,NA,NA,negative
K03,june_2021_arm_1,ento_form_2b_female_anopheles_reared_2220,1,6/7/21,NA,2,7/19/21,7/19/21,Complete,Kinesamo,19,1,K03_2021-06-07_1_19,3,An. gambiae,K03 H00109,K03 A00109,K03 W00109,NA,NA,negative
K03,june_2021_arm_1,ento_form_2b_female_anopheles_reared_2220,1,6/7/21,NA,2,7/19/21,7/19/21,Complete,Kinesamo,19,2,K03_2021-06-07_2_19,3,An. gambiae,K03 H00110,K03 A00110,K03 W00110,NA,NA,negative
K03,july_2021_arm_1,ento_form_2b_female_anopheles_reared_2220,1,7/12/21,NA,1,8/16/21,8/16/21,Complete,Kinesamo,20,1,K03_2021-07-12_1_20,7,An. funestus,K03 H00114,K03 A00114,K03 W00114,NA,NA,negative
K03,june_2022_arm_1,ento_form_2b_female_anopheles_reared_2220,1,6/6/22,NA,1,7/5/22,7/5/22,Complete,Kinesamo,21,1,K03_2022-06-06_1_21,2,An. gambiae,K03 H00117,K03 A00117,K03 W00117,NA,NA,NA
K04,june_2020_arm_1,ento_form_2b_female_anopheles_reared_2220,1,6/8/20,NA,1,7/9/20,7/9/20,Complete,Kinesamo,22,1,K04_2020-06-08_1_22,6,An. gambiae,K04 H00021,K04 A00021,K04 W00021,NA,NA,negative
K04,december_2022_arm_1,ento_form_2b_female_anopheles_reared_2220,1,12/5/22,NA,1,1/10/23,1/10/23,Complete,Kinesamo,23,1,K04_2022-12-05_1_23,3,"Other, Specify",K04 H00055,K04 A00055,K04 W00055,NA,An. pretoriensis,NA
K05,june_2020_arm_1,ento_form_2b_female_anopheles_reared_2220,1,6/8/20,NA,2,7/9/20,7/9/20,Complete,Kinesamo,24,1,K05_2020-06-08_1_24,1,An. funestus,K05 H00129,K05 A00129,K05 W00129,NA,NA,negative
K05,june_2020_arm_1,ento_form_2b_female_anopheles_reared_2220,1,6/8/20,NA,2,7/9/20,7/9/20,Complete,Kinesamo,24,2,K05_2020-06-08_2_24,1,An. funestus,K05 H00130,K05 A00130,K05 W00130,NA,NA,negative
K05,october_2020_arm_1,ento_form_2b_female_anopheles_reared_2220,1,10/12/20,NA,1,10/29/20,10/29/20,Complete,Kinesamo,25,1,K05_2020-10-12_1_25,4,Undetermined,K05 H00149,K05 A00149,K05 W00149,Wing features not clear,NA,negative
K05,december_2020_arm_1,ento_form_2b_female_anopheles_reared_2220,1,12/7/20,NA,1,12/22/20,12/22/20,Complete,Kinesamo,26,1,K05_2020-12-07_1_26,1,An. gambiae,K05 H00159,K05 A00159,K05 W00159,NA,NA,negative
K05,january_2021_arm_1,ento_form_2b_female_anopheles_reared_2220,1,1/11/21,NA,1,2/17/21,2/17/21,Complete,Kinesamo,27,1,K05_2021-01-11_1_27,7,An. gambiae,K05 H00163,K05 A00163,K05 W00163,NA,NA,positive
K05,april_2021_arm_1,ento_form_2b_female_anopheles_reared_2220,1,4/12/21,NA,1,5/7/21,5/7/21,Complete,Kinesamo,28,1,K05_2021-04-12_1_28,3,An. gambiae,K05 H00165,K05 A00165,K05 W00165,NA,NA,negative
K05,may_2021_arm_1,ento_form_2b_female_anopheles_reared_2220,1,5/10/21,NA,4,7/19/21,7/19/21,Complete,Kinesamo,29,1,K05_2021-05-10_1_29,7,An. funestus,K05 H00223,K05 A00223,K05 W00223,NA,NA,NA
K05,may_2021_arm_1,ento_form_2b_female_anopheles_reared_2220,1,5/10/21,NA,4,7/19/21,7/19/21,Complete,Kinesamo,29,2,K05_2021-05-10_2_29,7,An. funestus,K05 H00224,K05 A00224,K05 W00224,NA,NA,NA
K05,may_2021_arm_1,ento_form_2b_female_anopheles_reared_2220,1,5/10/21,NA,4,7/19/21,7/19/21,Complete,Kinesamo,29,3,K05_2021-05-10_3_29,7,An. gambiae,K05 H00225,K05 A00225,K05 W00225,NA,NA,NA
K05,may_2021_arm_1,ento_form_2b_female_anopheles_reared_2220,1,5/10/21,NA,4,7/19/21,7/19/21,Complete,Kinesamo,29,4,K05_2021-05-10_4_29,7,An. gambiae,K05 H00226,K05 A00226,K05 W00226,NA,NA,NA
K05,june_2021_arm_1,ento_form_2b_female_anopheles_reared_2220,1,6/7/21,NA,3,7/19/21,7/19/21,Complete,Kinesamo,30,1,K05_2021-06-07_1_30,4,An. gambiae,K05 H00227,K05 A00227,K05 W00227,NA,NA,negative
K05,june_2021_arm_1,ento_form_2b_female_anopheles_reared_2220,1,6/7/21,NA,3,7/19/21,7/19/21,Complete,Kinesamo,30,2,K05_2021-06-07_2_30,4,An. gambiae,K05 H00228,K05 A00228,K05 W00228,NA,NA,negative
K05,june_2021_arm_1,ento_form_2b_female_anopheles_reared_2220,1,6/7/21,NA,3,7/19/21,7/19/21,Complete,Kinesamo,30,3,K05_2021-06-07_3_30,4,An. gambiae,K05 H00229,K05 A00229,K05 W00229,NA,NA,negative
K05,july_2021_arm_1,ento_form_2b_female_anopheles_reared_2220,1,7/12/21,NA,2,8/16/21,8/16/21,Complete,Kinesamo,31,1,K05_2021-07-12_1_31,7,An. funestus,K05 H00239,K05 A00239,K05 W00239,NA,NA,negative
K05,july_2021_arm_1,ento_form_2b_female_anopheles_reared_2220,1,7/12/21,NA,2,8/16/21,8/16/21,Complete,Kinesamo,31,2,K05_2021-07-12_2_31,7,An. funestus,K05 H00240,K05 A00240,K05 W00240,NA,NA,negative
K05,october_2021_arm_1,ento_form_2b_female_anopheles_reared_2220,1,10/14/21,NA,1,11/3/21,11/3/21,Complete,Kinesamo,32,1,K05_2021-10-14_1_32,1,An. funestus,K05 H00244,K05 A00244,K05 W00244,NA,NA,negative
K05,june_2022_arm_1,ento_form_2b_female_anopheles_reared_2220,1,6/6/22,NA,3,7/5/22,7/5/22,Complete,Kinesamo,33,1,K05_2022-06-06_1_33,1,An. gambiae,K05 H00251,K05 A00251,K05 W00251,NA,NA,NA
K05,june_2022_arm_1,ento_form_2b_female_anopheles_reared_2220,1,6/6/22,NA,3,7/5/22,7/5/22,Complete,Kinesamo,33,2,K05_2022-06-06_2_33,1,An. gambiae,K05 A00252,K05 A00252,K05 W00252,NA,NA,NA
K05,june_2022_arm_1,ento_form_2b_female_anopheles_reared_2220,1,6/6/22,NA,3,7/5/22,7/5/22,Complete,Kinesamo,33,3,K05_2022-06-06_3_33,2,An. gambiae,K05 H00253,K05 A00253,K05 W00253,NA,NA,NA
K05,july_2022_arm_1,ento_form_2b_female_anopheles_reared_2220,1,7/4/22,NA,1,8/15/22,8/15/22,Complete,Kinesamo,34,1,K05_2022-07-04_1_34,7,An. funestus,K05 H00255,K05 A00255,K05 W00255,NA,NA,NA
K07,august_2020_arm_1,ento_form_2b_female_anopheles_reared_2220,1,8/10/20,NA,1,9/3/20,9/3/20,Complete,Kinesamo,35,1,K07_2020-08-10_1_35,1,An. gambiae,K07 H00093,K07 A00093,K07 W00093,NA,NA,negative
K07,november_2020_arm_1,ento_form_2b_female_anopheles_reared_2220,1,11/9/20,NA,1,11/30/20,11/30/20,Complete,Kinesamo,36,1,K07_2020-11-09_1_36,6,Undetermined,K07 H00098,K07 A00098,K07 W00098,Very pale sample,NA,negative
K07,feburary_2021_arm_1,ento_form_2b_female_anopheles_reared_2220,1,2/8/21,NA,1,3/8/21,3/8/21,Complete,Kinesamo,37,1,K07_2021-02-08_1_37,1,An. rufipes,K07 H00099,K07 A00099,K07 W00099,NA,NA,negative
K07,may_2021_arm_1,ento_form_2b_female_anopheles_reared_2220,1,5/10/21,NA,2,6/24/21,6/24/21,Complete,Kinesamo,38,1,K07_2021-05-10_1_38,7,An. gambiae,K07 H00114,K07 A00114,K07 W00114,Processed day 8,NA,negative
K07,may_2021_arm_1,ento_form_2b_female_anopheles_reared_2220,1,5/10/21,NA,2,6/24/21,6/24/21,Complete,Kinesamo,38,2,K07_2021-05-10_2_38,7,An. gambiae,K07 H00115,K07 A00115,K07 W00115,Processed day 8,NA,negative
K07,june_2021_arm_1,ento_form_2b_female_anopheles_reared_2220,1,6/7/21,NA,6,7/19/21,7/19/21,Complete,Kinesamo,39,1,K07_2021-06-07_1_39,3,An. gambiae,K07 H00128,K07 A00128,K07 W00128,NA,NA,negative
K07,june_2021_arm_1,ento_form_2b_female_anopheles_reared_2220,1,6/7/21,NA,6,7/19/21,7/19/21,Complete,Kinesamo,39,2,K07_2021-06-07_2_39,3,An. gambiae,K07 H00129,K07 A00129,K07 W00129,NA,NA,negative
K07,june_2021_arm_1,ento_form_2b_female_anopheles_reared_2220,1,6/7/21,NA,6,7/19/21,7/19/21,Complete,Kinesamo,39,3,K07_2021-06-07_3_39,7,An. gambiae,K07 H00135,K07 A00135,K07 W00135,NA,NA,negative
K07,june_2021_arm_1,ento_form_2b_female_anopheles_reared_2220,1,6/7/21,NA,6,7/19/21,7/19/21,Complete,Kinesamo,39,4,K07_2021-06-07_4_39,7,An. funestus,K07 H00136,K07 A00136,K07 W00136,NA,NA,negative
K07,june_2021_arm_1,ento_form_2b_female_anopheles_reared_2220,1,6/7/21,NA,6,7/19/21,7/19/21,Complete,Kinesamo,39,5,K07_2021-06-07_5_39,7,An. funestus,K07 H00137,K07 A00137,K07 W00137,NA,NA,negative
K07,june_2021_arm_1,ento_form_2b_female_anopheles_reared_2220,1,6/7/21,NA,6,7/19/21,7/19/21,Complete,Kinesamo,39,6,K07_2021-06-07_6_39,7,An. funestus,K07 H00138,K07 A00138,K07 W00138,NA,NA,negative
K07,june_2022_arm_1,ento_form_2b_female_anopheles_reared_2220,1,6/6/22,NA,1,7/5/22,7/5/22,Complete,Kinesamo,40,1,K07_2022-06-06_1_40,1,An. gambiae,K07 H00145,K07 A00145,K07 W00145,NA,NA,NA
K07,july_2022_arm_1,ento_form_2b_female_anopheles_reared_2220,1,7/4/22,NA,2,8/5/22,8/5/22,Complete,Kinesamo,41,1,K07_2022-07-04_1_41,1,An. gambiae,K07 H00148,K07 A00148,K07 W00148,NA,NA,NA
K07,july_2022_arm_1,ento_form_2b_female_anopheles_reared_2220,1,7/4/22,NA,2,8/5/22,8/5/22,Complete,Kinesamo,41,2,K07_2022-07-04_2_41,3,An. gambiae,K07 H00149,K07 A00149,K07 W00149,NA,NA,NA
K09,march_2021_arm_1,ento_form_2b_female_anopheles_reared_2220,1,3/8/21,NA,1,4/7/21,4/7/21,Complete,Kinesamo,42,1,K09_2021-03-08_1_42,7,An. funestus,K09 H00053,K09 A00053,K09 W00053,NA,NA,negative
K09,may_2021_arm_1,ento_form_2b_female_anopheles_reared_2220,1,5/10/21,NA,1,6/24/21,6/24/21,Complete,Kinesamo,43,1,K09_2021-05-10_1_43,6,An. gambiae,K09 H00058,K09 A00058,K09 W00058,NA,NA,negative
K09,june_2021_arm_1,ento_form_2b_female_anopheles_reared_2220,1,6/7/21,NA,3,7/19/21,7/19/21,Complete,Kinesamo,44,1,K09_2021-06-07_1_44,7,An. gambiae,K09 H00068,K09 A00068,K09 W00068,NA,NA,negative
K09,june_2021_arm_1,ento_form_2b_female_anopheles_reared_2220,1,6/7/21,NA,3,7/19/21,7/19/21,Complete,Kinesamo,44,2,K09_2021-06-07_2_44,7,An. gambiae,K09 H00069,K09 A00069,K09 W00069,NA,NA,negative
K09,june_2021_arm_1,ento_form_2b_female_anopheles_reared_2220,1,6/7/21,NA,3,7/19/21,7/19/21,Complete,Kinesamo,44,3,K09_2021-06-07_3_44,7,An. gambiae,K09 H00070,K09 A00070,K09 W00070,NA,NA,negative
K09,july_2022_arm_1,ento_form_2b_female_anopheles_reared_2220,1,7/4/22,NA,1,8/5/22,8/5/22,Complete,Kinesamo,45,1,K09_2022-07-04_1_45,3,An. gambiae,K09 H00073,K09 A00073,K09 W00073,NA,NA,NA
K10,june_2020_arm_1,ento_form_2b_female_anopheles_reared_2220,1,6/8/20,NA,1,7/9/20,7/9/20,Complete,Kinesamo,46,1,K10_2020-06-08_1_46,6,An. gambiae,K10 H00063,K10 A00063,K10 W00063,NA,NA,negative
K10,december_2020_arm_1,ento_form_2b_female_anopheles_reared_2220,1,12/7/20,NA,1,12/22/20,12/22/20,Complete,Kinesamo,47,1,K10_2020-12-07_1_47,1,An. funestus,K10 H00068,K10 A00068,K10 W00068,NA,NA,negative
K10,march_2021_arm_1,ento_form_2b_female_anopheles_reared_2220,1,3/8/21,NA,1,4/7/21,4/7/21,Complete,Kinesamo,48,1,K10_2021-03-08_1_48,1,An. gambiae,K10 H00078,K10 A00078,K10 W00078,NA,NA,negative
K10,may_2021_arm_1,ento_form_2b_female_anopheles_reared_2220,1,5/10/21,NA,1,6/24/21,6/24/21,Complete,Kinesamo,49,1,K10_2021-05-10_1_49,7,An. gambiae,K10 H00099,K10 A00099,K10 W00099,Processed day 8,NA,negative
K10,june_2021_arm_1,ento_form_2b_female_anopheles_reared_2220,1,6/7/21,NA,6,7/19/21,7/19/21,Complete,Kinesamo,50,1,K10_2021-06-07_1_50,7,An. gambiae,K10 H00121,K10 A00121,K10 W00121,NA,NA,negative
K10,june_2021_arm_1,ento_form_2b_female_anopheles_reared_2220,1,6/7/21,NA,6,7/19/21,7/19/21,Complete,Kinesamo,50,2,K10_2021-06-07_2_50,7,An. gambiae,K10 H00122,K10 A00122,K10 W00122,NA,NA,negative
K10,june_2021_arm_1,ento_form_2b_female_anopheles_reared_2220,1,6/7/21,NA,6,7/19/21,7/19/21,Complete,Kinesamo,50,3,K10_2021-06-07_3_50,7,An. gambiae,K10 H00123,K10 A00123,K10 W00123,NA,NA,negative
K10,june_2021_arm_1,ento_form_2b_female_anopheles_reared_2220,1,6/7/21,NA,6,7/19/21,7/19/21,Complete,Kinesamo,50,4,K10_2021-06-07_4_50,7,An. gambiae,K10 H00124,K10 A00124,K10 W00124,NA,NA,negative
K10,june_2021_arm_1,ento_form_2b_female_anopheles_reared_2220,1,6/7/21,NA,6,7/19/21,7/19/21,Complete,Kinesamo,50,5,K10_2021-06-07_5_50,7,An. gambiae,K10 H00125,K10 A00125,K10 W00125,NA,NA,negative
K10,june_2021_arm_1,ento_form_2b_female_anopheles_reared_2220,1,6/7/21,NA,6,7/19/21,7/19/21,Complete,Kinesamo,50,6,K10_2021-06-07_6_50,7,An. gambiae,K10 H00126,K10 A00126,K10 W00126,NA,NA,negative
K10,june_2022_arm_1,ento_form_2b_female_anopheles_reared_2220,1,6/6/22,NA,1,7/5/22,7/5/22,Complete,Kinesamo,51,1,K10_2022-06-06_1_51,1,An. gambiae,K10 H00132,K10 A00132,K10 W00132,NA,NA,NA
K11,june_2020_arm_1,ento_form_2b_female_anopheles_reared_2220,1,6/8/20,NA,1,7/9/20,7/9/20,Complete,Kinesamo,52,1,K11_2020-06-08_1_52,3,An. gambiae,K11 H00037,K11 A00037,K11 W00037,NA,NA,negative
K11,october_2020_arm_1,ento_form_2b_female_anopheles_reared_2220,1,10/12/20,NA,1,10/29/20,10/29/20,Complete,Kinesamo,53,1,K11_2020-10-12_1_53,2,An. gambiae,K11 H00041,K11 A00041,K11 W00041,NA,NA,negative
K11,feburary_2021_arm_1,ento_form_2b_female_anopheles_reared_2220,1,2/8/21,NA,1,3/8/21,3/8/21,Complete,Kinesamo,54,1,K11_2021-02-08_1_54,7,An. gambiae,K11 H00050,K11 A00050,K11 W00050,NA,NA,negative
K11,may_2021_arm_1,ento_form_2b_female_anopheles_reared_2220,1,5/10/21,NA,5,6/24/21,6/24/21,Complete,Kinesamo,55,1,K11_2021-05-10_1_55,0,An. gambiae,K11 H00060,K11 A00060,K11 W00060,NA,NA,negative
K11,may_2021_arm_1,ento_form_2b_female_anopheles_reared_2220,1,5/10/21,NA,5,6/24/21,6/24/21,Complete,Kinesamo,55,2,K11_2021-05-10_2_55,0,An. gambiae,K11 H00061,K11 A00061,K11 W00061,NA,NA,negative
K11,may_2021_arm_1,ento_form_2b_female_anopheles_reared_2220,1,5/10/21,NA,5,6/24/21,6/24/21,Complete,Kinesamo,55,3,K11_2021-05-10_3_55,0,An. gambiae,K11 H00062,K11 A00062,K11 W00062,No hind leg,NA,negative
K11,may_2021_arm_1,ento_form_2b_female_anopheles_reared_2220,1,5/10/21,NA,5,6/24/21,6/24/21,Complete,Kinesamo,55,4,K11_2021-05-10_4_55,0,An. funestus,K11 H00063,K11 A00063,K11 W00063,NA,NA,negative
K11,may_2021_arm_1,ento_form_2b_female_anopheles_reared_2220,1,5/10/21,NA,5,6/24/21,6/24/21,Complete,Kinesamo,55,5,K11_2021-05-10_5_55,1,An. gambiae,K11 H00064,K11 A00064,K11 W00064,NA,NA,negative
K11,june_2021_arm_1,ento_form_2b_female_anopheles_reared_2220,1,6/7/21,NA,3,7/19/21,7/19/21,Complete,Kinesamo,56,1,K11_2021-06-07_1_56,7,An. gambiae,K11 H00082,K11 A00082,K11 W00082,NA,NA,negative
K11,june_2021_arm_1,ento_form_2b_female_anopheles_reared_2220,1,6/7/21,NA,3,7/19/21,7/19/21,Complete,Kinesamo,56,2,K11_2021-06-07_2_56,7,An. gambiae,K11 H00083,K11 A00083,K11 W00083,NA,NA,negative
K11,june_2021_arm_1,ento_form_2b_female_anopheles_reared_2220,1,6/7/21,NA,3,7/19/21,7/19/21,Complete,Kinesamo,56,3,K11_2021-06-07_3_56,7,An. gambiae,K11 H00084,K11 A00084,K11 W00084,NA,NA,negative
K11,june_2022_arm_1,ento_form_2b_female_anopheles_reared_2220,1,6/6/22,NA,1,7/5/22,7/5/22,Complete,Kinesamo,57,1,K11_2022-06-06_1_57,2,An. gambiae,K11 H00096,K11 A00096,K11 W00096,NA,NA,NA
K11,december_2022_arm_1,ento_form_2b_female_anopheles_reared_2220,1,12/5/22,NA,1,1/10/23,1/10/23,Complete,Kinesamo,58,1,K11_2022-12-05_1_58,3,An. gambiae,K11 H00098,K11 A00098,K11 W00098,NA,NA,NA
K12,june_2020_arm_1,ento_form_2b_female_anopheles_reared_2220,1,6/8/20,NA,2,7/9/20,7/9/20,Complete,Kinesamo,59,1,K12_2020-06-08_1_59,3,An. gambiae,K12 H00089,K12 A00089,K12 W00089,NA,NA,negative
K12,june_2020_arm_1,ento_form_2b_female_anopheles_reared_2220,1,6/8/20,NA,2,7/9/20,7/9/20,Complete,Kinesamo,59,2,K12_2020-06-08_2_59,7,Undetermined,K12 H00093,K12 A00093,K12 W00093,Very pale,NA,negative
K12,april_2021_arm_1,ento_form_2b_female_anopheles_reared_2220,1,4/12/21,NA,2,5/7/21,5/7/21,Complete,Kinesamo,60,1,K12_2021-04-12_1_60,3,An. gambiae,K12 H00121,K12 A00121,K12 W00121,NA,NA,negative
K12,april_2021_arm_1,ento_form_2b_female_anopheles_reared_2220,1,4/12/21,NA,2,5/7/21,5/7/21,Complete,Kinesamo,60,2,K12_2021-04-12_2_60,7,An. gambiae,K12 H00124,K12 A00124,K12 W00124,NA,NA,negative
K12,may_2021_arm_1,ento_form_2b_female_anopheles_reared_2220,1,5/10/21,NA,1,6/24/21,6/24/21,Complete,Kinesamo,61,1,K12_2021-05-10_1_61,7,An. gambiae,K12 H00141,K12 A00141,K12 W00141,Processed day 8,NA,negative
K12,june_2021_arm_1,ento_form_2b_female_anopheles_reared_2220,1,6/7/21,NA,9,7/19/21,7/19/21,Complete,Kinesamo,62,1,K12_2021-06-07_1_62,3,An. gambiae,K12 H00150,K12 A00150,K12 W00150,NA,NA,negative
K12,june_2021_arm_1,ento_form_2b_female_anopheles_reared_2220,1,6/7/21,NA,9,7/19/21,7/19/21,Complete,Kinesamo,62,2,K12_2021-06-07_2_62,7,An. gambiae,K12 H00157,K12 A00157,K12 W00157,NA,NA,negative
K12,june_2021_arm_1,ento_form_2b_female_anopheles_reared_2220,1,6/7/21,NA,9,7/19/21,7/19/21,Complete,Kinesamo,62,3,K12_2021-06-07_3_62,7,An. gambiae,K12 H00158,K12 A00158,K12 W00158,NA,NA,negative
K12,june_2021_arm_1,ento_form_2b_female_anopheles_reared_2220,1,6/7/21,NA,9,7/19/21,7/19/21,Complete,Kinesamo,62,4,K12_2021-06-07_4_62,7,An. gambiae,K12 H00159,K12 A00159,K12 W00159,NA,NA,negative
K12,june_2021_arm_1,ento_form_2b_female_anopheles_reared_2220,1,6/7/21,NA,9,7/19/21,7/19/21,Complete,Kinesamo,62,5,K12_2021-06-07_5_62,7,An. gambiae,K12 H00160,K12 A00160,K12 W00160,NA,NA,negative
K12,june_2021_arm_1,ento_form_2b_female_anopheles_reared_2220,1,6/7/21,NA,9,7/19/21,7/19/21,Complete,Kinesamo,62,6,K12_2021-06-07_6_62,7,An. funestus,K12 H00161,K12 A00161,K12 W00161,NA,NA,negative
K12,june_2021_arm_1,ento_form_2b_female_anopheles_reared_2220,1,6/7/21,NA,9,7/19/21,7/19/21,Complete,Kinesamo,62,7,K12_2021-06-07_7_62,7,An. gambiae,K12 H00162,K12 A00162,K12 W00162,NA,NA,negative
K12,june_2021_arm_1,ento_form_2b_female_anopheles_reared_2220,1,6/7/21,NA,9,7/19/21,7/19/21,Complete,Kinesamo,62,8,K12_2021-06-07_8_62,7,An. gambiae,K12 H00163,K12 A00163,K12 W00163,NA,NA,negative
K12,june_2021_arm_1,ento_form_2b_female_anopheles_reared_2220,1,6/7/21,NA,9,7/19/21,7/19/21,Complete,Kinesamo,62,9,K12_2021-06-07_9_62,7,An. gambiae,K12 H00164,K12 A00164,K12 W00164,NA,NA,negative
K12,july_2021_arm_1,ento_form_2b_female_anopheles_reared_2220,1,7/12/21,NA,1,8/16/21,8/16/21,Complete,Kinesamo,63,1,K12_2021-07-12_1_63,1,An. gambiae,K12 H00170,K12 A00170,K12 W00170,NA,NA,negative
K12,october_2021_arm_1,ento_form_2b_female_anopheles_reared_2220,1,10/14/21,NA,1,11/3/21,11/3/21,Complete,Kinesamo,64,1,K12_2021-10-14_1_64,1,An. gambiae,K12 H00174,K12 A00174,K12 W00174,NA,NA,negative
K12,june_2022_arm_1,ento_form_2b_female_anopheles_reared_2220,1,6/6/22,NA,1,7/5/22,7/5/22,Complete,Kinesamo,65,1,K12_2022-06-06_1_65,1,An. gambiae,K12 H00182,K12 A00182,K12 W00182,No hind legs,NA,NA
K12,september_2022_arm_1,ento_form_2b_female_anopheles_reared_2220,1,9/5/22,NA,1,10/13/22,10/13/22,Complete,Kinesamo,66,1,K12_2022-09-05_1_66,7,An. funestus,K12 H00184,K12 A00184,K12 W00184,NA,NA,NA
K13,feburary_2021_arm_1,ento_form_2b_female_anopheles_reared_2220,1,2/8/21,NA,1,3/8/21,3/8/21,Complete,Kinesamo,67,1,K13_2021-02-08_1_67,7,An. funestus,K13 H00085,K13 A00085,K13 W00085,NA,NA,negative
K13,april_2021_arm_1,ento_form_2b_female_anopheles_reared_2220,1,4/12/21,NA,1,5/7/21,5/7/21,Complete,Kinesamo,68,1,K13_2021-04-12_1_68,7,An. gambiae,K13 H00093,K13 A00093,K13 W00093,NA,NA,negative
K13,may_2021_arm_1,ento_form_2b_female_anopheles_reared_2220,1,5/10/21,NA,10,6/24/21,6/24/21,Complete,Kinesamo,69,1,K13_2021-05-10_1_69,1,An. funestus,K13 H00107,K13 A00107,K13 W00107,No hind legs,NA,negative
K13,may_2021_arm_1,ento_form_2b_female_anopheles_reared_2220,1,5/10/21,NA,10,6/24/21,6/24/21,Complete,Kinesamo,69,2,K13_2021-05-10_2_69,1,An. funestus,K13 H00108,K13 A00108,K13 W00108,NA,NA,negative
K13,may_2021_arm_1,ento_form_2b_female_anopheles_reared_2220,1,5/10/21,NA,10,6/24/21,6/24/21,Complete,Kinesamo,69,3,K13_2021-05-10_3_69,1,An. funestus,K13 H00109,K13 A00109,K13 W00109,No hind legs,NA,positive
K13,may_2021_arm_1,ento_form_2b_female_anopheles_reared_2220,1,5/10/21,NA,10,6/24/21,6/24/21,Complete,Kinesamo,69,4,K13_2021-05-10_4_69,1,An. funestus,K13 H00110,K13 A00110,K13 W00110,NA,NA,negative
K13,may_2021_arm_1,ento_form_2b_female_anopheles_reared_2220,1,5/10/21,NA,10,6/24/21,6/24/21,Complete,Kinesamo,69,5,K13_2021-05-10_5_69,1,An. funestus,K13 H00111,K13 A00111,K13 W00111,NA,NA,negative
K13,may_2021_arm_1,ento_form_2b_female_anopheles_reared_2220,1,5/10/21,NA,10,6/24/21,6/24/21,Complete,Kinesamo,69,6,K13_2021-05-10_6_69,1,An. gambiae,K13 H00112,K13 A00112,K13 W00112,NA,NA,negative
K13,may_2021_arm_1,ento_form_2b_female_anopheles_reared_2220,1,5/10/21,NA,10,6/24/21,6/24/21,Complete,Kinesamo,69,7,K13_2021-05-10_7_69,1,An. gambiae,K13 H00113,K13 A00113,K13 W00113,Broken pulps,NA,negative
K13,may_2021_arm_1,ento_form_2b_female_anopheles_reared_2220,1,5/10/21,NA,10,6/24/21,6/24/21,Complete,Kinesamo,69,8,K13_2021-05-10_8_69,1,An. funestus,K13 H00114,K13 A00114,K13 W00114,NA,NA,negative
K13,may_2021_arm_1,ento_form_2b_female_anopheles_reared_2220,1,5/10/21,NA,10,6/24/21,6/24/21,Complete,Kinesamo,69,9,K13_2021-05-10_9_69,1,An. funestus,K13 H00115,K13 A00115,K13 W00115,NA,NA,negative
K13,may_2021_arm_1,ento_form_2b_female_anopheles_reared_2220,1,5/10/21,NA,10,6/24/21,6/24/21,Complete,Kinesamo,69,10,K13_2021-05-10_10_69,1,An. funestus,K13 H00116,K13 A00116,K13 W00116,No hind legs,NA,negative
K13,june_2021_arm_1,ento_form_2b_female_anopheles_reared_2220,1,6/7/21,NA,9,7/19/21,7/19/21,Complete,Kinesamo,70,1,K13_2021-06-07_1_70,3,An. gambiae,K13 H00209,K13 A00209,K13 W00209,NA,NA,negative
K13,june_2021_arm_1,ento_form_2b_female_anopheles_reared_2220,1,6/7/21,NA,9,7/19/21,7/19/21,Complete,Kinesamo,70,2,K13_2021-06-07_2_70,3,An. gambiae,K13 H00210,K13 A00210,K13 W00210,NA,NA,negative
K13,june_2021_arm_1,ento_form_2b_female_anopheles_reared_2220,1,6/7/21,NA,9,7/19/21,7/19/21,Complete,Kinesamo,70,3,K13_2021-06-07_3_70,7,An. funestus,K13 H00219,K13 A00219,K13 W00219,NA,NA,negative
K13,june_2021_arm_1,ento_form_2b_female_anopheles_reared_2220,1,6/7/21,NA,9,7/19/21,7/19/21,Complete,Kinesamo,70,4,K13_2021-06-07_4_70,7,An. gambiae,K13 H00220,K13 A00220,K13 W00220,NA,NA,negative
K13,june_2021_arm_1,ento_form_2b_female_anopheles_reared_2220,1,6/7/21,NA,9,7/19/21,7/19/21,Complete,Kinesamo,70,5,K13_2021-06-07_5_70,7,An. gambiae,K13 H00221,K13 A00221,K13 W00221,NA,NA,negative
K13,june_2021_arm_1,ento_form_2b_female_anopheles_reared_2220,1,6/7/21,NA,9,7/19/21,7/19/21,Complete,Kinesamo,70,6,K13_2021-06-07_6_70,7,An. funestus,K13 H00222,K13 A00222,K13 W00222,NA,NA,negative
K13,june_2021_arm_1,ento_form_2b_female_anopheles_reared_2220,1,6/7/21,NA,9,7/19/21,7/19/21,Complete,Kinesamo,70,7,K13_2021-06-07_7_70,7,An. gambiae,K13 H00223,K13 A00223,K13 W00223,NA,NA,negative
K13,june_2021_arm_1,ento_form_2b_female_anopheles_reared_2220,1,6/7/21,NA,9,7/19/21,7/19/21,Complete,Kinesamo,70,8,K13_2021-06-07_8_70,7,An. gambiae,K13 H00224,K13 A00224,K13 W00224,NA,NA,negative
K13,june_2021_arm_1,ento_form_2b_female_anopheles_reared_2220,1,6/7/21,NA,9,7/19/21,7/19/21,Complete,Kinesamo,70,9,K13_2021-06-07_9_70,7,An. gambiae,K13 H00225,K13 A00225,K13 W00225,NA,NA,negative
K13,july_2021_arm_1,ento_form_2b_female_anopheles_reared_2220,1,7/12/21,NA,1,8/16/21,8/16/21,Complete,Kinesamo,71,1,K13_2021-07-12_1_71,7,An. funestus,K13 H00234,K13 A00234,K13 W00234,NA,NA,negative
K13,july_2022_arm_1,ento_form_2b_female_anopheles_reared_2220,1,7/4/22,NA,1,8/8/22,8/8/22,Complete,Kinesamo,72,1,K13_2022-07-04_1_72,3,An. funestus,K13 H00239,K13 A00239,K13 W00239,NA,NA,NA
K14,march_2020_arm_1,ento_form_2b_female_anopheles_reared_2220,1,3/9/20,NA,1,4/23/20,4/23/20,Complete,Kinesamo,73,1,K14_2020-03-09_1_73,0,An. gambiae,K14 H00073,K14 A00073,K14 W00073,NA,NA,negative
K14,may_2021_arm_1,ento_form_2b_female_anopheles_reared_2220,1,5/10/21,NA,1,6/24/21,6/24/21,Complete,Kinesamo,74,1,K14_2021-05-10_1_74,7,An. funestus,K14 H00106,K14 A00106,K14 W00106,Processed day 8,NA,negative
K15,february_2020_arm_1,ento_form_2b_female_anopheles_reared_2220,1,2/10/20,NA,2,4/23/20,4/23/20,Complete,Kinesamo,75,1,K15_2020-02-10_1_75,2,An. gambiae,K15 H00004,K15 A00004,K15 W00004,NA,NA,NA
K15,february_2020_arm_1,ento_form_2b_female_anopheles_reared_2220,1,2/10/20,NA,2,4/23/20,4/23/20,Complete,Kinesamo,75,2,K15_2020-02-10_2_75,7,An. gambiae,K15 H00005,K15 A00005,K15 W00005,NA,NA,negative
K15,october_2020_arm_1,ento_form_2b_female_anopheles_reared_2220,1,10/12/20,NA,1,10/29/20,10/29/20,Complete,Kinesamo,76,1,K15_2020-10-12_1_76,2,An. gambiae,K15 H00010,K15 A00010,K15 W00010,NA,NA,negative
K15,feburary_2021_arm_1,ento_form_2b_female_anopheles_reared_2220,1,2/8/21,NA,1,3/8/21,3/8/21,Complete,Kinesamo,77,1,K15_2021-02-08_1_77,1,An. funestus,K15 H00012,K15 A00012,K15 W00012,NA,NA,negative
K15,march_2021_arm_1,ento_form_2b_female_anopheles_reared_2220,1,3/8/21,NA,1,4/7/21,4/7/21,Complete,Kinesamo,78,1,K15_2021-03-08_1_78,7,An. funestus,K15 H00013,K15 A00013,K15 W00013,NA,NA,negative
K15,may_2021_arm_1,ento_form_2b_female_anopheles_reared_2220,1,5/10/21,NA,4,6/24/21,6/24/21,Complete,Kinesamo,79,1,K15_2021-05-10_1_79,6,An. gambiae,K15 H00014,K15 A00014,K15 W00014,NA,NA,negative
K15,may_2021_arm_1,ento_form_2b_female_anopheles_reared_2220,1,5/10/21,NA,4,6/24/21,6/24/21,Complete,Kinesamo,79,2,K15_2021-05-10_2_79,6,An. gambiae,K15 H00015,K15 A00015,K15 W00015,NA,NA,negative
K15,may_2021_arm_1,ento_form_2b_female_anopheles_reared_2220,1,5/10/21,NA,4,6/24/21,6/24/21,Complete,Kinesamo,79,3,K15_2021-05-10_3_79,6,An. funestus,K15 H00016,K15 A00016,K15 W00016,NA,NA,negative
K15,may_2021_arm_1,ento_form_2b_female_anopheles_reared_2220,1,5/10/21,NA,4,6/24/21,6/24/21,Complete,Kinesamo,79,4,K15_2021-05-10_4_79,7,An. funestus,K15 H00029,K15 A00029,K15 W00029,Processed day 8,NA,negative
K15,june_2021_arm_1,ento_form_2b_female_anopheles_reared_2220,1,6/7/21,NA,3,7/19/21,7/19/21,Complete,Kinesamo,80,1,K15_2021-06-07_1_80,7,An. gambiae,K15 H00046,K15 A00046,K15 W00046,NA,NA,NA
K15,june_2021_arm_1,ento_form_2b_female_anopheles_reared_2220,1,6/7/21,NA,3,7/19/21,7/19/21,Complete,Kinesamo,80,2,K15_2021-06-07_2_80,7,An. gambiae,K15 H00047,K15 A00047,K15 W00047,NA,NA,negative
K15,june_2021_arm_1,ento_form_2b_female_anopheles_reared_2220,1,6/7/21,NA,3,7/19/21,7/19/21,Complete,Kinesamo,80,3,K15_2021-06-07_3_80,7,An. funestus,K15 H00048,K15 A00048,K15 W00048,NA,NA,negative
K16,september_2020_arm_1,ento_form_2b_female_anopheles_reared_2220,1,9/7/20,NA,1,9/30/20,9/30/20,Complete,Kinesamo,81,1,K16_2020-09-07_1_81,3,An. funestus,K16 H00001,K16 A00001,K16 W00001,NA,NA,negative
K16,may_2021_arm_1,ento_form_2b_female_anopheles_reared_2220,1,5/10/21,NA,3,6/24/21,6/24/21,Complete,Kinesamo,82,1,K16_2021-05-10_1_82,6,An. gambiae,K16 H00012,K16 A00012,K16 W00012,NA,NA,positive
K16,may_2021_arm_1,ento_form_2b_female_anopheles_reared_2220,1,5/10/21,NA,3,6/24/21,6/24/21,Complete,Kinesamo,82,2,K16_2021-05-10_2_82,6,An. gambiae,K16 H00013,K16 A00013,K16 W00013,NA,NA,positive
K16,may_2021_arm_1,ento_form_2b_female_anopheles_reared_2220,1,5/10/21,NA,3,6/24/21,6/24/21,Complete,Kinesamo,82,3,K16_2021-05-10_3_82,6,An. gambiae,K16 H00014,K16 A00014,K16 W00014,NA,NA,negative
K16,june_2021_arm_1,ento_form_2b_female_anopheles_reared_2220,1,6/7/21,NA,1,7/19/21,7/19/21,Complete,Kinesamo,83,1,K16_2021-06-07_1_83,3,An. gambiae,K16 H00022,K16 A00022,K16 W00022,NA,NA,negative
K17,october_2020_arm_1,ento_form_2b_female_anopheles_reared_2220,1,10/12/20,NA,2,10/29/20,10/29/20,Complete,Kinesamo,84,1,K17_2020-10-12_1_84,1,An. funestus,K17 H00001,K17 A00001,K17 W00001,NA,NA,negative
K17,october_2020_arm_1,ento_form_2b_female_anopheles_reared_2220,1,10/12/20,NA,2,10/29/20,10/29/20,Complete,Kinesamo,84,2,K17_2020-10-12_2_84,7,Undetermined,K17 H00002,K17 A00002,K17 W00002,Very pale,NA,negative
L01,march_2021_arm_1,ento_form_2b_female_anopheles_reared_2220,1,3/19/21,NA,4,4/7/21,4/7/21,Complete,Lurare,85,1,L01_2021-03-19_1_85,2,An. funestus,L01 H00002,L01 A00002,L01 W00002,NA,NA,negative
L01,march_2021_arm_1,ento_form_2b_female_anopheles_reared_2220,1,3/19/21,NA,4,4/7/21,4/7/21,Complete,Lurare,85,2,L01_2021-03-19_2_85,2,An. funestus,L01 H00003,L01 A00003,L01 W00003,NA,NA,negative
L01,march_2021_arm_1,ento_form_2b_female_anopheles_reared_2220,1,3/19/21,NA,4,4/7/21,4/7/21,Complete,Lurare,85,3,L01_2021-03-19_3_85,4,An. funestus,L01 H00004,L01 A00004,L01 W00004,NA,NA,negative
L01,march_2021_arm_1,ento_form_2b_female_anopheles_reared_2220,1,3/19/21,NA,4,4/7/21,4/7/21,Complete,Lurare,85,4,L01_2021-03-19_4_85,4,An. funestus,L01 H00005,L01 A00005,L01 W00005,NA,NA,negative
L01,april_2021_arm_1,ento_form_2b_female_anopheles_reared_2220,1,4/23/21,NA,1,5/7/21,5/7/21,Complete,Lurare,86,1,L01_2021-04-23_1_86,5,An. gambiae,L01 H00012,L01 A00012,L01 W00012,NA,NA,negative
L02,june_2020_arm_1,ento_form_2b_female_anopheles_reared_2220,1,6/19/20,NA,1,7/8/20,7/8/20,Complete,Lurare,87,1,L02_2020-06-19_1_87,3,An. gambiae,L02 H00001,L02 A00001,L02 W00001,NA,NA,negative
L02,feburary_2021_arm_1,ento_form_2b_female_anopheles_reared_2220,1,2/19/21,NA,1,3/16/21,3/16/21,Complete,Lurare,88,1,L02_2021-02-19_1_88,7,An. gambiae,L02 H00003,L02 A00003,L02 W00003,NA,NA,negative
L02,april_2021_arm_1,ento_form_2b_female_anopheles_reared_2220,1,4/23/21,NA,1,5/7/21,5/7/21,Complete,Lurare,89,1,L02_2021-04-23_1_89,5,An. gambiae,L02 H00045,L02 A00045,L02 W00045,NA,NA,negative
L02,may_2021_arm_1,ento_form_2b_female_anopheles_reared_2220,1,5/21/21,NA,1,6/23/21,6/23/21,Complete,Lurare,90,1,L02_2021-05-21_1_90,7,An. gambiae,L02 H00048,L02 A00048,L02 W00048,NA,NA,negative
L03,june_2020_arm_1,ento_form_2b_female_anopheles_reared_2220,1,6/19/20,NA,1,7/8/20,7/8/20,Complete,Lurare,91,1,L03_2020-06-19_1_91,2,Undetermined,L03 H00002,L03 A00002,L03 W00002,Very pale sample,NA,negative
L03,july_2020_arm_1,ento_form_2b_female_anopheles_reared_2220,1,7/24/20,NA,1,8/14/20,8/14/20,Complete,Lurare,92,1,L03_2020-07-24_1_92,3,An. gambiae,L03 H00004,L03 A00004,L03 W00004,NA,NA,negative
L04,january_2021_arm_1,ento_form_2b_female_anopheles_reared_2220,1,1/22/21,NA,1,3/16/21,3/16/21,Complete,Lurare,93,1,L04_2021-01-22_1_93,7,An. gambiae,L04 H00004,L04 A00004,L04 W00004,NA,NA,negative
L05,feburary_2021_arm_1,ento_form_2b_female_anopheles_reared_2220,1,2/19/21,NA,1,3/16/21,3/16/21,Complete,Lurare,94,1,L05_2021-02-19_1_94,7,An. gambiae,L05 H00004,L05 A00004,L05 W00004,NA,NA,negative
L05,march_2021_arm_1,ento_form_2b_female_anopheles_reared_2220,1,3/19/21,NA,2,4/7/21,4/7/21,Complete,Lurare,95,1,L05_2021-03-19_1_95,3,An. funestus,L05 H00008,L05 A00008,L05 W00008,NA,NA,negative
L05,march_2021_arm_1,ento_form_2b_female_anopheles_reared_2220,1,3/19/21,NA,2,4/7/21,4/7/21,Complete,Lurare,95,2,L05_2021-03-19_2_95,7,An. funestus,L05 H00011,L05 A00011,L05 W00011,NA,NA,negative
L05,may_2021_arm_1,ento_form_2b_female_anopheles_reared_2220,1,5/21/21,NA,6,6/23/21,6/23/21,Complete,Lurare,96,1,L05_2021-05-21_1_96,7,An. gambiae,L05 H00021,L05 A00021,L05 W00021,NA,NA,negative
L05,may_2021_arm_1,ento_form_2b_female_anopheles_reared_2220,1,5/21/21,NA,6,6/23/21,6/23/21,Complete,Lurare,96,2,L05_2021-05-21_2_96,7,An. gambiae,L05 H00022,L05 A00022,L05 W00022,NA,NA,negative
L05,may_2021_arm_1,ento_form_2b_female_anopheles_reared_2220,1,5/21/21,NA,6,6/23/21,6/23/21,Complete,Lurare,96,3,L05_2021-05-21_3_96,7,An. gambiae,L05 H00023,L05 A00023,L05 W00023,Wings disappeared,NA,negative
L05,may_2021_arm_1,ento_form_2b_female_anopheles_reared_2220,1,5/21/21,NA,6,6/23/21,6/23/21,Complete,Lurare,96,4,L05_2021-05-21_4_96,7,An. gambiae,L05 H00024,L05 A00024,L05 W00024,NA,NA,negative
L05,may_2021_arm_1,ento_form_2b_female_anopheles_reared_2220,1,5/21/21,NA,6,6/23/21,6/23/21,Complete,Lurare,96,5,L05_2021-05-21_5_96,7,An. gambiae,L05 H00025,L05 A00025,L05 W00025,NA,NA,negative
L05,may_2021_arm_1,ento_form_2b_female_anopheles_reared_2220,1,5/21/21,NA,6,6/23/21,6/23/21,Complete,Lurare,96,6,L05_2021-05-21_6_96,7,An. gambiae,L05 H00026,L05 A00026,L05 W00026,NA,NA,negative
L08,feburary_2021_arm_1,ento_form_2b_female_anopheles_reared_2220,1,2/19/21,NA,1,3/16/21,3/16/21,Complete,Lurare,97,1,L08_2021-02-19_1_97,7,An. funestus,L08 H00005,L08 A00005,L08 W00005,NA,NA,negative
L08,march_2021_arm_1,ento_form_2b_female_anopheles_reared_2220,1,3/19/21,NA,3,4/7/21,4/7/21,Complete,Lurare,98,1,L08_2021-03-19_1_98,7,An. funestus,L08 H00016,L08 A00016,L08 W00016,NA,NA,negative
L08,march_2021_arm_1,ento_form_2b_female_anopheles_reared_2220,1,3/19/21,NA,3,4/7/21,4/7/21,Complete,Lurare,98,2,L08_2021-03-19_2_98,7,An. funestus,L08 H00017,L08 A00017,L08 W00017,NA,NA,negative
L08,march_2021_arm_1,ento_form_2b_female_anopheles_reared_2220,1,3/19/21,NA,3,4/7/21,4/7/21,Complete,Lurare,98,3,L08_2021-03-19_3_98,7,An. funestus,L08 H00018,L08 A00018,L08 W00018,NA,NA,negative
L08,may_2021_arm_1,ento_form_2b_female_anopheles_reared_2220,1,5/21/21,NA,2,6/23/21,6/23/21,Complete,Lurare,99,1,L08_2021-05-21_1_99,7,An. gambiae,L08 H00030,L08 A00030,L08 W00030,NA,NA,negative
L08,may_2021_arm_1,ento_form_2b_female_anopheles_reared_2220,1,5/21/21,NA,2,6/23/21,6/23/21,Complete,Lurare,99,2,L08_2021-05-21_2_99,7,An. gambiae,L08 H00031,L08 A00031,L08 W00031,NA,NA,negative
L08,june_2021_arm_1,ento_form_2b_female_anopheles_reared_2220,1,6/18/21,NA,1,7/19/21,7/19/21,Complete,Lurare,100,1,L08_2021-06-18_1_100,7,An. funestus,L08 H00036,L08 A00036,L08 W00036,NA,NA,negative
L08,july_2021_arm_1,ento_form_2b_female_anopheles_reared_2220,1,7/23/21,NA,1,8/16/21,8/16/21,Complete,Lurare,101,1,L08_2021-07-23_1_101,7,An. funestus,L08 H00037,L08 A00037,L08 W00037,The sample was crushed and could not separate wings from abdomen,NA,negative
L08,may_2022_arm_1,ento_form_2b_female_anopheles_reared_2220,1,5/20/22,NA,2,6/6/22,6/6/22,Complete,Lurare,102,1,L08_2022-05-20_1_102,7,An. gambiae,L08 H00039,L08 A00039,L08 W00039,NA,NA,NA
L08,may_2022_arm_1,ento_form_2b_female_anopheles_reared_2220,1,5/20/22,NA,2,6/6/22,6/6/22,Complete,Lurare,102,2,L08_2022-05-20_2_102,7,An. funestus,L08 H00040,L08 A00040,L08 W00040,NA,NA,NA
L08,december_2022_arm_1,ento_form_2b_female_anopheles_reared_2220,1,12/16/22,NA,1,1/10/23,1/10/23,Complete,Lurare,103,1,L08_2022-12-16_1_103,3,An. gambiae,L08 H00042,L08 A00042,L08 W00042,NA,NA,NA
L09,feburary_2021_arm_1,ento_form_2b_female_anopheles_reared_2220,1,2/19/21,NA,1,3/16/21,3/16/21,Complete,Lurare,104,1,L09_2021-02-19_1_104,7,An. funestus,L09 H00002,L09 A00002,L09 W00002,NA,NA,negative
L09,march_2021_arm_1,ento_form_2b_female_anopheles_reared_2220,1,3/19/21,NA,2,4/7/21,4/7/21,Complete,Lurare,105,1,L09_2021-03-19_1_105,7,An. funestus,L09 H00010,L09 A00010,L09 W00010,NA,NA,negative
L09,march_2021_arm_1,ento_form_2b_female_anopheles_reared_2220,1,3/19/21,NA,2,4/7/21,4/7/21,Complete,Lurare,105,2,L09_2021-03-19_2_105,7,An. funestus,L09 H00011,L09 A00011,L09 W00011,NA,NA,negative
L09,may_2021_arm_1,ento_form_2b_female_anopheles_reared_2220,1,5/21/21,NA,3,6/23/21,6/23/21,Complete,Lurare,106,1,L09_2021-05-21_1_106,7,An. gambiae,L09 H00022,L09 A00022,L09 W00022,NA,NA,negative
L09,may_2021_arm_1,ento_form_2b_female_anopheles_reared_2220,1,5/21/21,NA,3,6/23/21,6/23/21,Complete,Lurare,106,2,L09_2021-05-21_2_106,7,An. gambiae,L09 H00023,L09 A00023,L09 W00023,NA,NA,negative
L09,may_2021_arm_1,ento_form_2b_female_anopheles_reared_2220,1,5/21/21,NA,3,6/23/21,6/23/21,Complete,Lurare,106,3,L09_2021-05-21_3_106,7,An. gambiae,L09 H00024,L09 A00024,L09 W00024,NA,NA,negative
L09,november_2022_arm_1,ento_form_2b_female_anopheles_reared_2220,1,11/18/22,NA,1,12/15/22,12/15/22,Complete,Lurare,107,1,L09_2022-11-18_1_107,3,An. demeilloni,L09 H00036,L09 A00036,L09 W00036,NA,NA,NA
L12,march_2021_arm_1,ento_form_2b_female_anopheles_reared_2220,1,3/19/21,NA,4,4/7/21,4/7/21,Complete,Lurare,108,1,L12_2021-03-19_1_108,7,An. funestus,L12 H00007,L12 A00007,L12 W00007,NA,NA,negative
L12,march_2021_arm_1,ento_form_2b_female_anopheles_reared_2220,1,3/19/21,NA,4,4/7/21,4/7/21,Complete,Lurare,108,2,L12_2021-03-19_2_108,7,An. funestus,L12 H00008,L12 A00008,L12 W00008,NA,NA,negative
L12,march_2021_arm_1,ento_form_2b_female_anopheles_reared_2220,1,3/19/21,NA,4,4/7/21,4/7/21,Complete,Lurare,108,3,L12_2021-03-19_3_108,7,An. funestus,L12 H00009,L12 A00009,L12 W00009,NA,NA,NA
L12,march_2021_arm_1,ento_form_2b_female_anopheles_reared_2220,1,3/19/21,NA,4,4/7/21,4/7/21,Complete,Lurare,108,4,L12_2021-03-19_4_108,7,An. funestus,L12 H00010,L12 A00010,L12 W00010,NA,NA,negative
L12,april_2021_arm_1,ento_form_2b_female_anopheles_reared_2220,1,4/23/21,NA,1,5/7/21,5/7/21,Complete,Lurare,109,1,L12_2021-04-23_1_109,7,An. gambiae,L12 H00013,L12 A00013,L12 W00013,NA,NA,negative
L12,may_2021_arm_1,ento_form_2b_female_anopheles_reared_2220,1,5/21/21,NA,1,6/23/21,6/23/21,Complete,Lurare,110,1,L12_2021-05-21_1_110,7,An. gambiae,L12 H00014,L12 A00014,L12 W00014,NA,NA,negative
L12,january_2022_arm_1,ento_form_2b_female_anopheles_reared_2220,1,1/21/22,NA,1,2/8/22,2/8/22,Complete,Lurare,111,1,L12_2022-01-21_1_111,2,An. demeilloni,L12 H00024,L12 A00024,L12 W00024,NA,NA,NA
L12,february_2022_arm_1,ento_form_2b_female_anopheles_reared_2220,1,2/18/22,NA,1,3/7/22,3/7/22,Complete,Lurare,112,1,L12_2022-02-18_1_112,2,An. demeilloni,L12 H00029,L12 A00029,L12 W00029,NA,NA,NA
L13,february_2020_arm_1,ento_form_2b_female_anopheles_reared_2220,1,2/21/20,NA,1,4/23/20,4/23/20,Complete,Lurare,113,1,L13_2020-02-21_1_113,3,An. gambiae,L13 H00001,L13 A00001,L13 W00001,NA,NA,negative
L16,june_2020_arm_1,ento_form_2b_female_anopheles_reared_2220,1,6/19/20,NA,1,7/8/20,7/8/20,Complete,Lurare,114,1,L16_2020-06-19_1_114,0,An. gambiae,L16 H00012,L16 A00012,L16 W00012,NA,NA,positive
L16,july_2020_arm_1,ento_form_2b_female_anopheles_reared_2220,1,7/24/20,NA,1,8/14/20,8/14/20,Complete,Lurare,115,1,L16_2020-07-24_1_115,2,An. gambiae,L16 H00016,L16 A00016,L16 W00016,NA,NA,negative
L16,may_2021_arm_1,ento_form_2b_female_anopheles_reared_2220,1,5/21/21,NA,4,6/23/21,6/23/21,Complete,Lurare,116,1,L16_2021-05-21_1_116,7,An. gambiae,L16 H00035,L16 A00035,L16 W00035,NA,NA,negative
L16,may_2021_arm_1,ento_form_2b_female_anopheles_reared_2220,1,5/21/21,NA,4,6/23/21,6/23/21,Complete,Lurare,116,2,L16_2021-05-21_2_116,7,An. gambiae,L16 H00036,L16 A00036,L16 W00036,NA,NA,negative
L16,may_2021_arm_1,ento_form_2b_female_anopheles_reared_2220,1,5/21/21,NA,4,6/23/21,6/23/21,Complete,Lurare,116,3,L16_2021-05-21_3_116,7,An. gambiae,L16 H00037,L16 A00037,L16 W00037,NA,NA,negative
L16,may_2021_arm_1,ento_form_2b_female_anopheles_reared_2220,1,5/21/21,NA,4,6/23/21,6/23/21,Complete,Lurare,116,4,L16_2021-05-21_4_116,7,An. gambiae,L16 H00038,L16 A00038,L16 W00038,NA,NA,negative
L18,feburary_2021_arm_1,ento_form_2b_female_anopheles_reared_2220,1,2/19/21,NA,1,3/16/21,3/16/21,Complete,Lurare,117,1,L18_2021-02-19_1_117,7,An. funestus,L18 H00006,L18 A00006,L18 W00006,NA,NA,NA
L18,january_2022_arm_1,ento_form_2b_female_anopheles_reared_2220,1,1/21/22,NA,1,2/8/22,2/8/22,Complete,Lurare,118,1,L18_2022-01-21_1_118,5,An. gambiae,L18 H00023,L18 A00023,L18 W00023,NA,NA,NA
L18,june_2022_arm_1,ento_form_2b_female_anopheles_reared_2220,1,6/17/22,NA,1,7/5/22,7/5/22,Complete,Lurare,119,1,L18_2022-06-17_1_119,0,An. gambiae,L18 H00024,L18 A00024,L18 W00024,NA,NA,NA
M01,march_2020_arm_1,ento_form_2b_female_anopheles_reared_2220,1,3/10/20,NA,2,4/28/20,4/28/20,Complete,Maruti,120,1,M01_2020-03-10_1_120,1,An. funestus,M01 H00151,M01 A00151,M01 W00151,NA,NA,negative
M01,march_2020_arm_1,ento_form_2b_female_anopheles_reared_2220,1,3/10/20,NA,2,4/28/20,4/28/20,Complete,Maruti,120,2,M01_2020-03-10_2_120,5,An. funestus,M01 H00152,M01 A00152,M01 W00152,NA,NA,negative
M01,january_2021_arm_1,ento_form_2b_female_anopheles_reared_2220,1,1/12/21,NA,1,2/17/21,2/17/21,Complete,Maruti,121,1,M01_2021-01-12_1_121,2,An. demeilloni,M01 H00163,M01 A00163,M01 W00163,NA,NA,negative
M01,march_2021_arm_1,ento_form_2b_female_anopheles_reared_2220,1,3/9/21,NA,1,4/7/21,4/7/21,Complete,Maruti,122,1,M01_2021-03-09_1_122,7,An. funestus,M01 H00177,M01 A00177,M01 W00177,NA,NA,negative
M01,april_2021_arm_1,ento_form_2b_female_anopheles_reared_2220,1,4/13/21,NA,5,5/7/21,5/7/21,Complete,Maruti,123,1,M01_2021-04-13_1_123,2,An. funestus,M01 H00187,M01 A00187,M01 W00187,NA,NA,NA
M01,april_2021_arm_1,ento_form_2b_female_anopheles_reared_2220,1,4/13/21,NA,5,5/7/21,5/7/21,Complete,Maruti,123,2,M01_2021-04-13_2_123,6,An. funestus,M01 H00188,M01 A00188,M01 W00188,NA,NA,negative
M01,april_2021_arm_1,ento_form_2b_female_anopheles_reared_2220,1,4/13/21,NA,5,5/7/21,5/7/21,Complete,Maruti,123,3,M01_2021-04-13_3_123,6,An. funestus,M01 H00189,M01 A00189,M01 W00189,NA,NA,NA
M01,april_2021_arm_1,ento_form_2b_female_anopheles_reared_2220,1,4/13/21,NA,5,5/7/21,5/7/21,Complete,Maruti,123,4,M01_2021-04-13_4_123,7,An. gambiae,M01 H00198,M01 A00198,M01 W00198,NA,NA,negative
M01,april_2021_arm_1,ento_form_2b_female_anopheles_reared_2220,1,4/13/21,NA,5,5/7/21,5/7/21,Complete,Maruti,123,5,M01_2021-04-13_5_123,7,An. funestus,M01 H00199,M01 A00199,M01 W00199,NA,NA,negative
M01,may_2021_arm_1,ento_form_2b_female_anopheles_reared_2220,1,5/11/21,NA,15,7/15/21,7/15/21,Complete,Maruti,124,1,M01_2021-05-11_1_124,0,An. funestus,M01 H0207,M01 A0207,M01 W0207,NA,NA,positive
M01,may_2021_arm_1,ento_form_2b_female_anopheles_reared_2220,1,5/11/21,NA,15,7/15/21,7/15/21,Complete,Maruti,124,2,M01_2021-05-11_2_124,0,An. funestus,M01 H0208,M01 A0208,M01 W0208,NA,NA,positive
M01,may_2021_arm_1,ento_form_2b_female_anopheles_reared_2220,1,5/11/21,NA,15,7/15/21,7/15/21,Complete,Maruti,124,3,M01_2021-05-11_3_124,1,An. funestus,M01 H0209,M01 A0209,M01 W0209,NA,NA,negative
M01,may_2021_arm_1,ento_form_2b_female_anopheles_reared_2220,1,5/11/21,NA,15,7/15/21,7/15/21,Complete,Maruti,124,4,M01_2021-05-11_4_124,1,An. funestus,M01 H0210,M01 A0210,M01 W0210,NA,NA,NA
M01,may_2021_arm_1,ento_form_2b_female_anopheles_reared_2220,1,5/11/21,NA,15,7/15/21,7/15/21,Complete,Maruti,124,5,M01_2021-05-11_5_124,1,An. funestus,M01 H0211,M01 A0211,M01 W0211,NA,NA,positive
M01,may_2021_arm_1,ento_form_2b_female_anopheles_reared_2220,1,5/11/21,NA,15,7/15/21,7/15/21,Complete,Maruti,124,6,M01_2021-05-11_6_124,1,An. funestus,M01 H0212,M01 A0212,M01 W0212,NA,NA,negative
M01,may_2021_arm_1,ento_form_2b_female_anopheles_reared_2220,1,5/11/21,NA,15,7/15/21,7/15/21,Complete,Maruti,124,7,M01_2021-05-11_7_124,1,An. gambiae,M01 H0213,M01 A0213,M01 W0213,NA,NA,negative
M01,may_2021_arm_1,ento_form_2b_female_anopheles_reared_2220,1,5/11/21,NA,15,7/15/21,7/15/21,Complete,Maruti,124,8,M01_2021-05-11_8_124,1,An. gambiae,M01 H0214,M01 A0214,M01 W0214,NA,NA,negative
M01,may_2021_arm_1,ento_form_2b_female_anopheles_reared_2220,1,5/11/21,NA,15,7/15/21,7/15/21,Complete,Maruti,124,9,M01_2021-05-11_9_124,1,An. funestus,M01 H0215,M01 A0215,M01 W0215,NA,NA,negative
M01,may_2021_arm_1,ento_form_2b_female_anopheles_reared_2220,1,5/11/21,NA,15,7/15/21,7/15/21,Complete,Maruti,124,10,M01_2021-05-11_10_124,1,An. funestus,M01 H0216,M01 A0216,M01 W0216,NA,NA,negative
M01,may_2021_arm_1,ento_form_2b_female_anopheles_reared_2220,1,5/11/21,NA,15,7/15/21,7/15/21,Complete,Maruti,124,11,M01_2021-05-11_11_124,1,An. gambiae,M01 H0217,M01 A0217,M01 W0217,NA,NA,positive
M01,may_2021_arm_1,ento_form_2b_female_anopheles_reared_2220,1,5/11/21,NA,15,7/15/21,7/15/21,Complete,Maruti,124,12,M01_2021-05-11_12_124,7,Undetermined,M01 H0265,M01 A0265,M01 W0265,no wings  processed day 9,NA,negative
M01,may_2021_arm_1,ento_form_2b_female_anopheles_reared_2220,1,5/11/21,NA,15,7/15/21,7/15/21,Complete,Maruti,124,13,M01_2021-05-11_13_124,7,An. gambiae,M01 H0266,M01 A0266,M01 W0266,processed day 9,NA,negative
M01,may_2021_arm_1,ento_form_2b_female_anopheles_reared_2220,1,5/11/21,NA,15,7/15/21,7/15/21,Complete,Maruti,124,14,M01_2021-05-11_14_124,7,An. funestus,M01 H0267,M01 A0267,M01 W0267,no hind legs and palps  processed day 9,NA,negative
M01,may_2021_arm_1,ento_form_2b_female_anopheles_reared_2220,1,5/11/21,NA,15,7/15/21,7/15/21,Complete,Maruti,124,15,M01_2021-05-11_15_124,7,An. funestus,M01 H0268,M01 A0268,M01 W0268,processed day 9,NA,negative
M01,may_2021_arm_1,ento_form_2b_female_anopheles_reared_2220,2,5/11/21,NA,3,7/15/21,7/15/21,Complete,Maruti,125,1,M01_2021-05-11_1_125,7,An. funestus,M01 H0269,M01 A0269,M01 W0269,processed day 9,NA,NA
M01,may_2021_arm_1,ento_form_2b_female_anopheles_reared_2220,2,5/11/21,NA,3,7/15/21,7/15/21,Complete,Maruti,125,2,M01_2021-05-11_2_125,7,An. funestus,M01 H0270,M01 A0270,M01 W0270,processed day 9,NA,negative
M01,may_2021_arm_1,ento_form_2b_female_anopheles_reared_2220,2,5/11/21,NA,3,7/15/21,7/15/21,Complete,Maruti,125,3,M01_2021-05-11_3_125,7,An. funestus,M01 H0271,M01 A0271,M01 W0271,processed day 9  no hind legs,NA,negative
M01,june_2021_arm_1,ento_form_2b_female_anopheles_reared_2220,1,6/8/21,NA,15,7/22/21,7/22/21,Complete,Maruti,126,1,M01_2021-06-08_1_126,2,An. funestus,M01 H00327,M01 A00327,M01 W00327,NA,NA,negative
M01,june_2021_arm_1,ento_form_2b_female_anopheles_reared_2220,1,6/8/21,NA,15,7/22/21,7/22/21,Complete,Maruti,126,2,M01_2021-06-08_2_126,2,An. funestus,M01 H00328,M01 A00328,M01 W00328,NA,NA,negative
M01,june_2021_arm_1,ento_form_2b_female_anopheles_reared_2220,1,6/8/21,NA,15,7/22/21,7/22/21,Complete,Maruti,126,3,M01_2021-06-08_3_126,2,An. funestus,M01 H00329,M01 A00329,M01 W00329,NA,NA,negative
M01,june_2021_arm_1,ento_form_2b_female_anopheles_reared_2220,1,6/8/21,NA,15,7/22/21,7/22/21,Complete,Maruti,126,4,M01_2021-06-08_4_126,2,An. funestus,M01 H00330,M01 A00330,M01 W00330,NA,NA,negative
M01,june_2021_arm_1,ento_form_2b_female_anopheles_reared_2220,1,6/8/21,NA,15,7/22/21,7/22/21,Complete,Maruti,126,5,M01_2021-06-08_5_126,2,An. gambiae,M01 H00331,M01 A00331,M01 W00331,NA,NA,negative
M01,june_2021_arm_1,ento_form_2b_female_anopheles_reared_2220,1,6/8/21,NA,15,7/22/21,7/22/21,Complete,Maruti,126,6,M01_2021-06-08_6_126,7,An. funestus,M01 H00375,M01 A00375,M01 W00375,NA,NA,negative
M01,june_2021_arm_1,ento_form_2b_female_anopheles_reared_2220,1,6/8/21,NA,15,7/22/21,7/22/21,Complete,Maruti,126,7,M01_2021-06-08_7_126,7,An. funestus,M01 H00376,M01 A00376,M01 W00376,NA,NA,positive
M01,june_2021_arm_1,ento_form_2b_female_anopheles_reared_2220,1,6/8/21,NA,15,7/22/21,7/22/21,Complete,Maruti,126,8,M01_2021-06-08_8_126,7,An. funestus,M01 H00377,M01 A00377,M01 W00377,NA,NA,negative
M01,june_2021_arm_1,ento_form_2b_female_anopheles_reared_2220,1,6/8/21,NA,15,7/22/21,7/22/21,Complete,Maruti,126,9,M01_2021-06-08_9_126,7,An. gambiae,M01 H00378,M01 A00378,M01 W00378,NA,NA,positive
M01,june_2021_arm_1,ento_form_2b_female_anopheles_reared_2220,1,6/8/21,NA,15,7/22/21,7/22/21,Complete,Maruti,126,10,M01_2021-06-08_10_126,7,An. gambiae,M01 H00379,M01 A00379,M01 W00379,NA,NA,negative
M01,june_2021_arm_1,ento_form_2b_female_anopheles_reared_2220,1,6/8/21,NA,15,7/22/21,7/22/21,Complete,Maruti,126,11,M01_2021-06-08_11_126,7,An. funestus,M01 H00380,M01 A00380,M01 W00380,NA,NA,negative
M01,june_2021_arm_1,ento_form_2b_female_anopheles_reared_2220,1,6/8/21,NA,15,7/22/21,7/22/21,Complete,Maruti,126,12,M01_2021-06-08_12_126,7,An. funestus,M01 H00381,M01 A00381,M01 W00381,NA,NA,negative
M01,june_2021_arm_1,ento_form_2b_female_anopheles_reared_2220,1,6/8/21,NA,15,7/22/21,7/22/21,Complete,Maruti,126,13,M01_2021-06-08_13_126,7,An. funestus,M01 H00382,M01 A00382,M01 W00382,NA,NA,negative
M01,june_2021_arm_1,ento_form_2b_female_anopheles_reared_2220,1,6/8/21,NA,15,7/22/21,7/22/21,Complete,Maruti,126,14,M01_2021-06-08_14_126,7,An. funestus,M01 H00383,M01 A00383,M01 W00383,NA,NA,positive
M01,june_2021_arm_1,ento_form_2b_female_anopheles_reared_2220,1,6/8/21,NA,15,7/22/21,7/22/21,Complete,Maruti,126,15,M01_2021-06-08_15_126,7,An. funestus,M01 H00384,M01 A00384,M01 W00384,NA,NA,negative
M01,june_2022_arm_1,ento_form_2b_female_anopheles_reared_2220,1,6/7/22,NA,1,7/5/22,7/5/22,Complete,Maruti,127,1,M01_2022-06-07_1_127,3,An. gambiae,M01 H0423,M01 A0423,M01 W0423,NA,NA,NA
M03,july_2020_arm_1,ento_form_2b_female_anopheles_reared_2220,1,7/14/20,NA,1,7/27/20,7/27/20,Complete,Maruti,128,1,M03_2020-07-14_1_128,1,Undetermined,M03 H00087,M03 A00087,M03 W00087,Missing hind legs,NA,negative
M03,september_2020_arm_1,ento_form_2b_female_anopheles_reared_2220,1,9/8/20,NA,1,9/30/20,9/30/20,Complete,Maruti,129,1,M03_2020-09-08_1_129,3,Undetermined,M03 H00091,M03 A00091,M03 W00091,Very pale sample,NA,negative
M03,november_2020_arm_1,ento_form_2b_female_anopheles_reared_2220,1,11/10/20,NA,1,11/30/20,11/30/20,Complete,Maruti,130,1,M03_2020-11-10_1_130,1,Undetermined,M03 H00094,M03 A00094,M03 W00094,Very pale sample,NA,negative
M03,march_2021_arm_1,ento_form_2b_female_anopheles_reared_2220,1,3/9/21,NA,1,4/7/21,4/7/21,Complete,Maruti,131,1,M03_2021-03-09_1_131,7,An. funestus,M03 H00101,M03 A00101,M03 W00101,NA,NA,negative
M03,may_2021_arm_1,ento_form_2b_female_anopheles_reared_2220,1,5/11/21,NA,1,6/17/21,6/17/21,Complete,Maruti,132,1,M03_2021-05-11_1_132,5,An. funestus,M03 H0151,M03 A0151,M03 W0151,NA,NA,positive
M03,june_2021_arm_1,ento_form_2b_female_anopheles_reared_2220,1,6/8/21,NA,14,7/22/21,7/22/21,Complete,Maruti,133,1,M03_2021-06-08_1_133,2,An. gambiae,M03 H00146,M03 A00146,M03 W00146,NA,NA,negative
M03,june_2021_arm_1,ento_form_2b_female_anopheles_reared_2220,1,6/8/21,NA,14,7/22/21,7/22/21,Complete,Maruti,133,2,M03_2021-06-08_2_133,2,An. funestus,M03 H00147,M03 A00147,M03 W00147,NA,NA,negative
M03,june_2021_arm_1,ento_form_2b_female_anopheles_reared_2220,1,6/8/21,NA,14,7/22/21,7/22/21,Complete,Maruti,133,3,M03_2021-06-08_3_133,2,An. funestus,M03 H00148,M03 A00148,M03 W00148,NA,NA,negative
M03,june_2021_arm_1,ento_form_2b_female_anopheles_reared_2220,1,6/8/21,NA,14,7/22/21,7/22/21,Complete,Maruti,133,4,M03_2021-06-08_4_133,2,An. funestus,M03 H00149,M03 A00149,M03 W00149,NA,NA,negative
M03,june_2021_arm_1,ento_form_2b_female_anopheles_reared_2220,1,6/8/21,NA,14,7/22/21,7/22/21,Complete,Maruti,133,5,M03_2021-06-08_5_133,7,An. funestus,M03 H0162,M03 A0162,M03 W0162,NA,NA,negative
M03,june_2021_arm_1,ento_form_2b_female_anopheles_reared_2220,1,6/8/21,NA,14,7/22/21,7/22/21,Complete,Maruti,133,6,M03_2021-06-08_6_133,7,An. funestus,M03 H0163,M03 A0163,M03 W0163,NA,NA,negative
M03,june_2021_arm_1,ento_form_2b_female_anopheles_reared_2220,1,6/8/21,NA,14,7/22/21,7/22/21,Complete,Maruti,133,7,M03_2021-06-08_7_133,7,An. funestus,M03 H0164,M03 A0164,M03 W0164,NA,NA,negative
M03,june_2021_arm_1,ento_form_2b_female_anopheles_reared_2220,1,6/8/21,NA,14,7/22/21,7/22/21,Complete,Maruti,133,8,M03_2021-06-08_8_133,7,An. funestus,M03 H0165,M03 A0165,M03 W0165,NA,NA,negative
M03,june_2021_arm_1,ento_form_2b_female_anopheles_reared_2220,1,6/8/21,NA,14,7/22/21,7/22/21,Complete,Maruti,133,9,M03_2021-06-08_9_133,7,An. funestus,M03 H0166,M03 A0166,M03 W0166,NA,NA,negative
M03,june_2021_arm_1,ento_form_2b_female_anopheles_reared_2220,1,6/8/21,NA,14,7/22/21,7/22/21,Complete,Maruti,133,10,M03_2021-06-08_10_133,7,An. funestus,M03 H0167,M03 A0167,M03 W0167,NA,NA,negative
M03,june_2021_arm_1,ento_form_2b_female_anopheles_reared_2220,1,6/8/21,NA,14,7/22/21,7/22/21,Complete,Maruti,133,11,M03_2021-06-08_11_133,7,An. gambiae,M03 H00172,M03 A00172,M03 W00172,NA,NA,negative
M03,june_2021_arm_1,ento_form_2b_female_anopheles_reared_2220,1,6/8/21,NA,14,7/22/21,7/22/21,Complete,Maruti,133,12,M03_2021-06-08_12_133,7,An. funestus,M03 H00173,M03 A00173,M03 W00173,NA,NA,positive
M03,june_2021_arm_1,ento_form_2b_female_anopheles_reared_2220,1,6/8/21,NA,14,7/22/21,7/22/21,Complete,Maruti,133,13,M03_2021-06-08_13_133,7,An. funestus,M03 H00174,M03 A00174,M03 W00174,NA,NA,negative
M03,june_2021_arm_1,ento_form_2b_female_anopheles_reared_2220,1,6/8/21,NA,14,7/22/21,7/22/21,Complete,Maruti,133,14,M03_2021-06-08_14_133,7,An. gambiae,M03 H00175,M03 A00175,M03 W00175,NA,NA,positive
M03,march_2022_arm_1,ento_form_2b_female_anopheles_reared_2220,1,3/8/22,NA,1,3/31/22,3/31/22,Complete,Maruti,134,1,M03_2022-03-08_1_134,7,An. funestus,M03 H00187,M03 A00187,M03 W00187,No hind legs,NA,NA
M03,june_2022_arm_1,ento_form_2b_female_anopheles_reared_2220,1,6/7/22,NA,2,7/5/22,7/5/22,Complete,Maruti,135,1,M03_2022-06-07_1_135,7,An. funestus,M03 H00191,M03 A00191,M03 W00191,NA,NA,NA
M03,june_2022_arm_1,ento_form_2b_female_anopheles_reared_2220,1,6/7/22,NA,2,7/5/22,7/5/22,Complete,Maruti,135,2,M03_2022-06-07_2_135,7,An. demeilloni,M03 H00192,M03 A00192,M03 W00192,NA,NA,NA
M03,august_2022_arm_1,ento_form_2b_female_anopheles_reared_2220,1,8/16/22,NA,1,8/30/22,8/30/22,Complete,Maruti,136,1,M03_2022-08-16_1_136,1,An. rufipes,M03 H00197,M03 A00197,M03 W00197,NA,NA,NA
M04,june_2021_arm_1,ento_form_2b_female_anopheles_reared_2220,1,6/8/21,NA,1,7/22/21,7/22/21,Complete,Maruti,137,1,M04_2021-06-08_1_137,7,An. funestus,M04 H00105,M04 A00105,M04 W00105,NA,NA,negative
M04,july_2021_arm_1,ento_form_2b_female_anopheles_reared_2220,1,7/13/21,NA,3,8/16/21,8/16/21,Complete,Maruti,138,1,M04_2021-07-13_1_138,2,An. gambiae,M04 H00111,M04 A00111,M04 W00111,NA,NA,negative
M04,july_2021_arm_1,ento_form_2b_female_anopheles_reared_2220,1,7/13/21,NA,3,8/16/21,8/16/21,Complete,Maruti,138,2,M04_2021-07-13_2_138,7,An. funestus,M04 H00112,M04 A00112,M04 W00112,No hind legs,NA,negative
M04,july_2021_arm_1,ento_form_2b_female_anopheles_reared_2220,1,7/13/21,NA,3,8/16/21,8/16/21,Complete,Maruti,138,3,M04_2021-07-13_3_138,7,An. funestus,M04 H00113,M04 A00113,M04 W00113,NA,NA,negative
M05,june_2020_arm_1,ento_form_2b_female_anopheles_reared_2220,1,6/9/20,NA,1,7/8/20,7/8/20,Complete,Maruti,139,1,M05_2020-06-09_1_139,2,An. gambiae,M05 H00091,M05 A00091,M05 W00091,NA,NA,negative
M05,september_2020_arm_1,ento_form_2b_female_anopheles_reared_2220,1,9/8/20,NA,2,9/30/20,9/30/20,Complete,Maruti,140,1,M05_2020-09-08_1_140,1,An. gambiae,M05 H00096,M05 A00096,M05 W00096,NA,NA,negative
M05,september_2020_arm_1,ento_form_2b_female_anopheles_reared_2220,1,9/8/20,NA,2,9/30/20,9/30/20,Complete,Maruti,140,2,M05_2020-09-08_2_140,3,An. gambiae,M05 H00097,M05 A00097,M05 W00097,NA,NA,negative
M05,january_2021_arm_1,ento_form_2b_female_anopheles_reared_2220,1,1/12/21,NA,1,2/17/21,2/17/21,Complete,Maruti,141,1,M05_2021-01-12_1_141,1,An. gambiae,M05 H00100,M05 A00100,M05 W00100,NA,NA,negative
M05,feburary_2021_arm_1,ento_form_2b_female_anopheles_reared_2220,1,2/9/21,NA,4,4/7/21,4/7/21,Complete,Maruti,142,1,M05_2021-02-09_1_142,7,An. funestus,M05 H00106,M05 A00106,M05 W00106,NA,NA,negative
M05,feburary_2021_arm_1,ento_form_2b_female_anopheles_reared_2220,1,2/9/21,NA,4,4/7/21,4/7/21,Complete,Maruti,142,2,M05_2021-02-09_2_142,7,An. funestus,M05 H00107,M05 A00107,M05 W00107,NA,NA,NA
M05,feburary_2021_arm_1,ento_form_2b_female_anopheles_reared_2220,1,2/9/21,NA,4,4/7/21,4/7/21,Complete,Maruti,142,3,M05_2021-02-09_3_142,7,An. funestus,M05 H00108,M05 A00108,M05 W00108,NA,NA,negative
M05,feburary_2021_arm_1,ento_form_2b_female_anopheles_reared_2220,1,2/9/21,NA,4,4/7/21,4/7/21,Complete,Maruti,142,4,M05_2021-02-09_4_142,1,An. rufipes,M05 H00102,M05 A00102,M05 W00102,NA,NA,negative
M05,april_2021_arm_1,ento_form_2b_female_anopheles_reared_2220,1,4/13/21,NA,2,5/7/21,5/7/21,Complete,Maruti,143,1,M05_2021-04-13_1_143,7,An. funestus,M05 H00116,M05 A00116,M05 W00116,NA,NA,negative
M05,april_2021_arm_1,ento_form_2b_female_anopheles_reared_2220,1,4/13/21,NA,2,5/7/21,5/7/21,Complete,Maruti,143,2,M05_2021-04-13_2_143,7,An. funestus,M05 H00117,M05 A00117,M05 W00117,NA,NA,negative
M05,june_2021_arm_1,ento_form_2b_female_anopheles_reared_2220,1,6/8/21,NA,3,7/22/21,7/22/21,Complete,Maruti,144,1,M05_2021-06-08_1_144,7,An. gambiae,M05 H00127,M05 A00127,M05 W00127,NA,NA,negative
M05,june_2021_arm_1,ento_form_2b_female_anopheles_reared_2220,1,6/8/21,NA,3,7/22/21,7/22/21,Complete,Maruti,144,2,M05_2021-06-08_2_144,7,An. funestus,M05 H00128,M05 A00128,M05 W00128,NA,NA,negative
M05,june_2021_arm_1,ento_form_2b_female_anopheles_reared_2220,1,6/8/21,NA,3,7/22/21,7/22/21,Complete,Maruti,144,3,M05_2021-06-08_3_144,7,An. gambiae,M05 H00129,M05 A00129,M05 W00129,NA,NA,negative
M05,august_2021_arm_1,ento_form_2b_female_anopheles_reared_2220,1,8/10/21,NA,1,9/9/21,9/9/21,Complete,Maruti,145,1,M05_2021-08-10_1_145,6,An. funestus,M05 H00146,M05 A00146,M05 W00146,NA,NA,negative
M05,may_2022_arm_1,ento_form_2b_female_anopheles_reared_2220,1,5/10/22,NA,1,6/6/22,6/6/22,Complete,Maruti,146,1,M05_2022-05-10_1_146,7,An. gambiae,M05 H00154,M05 A00154,M05 W00154,NA,NA,NA
M05,june_2022_arm_1,ento_form_2b_female_anopheles_reared_2220,1,6/7/22,NA,1,7/5/22,7/5/22,Complete,Maruti,147,1,M05_2022-06-07_1_147,2,An. demeilloni,M05 H00150,M05 A00150,M05 W00150,NA,NA,NA
M06,september_2020_arm_1,ento_form_2b_female_anopheles_reared_2220,1,9/8/20,NA,1,9/30/20,9/30/20,Complete,Maruti,148,1,M06_2020-09-08_1_148,1,An. funestus,M06 H00099,M06 A00099,M06 W00099,NA,NA,negative
M06,november_2020_arm_1,ento_form_2b_female_anopheles_reared_2220,1,11/10/20,NA,1,11/30/20,11/30/20,Complete,Maruti,149,1,M06_2020-11-10_1_149,1,An. rufipes,M06 H00100,M06 A00100,M06 W00100,NA,NA,negative
M06,april_2021_arm_1,ento_form_2b_female_anopheles_reared_2220,1,4/13/21,NA,4,5/7/21,5/7/21,Complete,Maruti,150,1,M06_2021-04-13_1_150,2,An. gambiae,M06 H00122,M06 A00122,M06 W00122,no hind legs,NA,negative
M06,april_2021_arm_1,ento_form_2b_female_anopheles_reared_2220,1,4/13/21,NA,4,5/7/21,5/7/21,Complete,Maruti,150,2,M06_2021-04-13_2_150,2,An. funestus,M06 H00123,M06 A00123,M06 W00123,NA,NA,negative
M06,april_2021_arm_1,ento_form_2b_female_anopheles_reared_2220,1,4/13/21,NA,4,5/7/21,5/7/21,Complete,Maruti,150,3,M06_2021-04-13_3_150,2,An. demeilloni,M06 H00124,M06 A00124,M06 W00124,no hind legs,NA,negative
M06,april_2021_arm_1,ento_form_2b_female_anopheles_reared_2220,1,4/13/21,NA,4,5/7/21,5/7/21,Complete,Maruti,150,4,M06_2021-04-13_4_150,7,An. funestus,M06 H00130,M06 A00130,M06 W00130,NA,NA,negative
M06,may_2021_arm_1,ento_form_2b_female_anopheles_reared_2220,1,5/11/21,NA,4,7/15/21,7/15/21,Complete,Maruti,151,1,M06_2021-05-11_1_151,1,An. funestus,M06 H00140,M06 A00140,M06 W00140,NA,NA,negative
M06,may_2021_arm_1,ento_form_2b_female_anopheles_reared_2220,1,5/11/21,NA,4,7/15/21,7/15/21,Complete,Maruti,151,2,M06_2021-05-11_2_151,1,An. funestus,M06 H00141,M06 A00141,M06 W00141,NA,NA,negative
M06,may_2021_arm_1,ento_form_2b_female_anopheles_reared_2220,1,5/11/21,NA,4,7/15/21,7/15/21,Complete,Maruti,151,3,M06_2021-05-11_3_151,1,An. funestus,M06 H00142,M06 A00142,M06 W00142,NA,NA,negative
M06,may_2021_arm_1,ento_form_2b_female_anopheles_reared_2220,1,5/11/21,NA,4,7/15/21,7/15/21,Complete,Maruti,151,4,M06_2021-05-11_4_151,7,An. funestus,M06 H0151,M06 A0151,M06 W0151,Processed day 9,NA,negative
M06,june_2021_arm_1,ento_form_2b_female_anopheles_reared_2220,1,6/8/21,NA,1,7/22/21,7/22/21,Complete,Maruti,152,1,M06_2021-06-08_1_152,7,An. funestus,M06 H0195,M06 A0195,M06 W0195,NA,NA,negative
M06,july_2021_arm_1,ento_form_2b_female_anopheles_reared_2220,1,7/13/21,NA,4,8/16/21,8/16/21,Complete,Maruti,153,1,M06_2021-07-13_1_153,2,An. funestus,M06 H0225,M06 A0225,M06 W0225,NA,NA,negative
M06,july_2021_arm_1,ento_form_2b_female_anopheles_reared_2220,1,7/13/21,NA,4,8/16/21,8/16/21,Complete,Maruti,153,2,M06_2021-07-13_2_153,7,An. funestus,M06 H0226,M06 A0226,M06 W0226,NA,NA,negative
M06,july_2021_arm_1,ento_form_2b_female_anopheles_reared_2220,1,7/13/21,NA,4,8/16/21,8/16/21,Complete,Maruti,153,3,M06_2021-07-13_3_153,7,An. funestus,M06 H0227,M06 A0227,M06 W0227,Broken hind leg,NA,negative
M06,july_2021_arm_1,ento_form_2b_female_anopheles_reared_2220,1,7/13/21,NA,4,8/16/21,8/16/21,Complete,Maruti,153,4,M06_2021-07-13_4_153,7,An. funestus,M06 H0228,M06 A0228,M06 W0228,NA,NA,negative
M06,june_2022_arm_1,ento_form_2b_female_anopheles_reared_2220,1,6/7/22,NA,2,7/5/22,7/5/22,Complete,Maruti,154,1,M06_2022-06-07_1_154,2,An. funestus,M06 H0234,M06 A0234,M06 W0234,NA,NA,NA
M06,june_2022_arm_1,ento_form_2b_female_anopheles_reared_2220,1,6/7/22,NA,2,7/5/22,7/5/22,Complete,Maruti,154,2,M06_2022-06-07_2_154,7,An. funestus,M06 H0235,M06 A0235,M06 W0235,NA,NA,NA
M07,march_2020_arm_1,ento_form_2b_female_anopheles_reared_2220,1,3/10/20,NA,1,4/28/20,4/28/20,Complete,Maruti,155,1,M07_2020-03-10_1_155,3,An. gambiae,M07 H00395,M07 A00395,M07 W00395,NA,NA,negative
M07,june_2020_arm_1,ento_form_2b_female_anopheles_reared_2220,1,6/9/20,NA,1,7/8/20,7/8/20,Complete,Maruti,156,1,M07_2020-06-09_1_156,3,An. gambiae,M07 H00397,M07 A00397,M07 W00397,NA,NA,negative
M07,august_2020_arm_1,ento_form_2b_female_anopheles_reared_2220,1,8/11/20,NA,1,9/3/20,9/3/20,Complete,Maruti,157,1,M07_2020-08-11_1_157,1,An. rufipes,M07 H00400,M07 A00400,M07 W00400,NA,NA,negative
M07,november_2020_arm_1,ento_form_2b_female_anopheles_reared_2220,1,11/10/20,NA,2,11/30/20,11/30/20,Complete,Maruti,158,1,M07_2020-11-10_1_158,1,An. funestus,M07 H00404,M07 A00404,M07 W00404,NA,NA,negative
M07,november_2020_arm_1,ento_form_2b_female_anopheles_reared_2220,1,11/10/20,NA,2,11/30/20,11/30/20,Complete,Maruti,158,2,M07_2020-11-10_2_158,2,An. gambiae,M07 H00405,M07 A00405,M07 W00405,NA,NA,negative
M07,december_2020_arm_1,ento_form_2b_female_anopheles_reared_2220,1,12/8/20,NA,1,12/22/20,12/22/20,Complete,Maruti,159,1,M07_2020-12-08_1_159,7,An. funestus,M07 H00406,M07 A00406,M07 W00406,NA,NA,negative
M07,april_2021_arm_1,ento_form_2b_female_anopheles_reared_2220,1,4/13/21,NA,1,5/7/21,5/7/21,Complete,Maruti,160,1,M07_2021-04-13_1_160,2,An. gambiae,M07 H00432,M07 A00432,M07 W00432,NA,NA,negative
M07,may_2021_arm_1,ento_form_2b_female_anopheles_reared_2220,1,5/11/21,NA,12,6/17/21,6/17/21,Complete,Maruti,161,1,M07_2021-05-11_1_161,1,An. gambiae,M07 H0488,M07 A0488,M07 W0488,NA,NA,negative
M07,may_2021_arm_1,ento_form_2b_female_anopheles_reared_2220,1,5/11/21,NA,12,6/17/21,6/17/21,Complete,Maruti,161,2,M07_2021-05-11_2_161,1,An. gambiae,M07 H0489,M07 A0489,M07 W0489,NA,NA,negative
M07,may_2021_arm_1,ento_form_2b_female_anopheles_reared_2220,1,5/11/21,NA,12,6/17/21,6/17/21,Complete,Maruti,161,3,M07_2021-05-11_3_161,1,An. gambiae,M07 H0490,M07 A0490,M07 W0490,NA,NA,negative
M07,may_2021_arm_1,ento_form_2b_female_anopheles_reared_2220,1,5/11/21,NA,12,6/17/21,6/17/21,Complete,Maruti,161,4,M07_2021-05-11_4_161,5,An. funestus,M07 H0491,M07 A0491,M07 W0491,NA,NA,negative
M07,may_2021_arm_1,ento_form_2b_female_anopheles_reared_2220,1,5/11/21,NA,12,6/17/21,6/17/21,Complete,Maruti,161,5,M07_2021-05-11_5_161,5,An. gambiae,M07 H0492,M07 A0492,M07 W0492,NA,NA,negative
M07,may_2021_arm_1,ento_form_2b_female_anopheles_reared_2220,1,5/11/21,NA,12,6/17/21,6/17/21,Complete,Maruti,161,6,M07_2021-05-11_6_161,5,An. gambiae,M07 H0493,M07 A0493,M07 W0493,NA,NA,negative
M07,may_2021_arm_1,ento_form_2b_female_anopheles_reared_2220,1,5/11/21,NA,12,6/17/21,6/17/21,Complete,Maruti,161,7,M07_2021-05-11_7_161,5,An. gambiae,M07 H0494,M07 A0494,M07 W0494,NA,NA,negative
M07,may_2021_arm_1,ento_form_2b_female_anopheles_reared_2220,1,5/11/21,NA,12,6/17/21,6/17/21,Complete,Maruti,161,8,M07_2021-05-11_8_161,7,An. gambiae,M07 H0537,M07 A0537,M07 W0537,Processed day 9,NA,negative
M07,may_2021_arm_1,ento_form_2b_female_anopheles_reared_2220,1,5/11/21,NA,12,6/17/21,6/17/21,Complete,Maruti,161,9,M07_2021-05-11_9_161,7,An. gambiae,M07 H0538,M07 A0538,M07 W0538,Processed day 9,NA,negative
M07,may_2021_arm_1,ento_form_2b_female_anopheles_reared_2220,1,5/11/21,NA,12,6/17/21,6/17/21,Complete,Maruti,161,10,M07_2021-05-11_10_161,7,An. gambiae,M07 H0539,M07 A0539,M07 W0539,Processed day 9,NA,negative
M07,may_2021_arm_1,ento_form_2b_female_anopheles_reared_2220,1,5/11/21,NA,12,6/17/21,6/17/21,Complete,Maruti,161,11,M07_2021-05-11_11_161,7,An. gambiae,M07 H0540,M07 A0540,M07 W0540,Processed day 9,NA,negative
M07,may_2021_arm_1,ento_form_2b_female_anopheles_reared_2220,1,5/11/21,NA,12,6/17/21,6/17/21,Complete,Maruti,161,12,M07_2021-05-11_12_161,7,An. gambiae,M07 H0541,M07 A0541,M07 W0541,Processed day 9,NA,negative
M07,june_2021_arm_1,ento_form_2b_female_anopheles_reared_2220,1,6/8/21,NA,15,7/22/21,7/22/21,Complete,Maruti,162,1,M07_2021-06-08_1_162,2,An. funestus,M07 H0566,M07 A0566,M07 W0566,NA,NA,negative
M07,june_2021_arm_1,ento_form_2b_female_anopheles_reared_2220,1,6/8/21,NA,15,7/22/21,7/22/21,Complete,Maruti,162,2,M07_2021-06-08_2_162,2,An. rufipes,M07 H0567,M07 A0567,M07 W0567,NA,NA,negative
M07,june_2021_arm_1,ento_form_2b_female_anopheles_reared_2220,1,6/8/21,NA,15,7/22/21,7/22/21,Complete,Maruti,162,3,M07_2021-06-08_3_162,2,An. gambiae,M07 H0568,M07 A0568,M07 W0568,NA,NA,negative
M07,june_2021_arm_1,ento_form_2b_female_anopheles_reared_2220,1,6/8/21,NA,15,7/22/21,7/22/21,Complete,Maruti,162,4,M07_2021-06-08_4_162,2,An. gambiae,M07 H0569,M07 A0569,M07 W0569,NA,NA,negative
M07,june_2021_arm_1,ento_form_2b_female_anopheles_reared_2220,1,6/8/21,NA,15,7/22/21,7/22/21,Complete,Maruti,162,5,M07_2021-06-08_5_162,7,An. funestus,M07 H0587,M07 A0587,M07 W0587,NA,NA,negative
M07,june_2021_arm_1,ento_form_2b_female_anopheles_reared_2220,1,6/8/21,NA,15,7/22/21,7/22/21,Complete,Maruti,162,6,M07_2021-06-08_6_162,7,An. funestus,M07 H0588,M07 A0588,M07 W0588,NA,NA,negative
M07,june_2021_arm_1,ento_form_2b_female_anopheles_reared_2220,1,6/8/21,NA,15,7/22/21,7/22/21,Complete,Maruti,162,7,M07_2021-06-08_7_162,7,An. gambiae,M07 H0589,M07 A0589,M07 W0589,NA,NA,positive
M07,june_2021_arm_1,ento_form_2b_female_anopheles_reared_2220,1,6/8/21,NA,15,7/22/21,7/22/21,Complete,Maruti,162,8,M07_2021-06-08_8_162,7,An. funestus,M07 H0590,M07 A0590,M07 W0590,NA,NA,negative
M07,june_2021_arm_1,ento_form_2b_female_anopheles_reared_2220,1,6/8/21,NA,15,7/22/21,7/22/21,Complete,Maruti,162,9,M07_2021-06-08_9_162,7,An. funestus,M07 H0591,M07 A0591,M07 W0591,NA,NA,negative
M07,june_2021_arm_1,ento_form_2b_female_anopheles_reared_2220,1,6/8/21,NA,15,7/22/21,7/22/21,Complete,Maruti,162,10,M07_2021-06-08_10_162,7,An. funestus,M07 H0592,M07 A0592,M07 W0592,NA,NA,negative
M07,june_2021_arm_1,ento_form_2b_female_anopheles_reared_2220,1,6/8/21,NA,15,7/22/21,7/22/21,Complete,Maruti,162,11,M07_2021-06-08_11_162,7,An. gambiae,M07 H0593,M07 A0593,M07 W0593,NA,NA,negative
M07,june_2021_arm_1,ento_form_2b_female_anopheles_reared_2220,1,6/8/21,NA,15,7/22/21,7/22/21,Complete,Maruti,162,12,M07_2021-06-08_12_162,7,An. gambiae,M07 H0594,M07 A0594,M07 W0594,NA,NA,negative
M07,june_2021_arm_1,ento_form_2b_female_anopheles_reared_2220,1,6/8/21,NA,15,7/22/21,7/22/21,Complete,Maruti,162,13,M07_2021-06-08_13_162,7,An. gambiae,M07 H0595,M07 A0595,M07 W0595,NA,NA,positive
M07,june_2021_arm_1,ento_form_2b_female_anopheles_reared_2220,1,6/8/21,NA,15,7/22/21,7/22/21,Complete,Maruti,162,14,M07_2021-06-08_14_162,7,An. funestus,M07 H0596,M07 A0596,M07 W0596,NA,NA,negative
M07,june_2021_arm_1,ento_form_2b_female_anopheles_reared_2220,1,6/8/21,NA,15,7/22/21,7/22/21,Complete,Maruti,162,15,M07_2021-06-08_15_162,7,An. funestus,M07 H0597,M07 A0597,M07 W0597,NA,NA,negative
M07,may_2022_arm_1,ento_form_2b_female_anopheles_reared_2220,1,5/10/22,NA,1,6/6/22,6/6/22,Complete,Maruti,163,1,M07_2022-05-10_1_163,1,An. gambiae,M07 H0623,M07 A0623,M07 W0623,NA,NA,NA
M07,june_2022_arm_1,ento_form_2b_female_anopheles_reared_2220,1,6/7/22,NA,1,7/5/22,7/5/22,Complete,Maruti,164,1,M07_2022-06-07_1_164,7,An. funestus,M07 H00756,M07 A00756,M07 W00756,NA,NA,NA
M09,june_2020_arm_1,ento_form_2b_female_anopheles_reared_2220,1,6/9/20,NA,2,7/8/20,7/8/20,Complete,Maruti,165,1,M09_2020-06-09_1_165,2,An. gambiae,M09 H00305,M09 A00305,M09 W00305,NA,NA,negative
M09,june_2020_arm_1,ento_form_2b_female_anopheles_reared_2220,1,6/9/20,NA,2,7/8/20,7/8/20,Complete,Maruti,165,2,M09_2020-06-09_2_165,7,An. gambiae,M09 H00307,M09 A00307,M09 W00307,NA,NA,negative
M09,september_2020_arm_1,ento_form_2b_female_anopheles_reared_2220,1,9/8/20,NA,1,9/30/20,9/30/20,Complete,Maruti,166,1,M09_2020-09-08_1_166,1,An. gambiae,M09 H00311,M09 A00311,M09 W00311,NA,NA,negative
M09,feburary_2021_arm_1,ento_form_2b_female_anopheles_reared_2220,1,2/9/21,NA,1,3/8/21,3/8/21,Complete,Maruti,167,1,M09_2021-02-09_1_167,7,An. gambiae,M09 H00329,M09 A00329,M09 W00329,NA,NA,negative
M09,april_2021_arm_1,ento_form_2b_female_anopheles_reared_2220,1,4/13/21,NA,2,5/7/21,5/7/21,Complete,Maruti,168,1,M09_2021-04-13_1_168,7,An. gambiae,M09 H0357,M09 A0357,M09 W0357,NA,NA,negative
M09,april_2021_arm_1,ento_form_2b_female_anopheles_reared_2220,1,4/13/21,NA,2,5/7/21,5/7/21,Complete,Maruti,168,2,M09_2021-04-13_2_168,7,An. funestus,M09 H0358,M09 A0358,M09 W0358,NA,NA,negative
M09,may_2021_arm_1,ento_form_2b_female_anopheles_reared_2220,1,5/11/21,NA,5,6/17/21,6/17/21,Complete,Maruti,169,1,M09_2021-05-11_1_169,7,An. gambiae,M09 H0410,M09 A0410,M09 W0410,Processed day 9,NA,negative
M09,may_2021_arm_1,ento_form_2b_female_anopheles_reared_2220,1,5/11/21,NA,5,6/17/21,6/17/21,Complete,Maruti,169,2,M09_2021-05-11_2_169,7,An. funestus,M09 H0411,M09 A0411,M09 W0411,Processed day 9,NA,negative
M09,may_2021_arm_1,ento_form_2b_female_anopheles_reared_2220,1,5/11/21,NA,5,6/17/21,6/17/21,Complete,Maruti,169,3,M09_2021-05-11_3_169,7,An. gambiae,M09 H0412,M09 A0412,M09 W0412,Processed day 9,NA,NA
M09,may_2021_arm_1,ento_form_2b_female_anopheles_reared_2220,1,5/11/21,NA,5,6/17/21,6/17/21,Complete,Maruti,169,4,M09_2021-05-11_4_169,7,An. gambiae,M09 H0413,M09 A0413,M09 W0413,Processed day 9,NA,negative
M09,may_2021_arm_1,ento_form_2b_female_anopheles_reared_2220,1,5/11/21,NA,5,6/17/21,6/17/21,Complete,Maruti,169,5,M09_2021-05-11_5_169,7,An. gambiae,M09 H0414,M09 A0414,M09 W0414,Processed day 9,NA,negative
M09,june_2021_arm_1,ento_form_2b_female_anopheles_reared_2220,1,6/8/21,NA,9,7/22/21,7/22/21,Complete,Maruti,170,1,M09_2021-06-08_1_170,3,An. gambiae,M09 H0428,M09 A0428,M09 W0428,NA,NA,negative
M09,june_2021_arm_1,ento_form_2b_female_anopheles_reared_2220,1,6/8/21,NA,9,7/22/21,7/22/21,Complete,Maruti,170,2,M09_2021-06-08_2_170,3,An. funestus,M09 H0429,M09 A0429,M09 W0429,NA,NA,negative
M09,june_2021_arm_1,ento_form_2b_female_anopheles_reared_2220,1,6/8/21,NA,9,7/22/21,7/22/21,Complete,Maruti,170,3,M09_2021-06-08_3_170,7,An. funestus,M09 H00452,M09 A00452,M09 W00452,NA,NA,negative
M09,june_2021_arm_1,ento_form_2b_female_anopheles_reared_2220,1,6/8/21,NA,9,7/22/21,7/22/21,Complete,Maruti,170,4,M09_2021-06-08_4_170,7,An. funestus,M09 H00453,M09 A00453,M09 W00453,NA,NA,negative
M09,june_2021_arm_1,ento_form_2b_female_anopheles_reared_2220,1,6/8/21,NA,9,7/22/21,7/22/21,Complete,Maruti,170,5,M09_2021-06-08_5_170,7,An. funestus,M09 H00454,M09 A00454,M09 W00454,NA,NA,negative
M09,june_2021_arm_1,ento_form_2b_female_anopheles_reared_2220,1,6/8/21,NA,9,7/22/21,7/22/21,Complete,Maruti,170,6,M09_2021-06-08_6_170,7,An. gambiae,M09 H00455,M09 A00455,M09 W00455,NA,NA,negative
M09,june_2021_arm_1,ento_form_2b_female_anopheles_reared_2220,1,6/8/21,NA,9,7/22/21,7/22/21,Complete,Maruti,170,7,M09_2021-06-08_7_170,7,An. funestus,M09 H00456,M09 A00456,M09 W00456,NA,NA,negative
M09,june_2021_arm_1,ento_form_2b_female_anopheles_reared_2220,1,6/8/21,NA,9,7/22/21,7/22/21,Complete,Maruti,170,8,M09_2021-06-08_8_170,7,An. gambiae,M09 H00457,M09 A00457,M09 W00457,NA,NA,negative
M09,june_2021_arm_1,ento_form_2b_female_anopheles_reared_2220,1,6/8/21,NA,9,7/22/21,7/22/21,Complete,Maruti,170,9,M09_2021-06-08_9_170,7,An. gambiae,M09 H00458,M09 A00458,M09 W00458,NA,NA,negative
M09,july_2021_arm_1,ento_form_2b_female_anopheles_reared_2220,1,7/13/21,NA,15,8/16/21,8/16/21,Complete,Maruti,171,1,M09_2021-07-13_1_171,7,An. funestus,M09 H00490,M09 A00490,M09 W00490,NA,NA,negative
M09,july_2021_arm_1,ento_form_2b_female_anopheles_reared_2220,1,7/13/21,NA,15,8/16/21,8/16/21,Complete,Maruti,171,2,M09_2021-07-13_2_171,7,An. funestus,M09 H00491,M09 A00491,M09 W00491,NA,NA,positive
M09,july_2021_arm_1,ento_form_2b_female_anopheles_reared_2220,1,7/13/21,NA,15,8/16/21,8/16/21,Complete,Maruti,171,3,M09_2021-07-13_3_171,7,An. funestus,M09 H00492,M09 A00492,M09 W00492,NA,NA,negative
M09,july_2021_arm_1,ento_form_2b_female_anopheles_reared_2220,1,7/13/21,NA,15,8/16/21,8/16/21,Complete,Maruti,171,4,M09_2021-07-13_4_171,7,An. gambiae,M09 H00493,M09 A00493,M09 W00493,Broken palp,NA,negative
M09,july_2021_arm_1,ento_form_2b_female_anopheles_reared_2220,1,7/13/21,NA,15,8/16/21,8/16/21,Complete,Maruti,171,5,M09_2021-07-13_5_171,7,An. funestus,M09 H00494,M09 A00494,M09 W00494,NA,NA,negative
M09,july_2021_arm_1,ento_form_2b_female_anopheles_reared_2220,1,7/13/21,NA,15,8/16/21,8/16/21,Complete,Maruti,171,6,M09_2021-07-13_6_171,7,An. funestus,M09 H00495,M09 A00495,M09 W00495,Broken hind les,NA,positive
M09,july_2021_arm_1,ento_form_2b_female_anopheles_reared_2220,1,7/13/21,NA,15,8/16/21,8/16/21,Complete,Maruti,171,7,M09_2021-07-13_7_171,7,An. gambiae,M09 H00496,M09 A00496,M09 W00496,NA,NA,negative
M09,july_2021_arm_1,ento_form_2b_female_anopheles_reared_2220,1,7/13/21,NA,15,8/16/21,8/16/21,Complete,Maruti,171,8,M09_2021-07-13_8_171,7,An. funestus,M09 H00497,M09 A00497,M09 W00497,NA,NA,positive
M09,july_2021_arm_1,ento_form_2b_female_anopheles_reared_2220,1,7/13/21,NA,15,8/16/21,8/16/21,Complete,Maruti,171,9,M09_2021-07-13_9_171,7,An. gambiae,M09 H00498,M09 A00498,M09 W00498,NA,NA,negative
M09,july_2021_arm_1,ento_form_2b_female_anopheles_reared_2220,1,7/13/21,NA,15,8/16/21,8/16/21,Complete,Maruti,171,10,M09_2021-07-13_10_171,7,An. funestus,M09 H00499,M09 A00499,M09 W00499,NA,NA,negative
M09,july_2021_arm_1,ento_form_2b_female_anopheles_reared_2220,1,7/13/21,NA,15,8/16/21,8/16/21,Complete,Maruti,171,11,M09_2021-07-13_11_171,7,An. funestus,M09 H00500,M09 A00500,M09 W00500,NA,NA,negative
M09,july_2021_arm_1,ento_form_2b_female_anopheles_reared_2220,1,7/13/21,NA,15,8/16/21,8/16/21,Complete,Maruti,171,12,M09_2021-07-13_12_171,7,An. funestus,M09 H00501,M09 A00501,M09 W00501,NA,NA,negative
M09,july_2021_arm_1,ento_form_2b_female_anopheles_reared_2220,1,7/13/21,NA,15,8/16/21,8/16/21,Complete,Maruti,171,13,M09_2021-07-13_13_171,7,An. funestus,M09 H00502,M09 A00502,M09 W00502,NA,NA,negative
M09,july_2021_arm_1,ento_form_2b_female_anopheles_reared_2220,1,7/13/21,NA,15,8/16/21,8/16/21,Complete,Maruti,171,14,M09_2021-07-13_14_171,7,An. funestus,M09 H00503,M09 A00503,M09 W00503,NA,NA,negative
M09,july_2021_arm_1,ento_form_2b_female_anopheles_reared_2220,1,7/13/21,NA,15,8/16/21,8/16/21,Complete,Maruti,171,15,M09_2021-07-13_15_171,7,An. funestus,M09 H00504,M09 A00504,M09 W00504,NA,NA,positive
M09,july_2021_arm_1,ento_form_2b_female_anopheles_reared_2220,2,7/13/21,NA,2,8/16/21,8/16/21,Complete,Maruti,172,1,M09_2021-07-13_1_172,7,An. funestus,M09 H00505,M09 A00505,M09 W00505,No hind legs,NA,negative
M09,july_2021_arm_1,ento_form_2b_female_anopheles_reared_2220,2,7/13/21,NA,2,8/16/21,8/16/21,Complete,Maruti,172,2,M09_2021-07-13_2_172,7,An. funestus,M09 H00506,M09 A00506,M09 W00506,NA,NA,negative
M09,august_2021_arm_1,ento_form_2b_female_anopheles_reared_2220,1,8/10/21,NA,2,9/9/21,9/9/21,Complete,Maruti,173,1,M09_2021-08-10_1_173,6,An. funestus,M09 H00532,M09 A00532,M09 W00532,NA,NA,positive
M09,august_2021_arm_1,ento_form_2b_female_anopheles_reared_2220,1,8/10/21,NA,2,9/9/21,9/9/21,Complete,Maruti,173,2,M09_2021-08-10_2_173,7,An. funestus,M09 H00540,M09 A00540,M09 W00540,NA,NA,positive
M09,april_2022_arm_1,ento_form_2b_female_anopheles_reared_2220,1,4/20/22,NA,1,5/18/22,5/18/22,Complete,Maruti,174,1,M09_2022-04-20_1_174,7,An. funestus,M09 H00554,M09 A00554,M09 W00554,NA,NA,NA
M09,june_2022_arm_1,ento_form_2b_female_anopheles_reared_2220,1,6/7/22,NA,2,7/5/22,7/5/22,Complete,Maruti,175,1,M09_2022-06-07_1_175,3,An. gambiae,M09 H00565,M09 A00565,M09 W00565,NA,NA,NA
M09,june_2022_arm_1,ento_form_2b_female_anopheles_reared_2220,1,6/7/22,NA,2,7/5/22,7/5/22,Complete,Maruti,175,2,M09_2022-06-07_2_175,7,An. funestus,M09 H00567,M09 A00567,M09 W00567,NA,NA,NA
M09,july_2022_arm_1,ento_form_2b_female_anopheles_reared_2220,1,7/5/22,NA,1,8/8/22,8/8/22,Complete,Maruti,176,1,M09_2022-07-05_1_176,2,An. funestus,M09 H00570,M09 A00570,M09 W00570,NA,NA,NA
M12,march_2021_arm_1,ento_form_2b_female_anopheles_reared_2220,1,3/9/21,NA,1,4/7/21,4/7/21,Complete,Maruti,177,1,M12_2021-03-09_1_177,7,An. funestus,M12 H00027,M12 A00027,M12 W00027,NA,NA,negative
M12,july_2021_arm_1,ento_form_2b_female_anopheles_reared_2220,1,7/13/21,NA,4,8/16/21,8/16/21,Complete,Maruti,178,1,M12_2021-07-13_1_178,7,An. funestus,M12 H00030,M12 A00030,M12 W00030,NA,NA,negative
M12,july_2021_arm_1,ento_form_2b_female_anopheles_reared_2220,1,7/13/21,NA,4,8/16/21,8/16/21,Complete,Maruti,178,2,M12_2021-07-13_2_178,7,An. funestus,M12 H00031,M12 A00031,M12 W00031,NA,NA,negative
M12,july_2021_arm_1,ento_form_2b_female_anopheles_reared_2220,1,7/13/21,NA,4,8/16/21,8/16/21,Complete,Maruti,178,3,M12_2021-07-13_3_178,7,An. funestus,M12 H00032,M12 A00032,M12 W00032,NA,NA,negative
M12,july_2021_arm_1,ento_form_2b_female_anopheles_reared_2220,1,7/13/21,NA,4,8/16/21,8/16/21,Complete,Maruti,178,4,M12_2021-07-13_4_178,7,An. funestus,M12 H00033,M12 A00033,M12 W00033,NA,NA,negative
M13,march_2020_arm_1,ento_form_2b_female_anopheles_reared_2220,1,3/10/20,NA,1,4/28/20,4/28/20,Complete,Maruti,179,1,M13_2020-03-10_1_179,2,An. gambiae,M13 H00114,M13 A00114,M13 W00114,NA,NA,negative
M13,april_2021_arm_1,ento_form_2b_female_anopheles_reared_2220,1,4/13/21,NA,2,5/7/21,5/7/21,Complete,Maruti,180,1,M13_2021-04-13_1_180,7,An. funestus,M13 H00129,M13 A00129,M13 W00129,NA,NA,positive
M13,april_2021_arm_1,ento_form_2b_female_anopheles_reared_2220,1,4/13/21,NA,2,5/7/21,5/7/21,Complete,Maruti,180,2,M13_2021-04-13_2_180,7,An. funestus,M13 H00130,M13 A00130,M13 W00130,NA,NA,negative
M13,may_2021_arm_1,ento_form_2b_female_anopheles_reared_2220,1,5/11/21,NA,1,6/17/21,6/17/21,Complete,Maruti,181,1,M13_2021-05-11_1_181,7,An. gambiae,M13 H00145,M13 A00145,M13 W00145,Processed day 9,NA,negative
M13,august_2021_arm_1,ento_form_2b_female_anopheles_reared_2220,1,8/10/21,NA,1,9/9/21,9/9/21,Complete,Maruti,182,1,M13_2021-08-10_1_182,7,An. funestus,M13 H00172,M13 A00172,M13 W00172,NA,NA,positive
M13,september_2021_arm_1,ento_form_2b_female_anopheles_reared_2220,1,9/14/21,NA,1,10/13/21,10/13/21,Complete,Maruti,183,1,M13_2021-09-14_1_183,7,An. funestus,M13 H00176,M13 A00176,M13 W00176,NA,NA,negative
M13,december_2021_arm_1,ento_form_2b_female_anopheles_reared_2220,1,12/7/21,NA,1,1/4/22,1/4/22,Complete,Maruti,184,1,M13_2021-12-07_1_184,0,An. demeilloni,M13 H00179,M13 A00179,M13 W00179,NA,NA,NA
M14,august_2020_arm_1,ento_form_2b_female_anopheles_reared_2220,1,8/11/20,NA,1,9/3/20,9/3/20,Complete,Maruti,185,1,M14_2020-08-11_1_185,3,An. funestus,M14 H00116,M14 A00116,M14 W00116,NA,NA,negative
M14,july_2021_arm_1,ento_form_2b_female_anopheles_reared_2220,1,7/13/21,NA,3,8/16/21,8/16/21,Complete,Maruti,186,1,M14_2021-07-13_1_186,7,An. funestus,M14 H00125,M14 A00125,M14 W00125,NA,NA,negative
M14,july_2021_arm_1,ento_form_2b_female_anopheles_reared_2220,1,7/13/21,NA,3,8/16/21,8/16/21,Complete,Maruti,186,2,M14_2021-07-13_2_186,7,An. funestus,M14 H00126,M14 A00126,M14 W00126,NA,NA,negative
M14,july_2021_arm_1,ento_form_2b_female_anopheles_reared_2220,1,7/13/21,NA,3,8/16/21,8/16/21,Complete,Maruti,186,3,M14_2021-07-13_3_186,7,An. funestus,M14 H00127,M14 A00127,M14 W00127,NA,NA,negative
M14,april_2022_arm_1,ento_form_2b_female_anopheles_reared_2220,1,4/20/22,NA,1,5/16/22,5/16/22,Complete,Maruti,187,1,M14_2022-04-20_1_187,1,An. funestus,M14 H00174,M14 A00174,M14 W00174,NA,NA,NA
M14,may_2022_arm_1,ento_form_2b_female_anopheles_reared_2220,1,5/10/22,NA,2,6/6/22,6/6/22,Complete,Maruti,188,1,M14_2022-05-10_1_188,3,An. gambiae,M14 H00175,M14 A00175,M14 W00175,NA,NA,NA
M14,may_2022_arm_1,ento_form_2b_female_anopheles_reared_2220,1,5/10/22,NA,2,6/6/22,6/6/22,Complete,Maruti,188,2,M14_2022-05-10_2_188,7,An. funestus,M14 H00177,M14 A00177,M14 W00177,NA,NA,NA
M14,june_2022_arm_1,ento_form_2b_female_anopheles_reared_2220,1,6/7/22,NA,2,7/5/22,7/5/22,Complete,Maruti,189,1,M14_2022-06-07_1_189,7,An. gambiae,M14 H00178,M14 A00178,M14 W00178,NA,NA,NA
M14,june_2022_arm_1,ento_form_2b_female_anopheles_reared_2220,1,6/7/22,NA,2,7/5/22,7/5/22,Complete,Maruti,189,2,M14_2022-06-07_2_189,7,An. funestus,M14 H00179,M14 A00179,M14 W00179,NA,NA,NA
M15,march_2020_arm_1,ento_form_2b_female_anopheles_reared_2220,1,3/10/20,NA,1,4/28/20,4/28/20,Complete,Maruti,190,1,M15_2020-03-10_1_190,3,An. gambiae,M15 H00173,M15 A00173,M15 W00173,NA,NA,NA
M15,june_2020_arm_1,ento_form_2b_female_anopheles_reared_2220,1,6/9/20,NA,2,7/8/20,7/8/20,Complete,Maruti,191,1,M15_2020-06-09_1_191,2,Undetermined,M15 H00175,M15 A00175,M15 W00175,missing palps and one wing,NA,negative
M15,june_2020_arm_1,ento_form_2b_female_anopheles_reared_2220,1,6/9/20,NA,2,7/8/20,7/8/20,Complete,Maruti,191,2,M15_2020-06-09_2_191,2,Undetermined,M15 H00176,M15 A00176,M15 W00176,Wings pale and shrinked,NA,negative
M15,may_2021_arm_1,ento_form_2b_female_anopheles_reared_2220,1,5/11/21,NA,1,6/17/21,6/17/21,Complete,Maruti,192,1,M15_2021-05-11_1_192,7,An. gambiae,M15 H00208,M15 A00208,M15 W00208,"Processed day 9, one wing lost",NA,negative
M15,july_2021_arm_1,ento_form_2b_female_anopheles_reared_2220,1,7/13/21,NA,1,8/16/21,8/16/21,Complete,Maruti,193,1,M15_2021-07-13_1_193,7,An. gambiae,M15 H00229,M15 A00229,M15 W00229,Broken palp,NA,negative
M15,august_2021_arm_1,ento_form_2b_female_anopheles_reared_2220,1,8/10/21,NA,1,9/9/21,9/9/21,Complete,Maruti,194,1,M15_2021-08-10_1_194,7,An. funestus,M15 H00231,M15 A00231,M15 W00231,NA,NA,negative
M15,september_2021_arm_1,ento_form_2b_female_anopheles_reared_2220,1,9/14/21,NA,1,10/13/21,10/13/21,Complete,Maruti,195,1,M15_2021-09-14_1_195,7,An. funestus,M15 H00232,M15 A00232,M15 W00232,NA,NA,negative
M16,june_2020_arm_1,ento_form_2b_female_anopheles_reared_2220,1,6/9/20,NA,2,7/8/20,7/8/20,Complete,Maruti,196,1,M16_2020-06-09_1_196,6,An. gambiae,M16 H00110,M16 A00110,M16 W00110,NA,NA,negative
M16,june_2020_arm_1,ento_form_2b_female_anopheles_reared_2220,1,6/9/20,NA,2,7/8/20,7/8/20,Complete,Maruti,196,2,M16_2020-06-09_2_196,7,An. gambiae,M16 H00111,M16 A00111,M16 W00111,NA,NA,negative
M16,january_2021_arm_1,ento_form_2b_female_anopheles_reared_2220,1,1/12/21,NA,1,2/17/21,2/17/21,Complete,Maruti,197,1,M16_2021-01-12_1_197,2,An. demeilloni,M16 H00113,M16 A00113,M16 W00113,NA,NA,negative
M16,march_2021_arm_1,ento_form_2b_female_anopheles_reared_2220,1,3/9/21,NA,2,4/7/21,4/7/21,Complete,Maruti,198,1,M16_2021-03-09_1_198,2,An. funestus,M16 H00117,M16 A00117,M16 W00117,NA,NA,negative
M16,march_2021_arm_1,ento_form_2b_female_anopheles_reared_2220,1,3/9/21,NA,2,4/7/21,4/7/21,Complete,Maruti,198,2,M16_2021-03-09_2_198,7,An. funestus,M16 H00121,M16 A00121,M16 W00121,NA,NA,negative
M16,april_2021_arm_1,ento_form_2b_female_anopheles_reared_2220,1,4/13/21,NA,12,5/7/21,5/7/21,Complete,Maruti,199,1,M16_2021-04-13_1_199,2,An. gambiae,M16 H00129,M16 A00129,M16 W00129,NA,NA,negative
M16,april_2021_arm_1,ento_form_2b_female_anopheles_reared_2220,1,4/13/21,NA,12,5/7/21,5/7/21,Complete,Maruti,199,2,M16_2021-04-13_2_199,2,An. funestus,M16 H00130,M16 A00130,M16 W00130,NA,NA,negative
M16,april_2021_arm_1,ento_form_2b_female_anopheles_reared_2220,1,4/13/21,NA,12,5/7/21,5/7/21,Complete,Maruti,199,3,M16_2021-04-13_3_199,2,An. funestus,M16 H00131,M16 A00131,M16 W00131,no hind legs,NA,negative
M16,april_2021_arm_1,ento_form_2b_female_anopheles_reared_2220,1,4/13/21,NA,12,5/7/21,5/7/21,Complete,Maruti,199,4,M16_2021-04-13_4_199,2,An. funestus,M16 H00132,M16 A00132,M16 W00132,NA,NA,NA
M16,april_2021_arm_1,ento_form_2b_female_anopheles_reared_2220,1,4/13/21,NA,12,5/7/21,5/7/21,Complete,Maruti,199,5,M16_2021-04-13_5_199,2,An. rufipes,M16 H00133,M16 A00133,M16 W00133,NA,NA,negative
M16,april_2021_arm_1,ento_form_2b_female_anopheles_reared_2220,1,4/13/21,NA,12,5/7/21,5/7/21,Complete,Maruti,199,6,M16_2021-04-13_6_199,2,An. gambiae,M16 H00134,M16 A00134,M16 W00134,NA,NA,negative
M16,april_2021_arm_1,ento_form_2b_female_anopheles_reared_2220,1,4/13/21,NA,12,5/7/21,5/7/21,Complete,Maruti,199,7,M16_2021-04-13_7_199,2,An. funestus,M16 H00135,M16 A00135,M16 W00135,NA,NA,positive
M16,april_2021_arm_1,ento_form_2b_female_anopheles_reared_2220,1,4/13/21,NA,12,5/7/21,5/7/21,Complete,Maruti,199,8,M16_2021-04-13_8_199,2,An. funestus,M16 H00136,M16 A00136,M16 W00136,NA,NA,negative
M16,april_2021_arm_1,ento_form_2b_female_anopheles_reared_2220,1,4/13/21,NA,12,5/7/21,5/7/21,Complete,Maruti,199,9,M16_2021-04-13_9_199,6,An. funestus,M16 H00137,M16 A00137,M16 W00137,NA,NA,negative
M16,april_2021_arm_1,ento_form_2b_female_anopheles_reared_2220,1,4/13/21,NA,12,5/7/21,5/7/21,Complete,Maruti,199,10,M16_2021-04-13_10_199,7,An. funestus,M16 H00150,M16 A00150,M16 W00150,NA,NA,positive
M16,april_2021_arm_1,ento_form_2b_female_anopheles_reared_2220,1,4/13/21,NA,12,5/7/21,5/7/21,Complete,Maruti,199,11,M16_2021-04-13_11_199,7,An. funestus,M16 H00151,M16 A00151,M16 W00151,NA,NA,negative
M16,april_2021_arm_1,ento_form_2b_female_anopheles_reared_2220,1,4/13/21,NA,12,5/7/21,5/7/21,Complete,Maruti,199,12,M16_2021-04-13_12_199,7,An. funestus,M16 H00152,M16 A00152,M16 W00152,NA,NA,positive
M16,may_2021_arm_1,ento_form_2b_female_anopheles_reared_2220,1,5/11/21,NA,10,6/17/21,6/17/21,Complete,Maruti,200,1,M16_2021-05-11_1_200,1,An. funestus,M16 H00175,M16 A00175,M16 W00175,NA,NA,negative
M16,may_2021_arm_1,ento_form_2b_female_anopheles_reared_2220,1,5/11/21,NA,10,6/17/21,6/17/21,Complete,Maruti,200,2,M16_2021-05-11_2_200,1,An. funestus,M16 H00176,M16 A00176,M16 W00176,NA,NA,negative
M16,may_2021_arm_1,ento_form_2b_female_anopheles_reared_2220,1,5/11/21,NA,10,6/17/21,6/17/21,Complete,Maruti,200,3,M16_2021-05-11_3_200,1,An. gambiae,M16 H00177,M16 A00177,M16 W00177,NA,NA,negative
M16,may_2021_arm_1,ento_form_2b_female_anopheles_reared_2220,1,5/11/21,NA,10,6/17/21,6/17/21,Complete,Maruti,200,4,M16_2021-05-11_4_200,1,An. funestus,M16 H00178,M16 A00178,M16 W00178,NA,NA,negative
M16,may_2021_arm_1,ento_form_2b_female_anopheles_reared_2220,1,5/11/21,NA,10,6/17/21,6/17/21,Complete,Maruti,200,5,M16_2021-05-11_5_200,1,An. funestus,M16 H00179,M16 A00179,M16 W00179,NA,NA,negative
M16,may_2021_arm_1,ento_form_2b_female_anopheles_reared_2220,1,5/11/21,NA,10,6/17/21,6/17/21,Complete,Maruti,200,6,M16_2021-05-11_6_200,1,An. funestus,M16 H00180,M16 A00180,M16 W00180,NA,NA,negative
M16,may_2021_arm_1,ento_form_2b_female_anopheles_reared_2220,1,5/11/21,NA,10,6/17/21,6/17/21,Complete,Maruti,200,7,M16_2021-05-11_7_200,1,An. gambiae,M16 H00181,M16 A00181,M16 W00181,NA,NA,negative
M16,may_2021_arm_1,ento_form_2b_female_anopheles_reared_2220,1,5/11/21,NA,10,6/17/21,6/17/21,Complete,Maruti,200,8,M16_2021-05-11_8_200,1,An. gambiae,M16 H00182,M16 W00182,M16 W00182,NA,NA,NA
M16,may_2021_arm_1,ento_form_2b_female_anopheles_reared_2220,1,5/11/21,NA,10,6/17/21,6/17/21,Complete,Maruti,200,9,M16_2021-05-11_9_200,7,An. gambiae,M16 H00189,M16 A00189,M16 W00189,Processed day 9,NA,negative
M16,may_2021_arm_1,ento_form_2b_female_anopheles_reared_2220,1,5/11/21,NA,10,6/17/21,6/17/21,Complete,Maruti,200,10,M16_2021-05-11_10_200,7,An. gambiae,M16 H00190,M16 A00190,M16 W00190,"Processed day 9, palps not clear, no hind legs",NA,negative
M16,june_2021_arm_1,ento_form_2b_female_anopheles_reared_2220,1,6/8/21,NA,15,7/21/21,7/21/21,Complete,Maruti,201,1,M16_2021-06-08_1_201,7,Undetermined,M16 H00300,M16 A00300,M16 W00300,Dissection done without taking photo,NA,negative
M16,june_2021_arm_1,ento_form_2b_female_anopheles_reared_2220,1,6/8/21,NA,15,7/21/21,7/21/21,Complete,Maruti,201,2,M16_2021-06-08_2_201,7,Undetermined,M16 H00301,M16 A00301,M16 W00301,Dissection done without taking photo,NA,negative
M16,june_2021_arm_1,ento_form_2b_female_anopheles_reared_2220,1,6/8/21,NA,15,7/21/21,7/21/21,Complete,Maruti,201,3,M16_2021-06-08_3_201,7,Undetermined,M16 H00302,M16 A00302,M16 W00302,Dissection done without taking photo,NA,positive
M16,june_2021_arm_1,ento_form_2b_female_anopheles_reared_2220,1,6/8/21,NA,15,7/21/21,7/21/21,Complete,Maruti,201,4,M16_2021-06-08_4_201,7,Undetermined,M16 H00303,M16 A00303,M16 W00303,Dissection done without taking photo,NA,negative
M16,june_2021_arm_1,ento_form_2b_female_anopheles_reared_2220,1,6/8/21,NA,15,7/21/21,7/21/21,Complete,Maruti,201,5,M16_2021-06-08_5_201,7,Undetermined,M16 H00304,M16 A00304,M16 W00304,Dissection done without taking photo,NA,negative
M16,june_2021_arm_1,ento_form_2b_female_anopheles_reared_2220,1,6/8/21,NA,15,7/21/21,7/21/21,Complete,Maruti,201,6,M16_2021-06-08_6_201,7,Undetermined,M16 H00305,M16 A00305,M16 W00305,Dissection done without taking photo,NA,negative
M16,june_2021_arm_1,ento_form_2b_female_anopheles_reared_2220,1,6/8/21,NA,15,7/21/21,7/21/21,Complete,Maruti,201,7,M16_2021-06-08_7_201,7,Undetermined,M16 H00306,M16 A00306,M16 W00306,Dissection done without taking photo,NA,negative
M16,june_2021_arm_1,ento_form_2b_female_anopheles_reared_2220,1,6/8/21,NA,15,7/21/21,7/21/21,Complete,Maruti,201,8,M16_2021-06-08_8_201,7,Undetermined,M16 H00307,M16 A00307,M16 W00307,Dissection done without taking photo,NA,negative
M16,june_2021_arm_1,ento_form_2b_female_anopheles_reared_2220,1,6/8/21,NA,15,7/21/21,7/21/21,Complete,Maruti,201,9,M16_2021-06-08_9_201,7,Undetermined,M16 H00308,M16 A00308,M16 W00308,Dissection done without taking photo,NA,negative
M16,june_2021_arm_1,ento_form_2b_female_anopheles_reared_2220,1,6/8/21,NA,15,7/21/21,7/21/21,Complete,Maruti,201,10,M16_2021-06-08_10_201,7,An. gambiae,M16 H00309,M16 A00309,M16 W00309,NA,NA,negative
M16,june_2021_arm_1,ento_form_2b_female_anopheles_reared_2220,1,6/8/21,NA,15,7/21/21,7/21/21,Complete,Maruti,201,11,M16_2021-06-08_11_201,7,An. gambiae,M16 H00310,M16 A00310,M16 W00310,NA,NA,negative
M16,june_2021_arm_1,ento_form_2b_female_anopheles_reared_2220,1,6/8/21,NA,15,7/21/21,7/21/21,Complete,Maruti,201,12,M16_2021-06-08_12_201,7,An. funestus,M16 H00311,M16 A00311,M16 W00311,NA,NA,negative
M16,june_2021_arm_1,ento_form_2b_female_anopheles_reared_2220,1,6/8/21,NA,15,7/21/21,7/21/21,Complete,Maruti,201,13,M16_2021-06-08_13_201,7,An. funestus,M16 H00312,M16 A00312,M16 W00312,NA,NA,positive
M16,june_2021_arm_1,ento_form_2b_female_anopheles_reared_2220,1,6/8/21,NA,15,7/21/21,7/21/21,Complete,Maruti,201,14,M16_2021-06-08_14_201,7,An. funestus,M16 H00313,M16 A00313,M16 W00313,NA,NA,negative
M16,june_2021_arm_1,ento_form_2b_female_anopheles_reared_2220,1,6/8/21,NA,15,7/21/21,7/21/21,Complete,Maruti,201,15,M16_2021-06-08_15_201,7,An. funestus,M16 H00314,M16 A00314,M16 W00314,NA,NA,negative
M16,june_2021_arm_1,ento_form_2b_female_anopheles_reared_2220,2,6/8/21,NA,13,7/21/21,7/21/21,Complete,Maruti,202,1,M16_2021-06-08_1_202,1,An. funestus,M16 H00244,M16 A00244,M16 W00244,NA,NA,positive
M16,june_2021_arm_1,ento_form_2b_female_anopheles_reared_2220,2,6/8/21,NA,13,7/21/21,7/21/21,Complete,Maruti,202,2,M16_2021-06-08_2_202,1,Undetermined,M16 H00245,M16 A00245,M16 W00245,No Hind legs,NA,positive
M16,june_2021_arm_1,ento_form_2b_female_anopheles_reared_2220,2,6/8/21,NA,13,7/21/21,7/21/21,Complete,Maruti,202,3,M16_2021-06-08_3_202,1,An. gambiae,M16 H00246,M16 A00246,M16 W00246,NA,NA,negative
M16,june_2021_arm_1,ento_form_2b_female_anopheles_reared_2220,2,6/8/21,NA,13,7/21/21,7/21/21,Complete,Maruti,202,4,M16_2021-06-08_4_202,1,An. gambiae,M16 H00247,M16 A00247,M16 W00247,NA,NA,negative
M16,june_2021_arm_1,ento_form_2b_female_anopheles_reared_2220,2,6/8/21,NA,13,7/21/21,7/21/21,Complete,Maruti,202,5,M16_2021-06-08_5_202,1,An. funestus,M16 H00248,M16 A00248,M16 W00248,NA,NA,negative
M16,june_2021_arm_1,ento_form_2b_female_anopheles_reared_2220,2,6/8/21,NA,13,7/21/21,7/21/21,Complete,Maruti,202,6,M16_2021-06-08_6_202,1,An. funestus,M16 H00249,M16 A00249,M16 W00249,NA,NA,negative
M16,june_2021_arm_1,ento_form_2b_female_anopheles_reared_2220,2,6/8/21,NA,13,7/21/21,7/21/21,Complete,Maruti,202,7,M16_2021-06-08_7_202,1,An. funestus,M16 H00250,M16 A00250,M16 W00250,NA,NA,negative
M16,june_2021_arm_1,ento_form_2b_female_anopheles_reared_2220,2,6/8/21,NA,13,7/21/21,7/21/21,Complete,Maruti,202,8,M16_2021-06-08_8_202,1,An. gambiae,M16 H00251,M16 A00251,M16 W00251,NA,NA,negative
M16,june_2021_arm_1,ento_form_2b_female_anopheles_reared_2220,2,6/8/21,NA,13,7/21/21,7/21/21,Complete,Maruti,202,9,M16_2021-06-08_9_202,2,An. gambiae,M16 H00252,M16 A00252,M16 W00252,NA,NA,positive
M16,june_2021_arm_1,ento_form_2b_female_anopheles_reared_2220,2,6/8/21,NA,13,7/21/21,7/21/21,Complete,Maruti,202,10,M16_2021-06-08_10_202,2,An. demeilloni,M16 H00253,M16 A00253,M16 W00253,NA,NA,negative
M16,june_2021_arm_1,ento_form_2b_female_anopheles_reared_2220,2,6/8/21,NA,13,7/21/21,7/21/21,Complete,Maruti,202,11,M16_2021-06-08_11_202,2,An. gambiae,M16 H00254,M16 A00254,M16 W00254,NA,NA,negative
M16,june_2021_arm_1,ento_form_2b_female_anopheles_reared_2220,2,6/8/21,NA,13,7/21/21,7/21/21,Complete,Maruti,202,12,M16_2021-06-08_12_202,2,An. funestus,M16 H00255,M16 A00255,M16 W00255,NA,NA,negative
M16,june_2021_arm_1,ento_form_2b_female_anopheles_reared_2220,2,6/8/21,NA,13,7/21/21,7/21/21,Complete,Maruti,202,13,M16_2021-06-08_13_202,2,An. funestus,M16 H00256,M16 A00256,M16 W00256,NA,NA,negative
M16,june_2021_arm_1,ento_form_2b_female_anopheles_reared_2220,3,6/8/21,NA,7,7/21/21,7/21/21,Complete,Maruti,203,1,M16_2021-06-08_1_203,7,An. gambiae,M16 H00315,M16 A00315,M16 W00315,NA,NA,negative
M16,june_2021_arm_1,ento_form_2b_female_anopheles_reared_2220,3,6/8/21,NA,7,7/21/21,7/21/21,Complete,Maruti,203,2,M16_2021-06-08_2_203,7,An. funestus,M16 H00316,M16 A00316,M16 W00316,NA,NA,positive
M16,june_2021_arm_1,ento_form_2b_female_anopheles_reared_2220,3,6/8/21,NA,7,7/21/21,7/21/21,Complete,Maruti,203,3,M16_2021-06-08_3_203,7,An. funestus,M16 H00317,M16 A00317,M16 W00317,NA,NA,negative
M16,june_2021_arm_1,ento_form_2b_female_anopheles_reared_2220,3,6/8/21,NA,7,7/21/21,7/21/21,Complete,Maruti,203,4,M16_2021-06-08_4_203,7,An. funestus,M16 H00318,M16 A00318,M16 W00318,NA,NA,negative
M16,june_2021_arm_1,ento_form_2b_female_anopheles_reared_2220,3,6/8/21,NA,7,7/21/21,7/21/21,Complete,Maruti,203,5,M16_2021-06-08_5_203,7,An. funestus,M16 H00319,M16 A00319,M16 W00319,NA,NA,negative
M16,june_2021_arm_1,ento_form_2b_female_anopheles_reared_2220,3,6/8/21,NA,7,7/21/21,7/21/21,Complete,Maruti,203,6,M16_2021-06-08_6_203,7,An. funestus,M16 H00320,M16 A00320,M16 W00320,NA,NA,negative
M16,june_2021_arm_1,ento_form_2b_female_anopheles_reared_2220,3,6/8/21,NA,7,7/21/21,7/21/21,Complete,Maruti,203,7,M16_2021-06-08_7_203,7,An. funestus,M16 H00321,M16 A00321,M16 W00321,NA,NA,positive
M16,july_2021_arm_1,ento_form_2b_female_anopheles_reared_2220,1,7/13/21,NA,1,8/16/21,8/16/21,Complete,Maruti,204,1,M16_2021-07-13_1_204,7,An. funestus,M16 H00367,M16 A00367,M16 W00367,NA,NA,negative
M17,march_2020_arm_1,ento_form_2b_female_anopheles_reared_2220,1,3/10/20,NA,1,3/24/20,3/24/20,Complete,Maruti,205,1,M17_2020-03-10_1_205,3,An. gambiae,M17 H00005,M17 A00005,M17 W00005,NA,NA,negative
M17,february_2020_arm_1,ento_form_2b_female_anopheles_reared_2220,1,2/11/20,NA,1,4/28/20,4/28/20,Complete,Maruti,206,1,M17_2020-02-11_1_206,3,An. gambiae,M17 H00004,M17 A00004,M17 W00004,NA,NA,positive
M17,august_2020_arm_1,ento_form_2b_female_anopheles_reared_2220,1,8/11/20,NA,1,9/3/20,9/3/20,Complete,Maruti,207,1,M17_2020-08-11_1_207,1,An. gambiae,M17 H00008,M17 A00008,M17 W00008,NA,NA,negative
M17,october_2020_arm_1,ento_form_2b_female_anopheles_reared_2220,1,10/13/20,NA,1,10/29/20,10/29/20,Complete,Maruti,208,1,M17_2020-10-13_1_208,1,An. gambiae,M17 H00012,M17 A00012,M17 W00012,NA,NA,negative
M17,january_2021_arm_1,ento_form_2b_female_anopheles_reared_2220,1,1/12/21,NA,1,2/17/21,2/17/21,Complete,Maruti,209,1,M17_2021-01-12_1_209,7,Undetermined,M17 H00024,M17 A00024,M17 W00024,Too pale,NA,negative
M17,feburary_2021_arm_1,ento_form_2b_female_anopheles_reared_2220,1,2/9/21,NA,8,3/8/21,3/8/21,Complete,Maruti,210,1,M17_2021-02-09_1_210,1,An. rufipes,M17 H00031,M17 A00031,M17 W00031,NA,NA,negative
M17,feburary_2021_arm_1,ento_form_2b_female_anopheles_reared_2220,1,2/9/21,NA,8,3/8/21,3/8/21,Complete,Maruti,210,2,M17_2021-02-09_2_210,2,An. funestus,M17 H00032,M17 A00032,M17 W00032,NA,NA,negative
M17,feburary_2021_arm_1,ento_form_2b_female_anopheles_reared_2220,1,2/9/21,NA,8,3/8/21,3/8/21,Complete,Maruti,210,3,M17_2021-02-09_3_210,7,An. funestus,M17 H00047,M17 A00047,M17 W00047,NA,NA,negative
M17,feburary_2021_arm_1,ento_form_2b_female_anopheles_reared_2220,1,2/9/21,NA,8,3/8/21,3/8/21,Complete,Maruti,210,4,M17_2021-02-09_4_210,7,An. funestus,M17 H00048,M17 A00048,M17 W00048,NA,NA,negative
M17,feburary_2021_arm_1,ento_form_2b_female_anopheles_reared_2220,1,2/9/21,NA,8,3/8/21,3/8/21,Complete,Maruti,210,5,M17_2021-02-09_5_210,7,An. demeilloni,M17 H00049,M17 A00049,M17 W00049,NA,NA,negative
M17,feburary_2021_arm_1,ento_form_2b_female_anopheles_reared_2220,1,2/9/21,NA,8,3/8/21,3/8/21,Complete,Maruti,210,6,M17_2021-02-09_6_210,7,An. funestus,M17 H00050,M17 A00050,M17 W00050,NA,NA,negative
M17,feburary_2021_arm_1,ento_form_2b_female_anopheles_reared_2220,1,2/9/21,NA,8,3/8/21,3/8/21,Complete,Maruti,210,7,M17_2021-02-09_7_210,7,An. rufipes,M17 H00051,M17 A00051,M17 W00051,NA,NA,negative
M17,feburary_2021_arm_1,ento_form_2b_female_anopheles_reared_2220,1,2/9/21,NA,8,3/8/21,3/8/21,Complete,Maruti,210,8,M17_2021-02-09_8_210,7,An. funestus,M17 H00052,M17 A00052,M17 W00052,NA,NA,negative
M17,april_2021_arm_1,ento_form_2b_female_anopheles_reared_2220,1,4/13/21,NA,4,5/7/21,5/7/21,Complete,Maruti,211,1,M17_2021-04-13_1_211,2,An. funestus,M17 H00080,M17 A00080,M17 W00080,NA,NA,negative
M17,april_2021_arm_1,ento_form_2b_female_anopheles_reared_2220,1,4/13/21,NA,4,5/7/21,5/7/21,Complete,Maruti,211,2,M17_2021-04-13_2_211,7,An. gambiae,M17 H00083,M17 A00083,M17 W00083,NA,NA,negative
M17,april_2021_arm_1,ento_form_2b_female_anopheles_reared_2220,1,4/13/21,NA,4,5/7/21,5/7/21,Complete,Maruti,211,3,M17_2021-04-13_3_211,7,An. gambiae,M17 H00084,M17 A00084,M17 W00084,NA,NA,positive
M17,april_2021_arm_1,ento_form_2b_female_anopheles_reared_2220,1,4/13/21,NA,4,5/7/21,5/7/21,Complete,Maruti,211,4,M17_2021-04-13_4_211,7,An. funestus,M17 H00085,M17 A00085,M17 W00085,NA,NA,negative
M17,may_2021_arm_1,ento_form_2b_female_anopheles_reared_2220,1,5/11/21,NA,1,6/17/21,6/17/21,Complete,Maruti,212,1,M17_2021-05-11_1_212,7,An. funestus,M17 H00109,M17 A00109,M17 W00109,Processed day 9,NA,negative
M17,july_2021_arm_1,ento_form_2b_female_anopheles_reared_2220,1,7/13/21,NA,2,8/16/21,8/16/21,Complete,Maruti,213,1,M17_2021-07-13_1_213,2,An. funestus,M17 H00177,M17 A00177,M17 W00177,NA,NA,negative
M17,july_2021_arm_1,ento_form_2b_female_anopheles_reared_2220,1,7/13/21,NA,2,8/16/21,8/16/21,Complete,Maruti,213,2,M17_2021-07-13_2_213,7,An. funestus,M17 H00178,M17 A00178,M17 W00178,NA,NA,negative
M17,april_2022_arm_1,ento_form_2b_female_anopheles_reared_2220,1,4/20/22,NA,1,5/16/22,5/16/22,Complete,Maruti,214,1,M17_2022-04-20_1_214,7,An. funestus,M17 H00199,M17 A00199,M17 W00199,NA,NA,NA
M17,june_2022_arm_1,ento_form_2b_female_anopheles_reared_2220,1,6/7/22,NA,3,7/5/22,7/5/22,Complete,Maruti,215,1,M17_2022-06-07_1_215,1,An. gambiae,M17 H00202,M17 A00202,M17 W00202,NA,NA,NA
M17,june_2022_arm_1,ento_form_2b_female_anopheles_reared_2220,1,6/7/22,NA,3,7/5/22,7/5/22,Complete,Maruti,215,2,M17_2022-06-07_2_215,7,An. funestus,M17 H00207,M17 A00207,M17 W00207,NA,NA,NA
M17,june_2022_arm_1,ento_form_2b_female_anopheles_reared_2220,1,6/7/22,NA,3,7/5/22,7/5/22,Complete,Maruti,215,3,M17_2022-06-07_3_215,7,An. funestus,M17 H00208,M17 A00208,M17 W00208,NA,NA,NA
M17,august_2022_arm_1,ento_form_2b_female_anopheles_reared_2220,1,8/16/22,NA,1,8/30/22,8/30/22,Complete,Maruti,216,1,M17_2022-08-16_1_216,7,An. funestus,M17 H00214,M17 A00214,M17 W00214,NA,NA,NA
M18,september_2020_arm_1,ento_form_2b_female_anopheles_reared_2220,1,9/8/20,NA,1,9/30/20,9/30/20,Complete,Maruti,217,1,M18_2020-09-08_1_217,5,An. funestus,M18 H00001,M18 A00001,M18 W00001,NA,NA,negative
M18,june_2021_arm_1,ento_form_2b_female_anopheles_reared_2220,1,6/8/21,NA,1,7/22/21,7/22/21,Complete,Maruti,218,1,M18_2021-06-08_1_218,7,An. funestus,M18 H00008,M18 A00008,M18 W00008,NA,NA,negative
M18,july_2021_arm_1,ento_form_2b_female_anopheles_reared_2220,1,7/13/21,NA,4,8/16/21,8/16/21,Complete,Maruti,219,1,M18_2021-07-13_1_219,7,An. funestus,M18 H00012,M18 A00012,M18 W00012,NA,NA,negative
M18,july_2021_arm_1,ento_form_2b_female_anopheles_reared_2220,1,7/13/21,NA,4,8/16/21,8/16/21,Complete,Maruti,219,2,M18_2021-07-13_2_219,7,An. funestus,M18 H00013,M18 A00013,M18 W00013,NA,NA,negative
M18,july_2021_arm_1,ento_form_2b_female_anopheles_reared_2220,1,7/13/21,NA,4,8/16/21,8/16/21,Complete,Maruti,219,3,M18_2021-07-13_3_219,7,An. funestus,M18 H00014,M18 A00014,M18 W00014,NA,NA,negative
M18,july_2021_arm_1,ento_form_2b_female_anopheles_reared_2220,1,7/13/21,NA,4,8/16/21,8/16/21,Complete,Maruti,219,4,M18_2021-07-13_4_219,7,An. funestus,M18 H00015,M18 A00015,M18 W00015,NA,NA,negative
N03,january_2021_arm_1,ento_form_2b_female_anopheles_reared_2220,1,1/21/21,NA,1,2/17/21,2/17/21,Complete,Nangili,220,1,N03_2021-01-21_1_220,1,Undetermined,N03 H00002,N03 A00002,N03 W00002,NA,NA,negative
N03,march_2021_arm_1,ento_form_2b_female_anopheles_reared_2220,1,3/18/21,NA,2,4/7/21,4/7/21,Complete,Nangili,221,1,N03_2021-03-18_1_221,3,An. funestus,N03 H00011,N03 A00011,N03 W00011,NA,NA,negative
N03,march_2021_arm_1,ento_form_2b_female_anopheles_reared_2220,1,3/18/21,NA,2,4/7/21,4/7/21,Complete,Nangili,221,2,N03_2021-03-18_2_221,7,An. funestus,N03 H00012,N03 A00012,N03 W00012,NA,NA,negative
N03,april_2021_arm_1,ento_form_2b_female_anopheles_reared_2220,1,4/22/21,NA,1,5/7/21,5/7/21,Complete,Nangili,222,1,N03_2021-04-22_1_222,7,An. gambiae,N03 H00013,N03 A00013,N03 W00013,NA,NA,negative
N03,may_2021_arm_1,ento_form_2b_female_anopheles_reared_2220,1,5/20/21,NA,3,6/23/21,6/23/21,Complete,Nangili,223,1,N03_2021-05-20_1_223,7,An. gambiae,N03 H00022,N03 A00022,N03 W00022,NA,NA,negative
N03,may_2021_arm_1,ento_form_2b_female_anopheles_reared_2220,1,5/20/21,NA,3,6/23/21,6/23/21,Complete,Nangili,223,2,N03_2021-05-20_2_223,7,An. gambiae,N03 H00023,N03 A00023,N03 W00023,NA,NA,negative
N03,may_2021_arm_1,ento_form_2b_female_anopheles_reared_2220,1,5/20/21,NA,3,6/23/21,6/23/21,Complete,Nangili,223,3,N03_2021-05-20_3_223,7,An. gambiae,N03 H00024,N03 A00024,N03 W00024,NA,NA,negative
N03,june_2021_arm_1,ento_form_2b_female_anopheles_reared_2220,1,6/17/21,NA,3,7/19/21,7/19/21,Complete,Nangili,224,1,N03_2021-06-17_1_224,7,An. funestus,N03 H00030,N03 A00030,N03 W00030,NA,NA,negative
N03,june_2021_arm_1,ento_form_2b_female_anopheles_reared_2220,1,6/17/21,NA,3,7/19/21,7/19/21,Complete,Nangili,224,2,N03_2021-06-17_2_224,7,An. gambiae,N03 H00031,N03 A00031,N03 W00031,NA,NA,negative
N03,june_2021_arm_1,ento_form_2b_female_anopheles_reared_2220,1,6/17/21,NA,3,7/19/21,7/19/21,Complete,Nangili,224,3,N03_2021-06-17_3_224,7,An. gambiae,N03 H00032,N03 A00032,N03 W00032,NA,NA,negative
N03,october_2021_arm_1,ento_form_2b_female_anopheles_reared_2220,1,10/21/21,NA,1,11/3/21,11/3/21,Complete,Nangili,225,1,N03_2021-10-21_1_225,7,An. gambiae,N03 H00033,N03 A00033,N03 W00033,NA,NA,negative
N03,may_2022_arm_1,ento_form_2b_female_anopheles_reared_2220,1,5/19/22,NA,1,6/6/22,6/6/22,Complete,Nangili,226,1,N03_2022-05-19_1_226,7,An. gambiae,N03 H00037,N03 A00037,N03 W00037,NA,NA,NA
N03,june_2022_arm_1,ento_form_2b_female_anopheles_reared_2220,1,6/16/22,NA,1,7/5/22,7/5/22,Complete,Nangili,227,1,N03_2022-06-16_1_227,1,An. gambiae,N03 H00038,N03 A00038,N03 W00038,NA,NA,NA
N03,july_2022_arm_1,ento_form_2b_female_anopheles_reared_2220,1,7/14/22,NA,1,8/5/22,8/5/22,Complete,Nangili,228,1,N03_2022-07-14_1_228,1,An. demeilloni,N03 H00039,N03 A00039,N03 W00039,NA,NA,NA
N04,december_2020_arm_1,ento_form_2b_female_anopheles_reared_2220,1,12/10/20,NA,1,12/22/20,12/22/20,Complete,Nangili,229,1,N04_2020-12-10_1_229,3,An. funestus,N04 H00006,N04 A00006,N04 W00006,NA,NA,negative
N04,june_2021_arm_1,ento_form_2b_female_anopheles_reared_2220,1,6/17/21,NA,1,7/19/21,7/19/21,Complete,Nangili,230,1,N04_2021-06-17_1_230,7,An. gambiae,N04 H00027,N04 A00027,N04 W00027,NA,NA,negative
N04,may_2021_arm_1,ento_form_2b_female_anopheles_reared_2220,1,5/20/21,NA,1,7/19/21,7/19/21,Complete,Nangili,231,1,N04_2021-05-20_1_231,7,An. gambiae,N04 H00014,N04 A00014,N04 W00014,NA,NA,negative
N04,april_2022_arm_1,ento_form_2b_female_anopheles_reared_2220,1,4/6/22,NA,1,5/16/22,5/16/22,Complete,Nangili,232,1,N04_2022-04-06_1_232,7,An. funestus,N04 H00029,N04 A00029,N04 W00029,NA,NA,NA
N04,june_2022_arm_1,ento_form_2b_female_anopheles_reared_2220,1,6/16/22,NA,1,7/5/22,7/5/22,Complete,Nangili,233,1,N04_2022-06-16_1_233,4,An. gambiae,N04 H00033,N04 A00033,N04 W00033,NA,NA,NA
N05,december_2020_arm_1,ento_form_2b_female_anopheles_reared_2220,1,12/10/20,NA,1,12/22/20,12/22/20,Complete,Nangili,234,1,N05_2020-12-10_1_234,3,An. gambiae,N05 H00002,N05 A00002,N05 W00002,NA,NA,negative
N05,august_2022_arm_1,ento_form_2b_female_anopheles_reared_2220,1,8/18/22,NA,1,8/30/22,8/30/22,Complete,Nangili,235,1,N05_2022-08-18_1_235,3,An. demeilloni,N05 H00003,N05 A00003,N05 W00003,NA,NA,NA
N07,february_2020_arm_1,ento_form_2b_female_anopheles_reared_2220,1,2/20/20,NA,1,4/23/20,4/23/20,Complete,Nangili,236,1,N07_2020-02-20_1_236,0,An. gambiae,N07 H00001,N07 A00001,N07 W00001,NA,NA,negative
N07,may_2021_arm_1,ento_form_2b_female_anopheles_reared_2220,1,5/20/21,NA,6,7/19/21,7/19/21,Complete,Nangili,237,1,N07_2021-05-20_1_237,7,An. funestus,N07 H00013,N07 A00013,N07 W00013,NA,NA,negative
N07,may_2021_arm_1,ento_form_2b_female_anopheles_reared_2220,1,5/20/21,NA,6,7/19/21,7/19/21,Complete,Nangili,237,2,N07_2021-05-20_2_237,7,An. funestus,N07 H00014,N07 A00014,N07 W00014,NA,NA,negative
N07,may_2021_arm_1,ento_form_2b_female_anopheles_reared_2220,1,5/20/21,NA,6,7/19/21,7/19/21,Complete,Nangili,237,3,N07_2021-05-20_3_237,7,An. funestus,N07 H00015,N07 A00015,N07 W00015,NA,NA,negative
N07,may_2021_arm_1,ento_form_2b_female_anopheles_reared_2220,1,5/20/21,NA,6,7/19/21,7/19/21,Complete,Nangili,237,4,N07_2021-05-20_4_237,7,An. gambiae,N07 H00016,N07 A00016,N07 W00016,NA,NA,negative
N07,may_2021_arm_1,ento_form_2b_female_anopheles_reared_2220,1,5/20/21,NA,6,7/19/21,7/19/21,Complete,Nangili,237,5,N07_2021-05-20_5_237,7,An. funestus,N07 H00017,N07 A00017,N07 W00017,NA,NA,negative
N07,may_2021_arm_1,ento_form_2b_female_anopheles_reared_2220,1,5/20/21,NA,6,7/19/21,7/19/21,Complete,Nangili,237,6,N07_2021-05-20_6_237,7,An. gambiae,N07 H00018,N07 A00018,N07 W00018,NA,NA,negative
N07,june_2021_arm_1,ento_form_2b_female_anopheles_reared_2220,1,6/17/21,NA,4,7/19/21,7/19/21,Complete,Nangili,238,1,N07_2021-06-17_1_238,7,An. gambiae,N07 H00021,N07 A00021,N07 W00021,NA,NA,negative
N07,june_2021_arm_1,ento_form_2b_female_anopheles_reared_2220,1,6/17/21,NA,4,7/19/21,7/19/21,Complete,Nangili,238,2,N07_2021-06-17_2_238,7,An. funestus,N07 H00022,N07 A00022,N07 W00022,NA,NA,negative
N07,june_2021_arm_1,ento_form_2b_female_anopheles_reared_2220,1,6/17/21,NA,4,7/19/21,7/19/21,Complete,Nangili,238,3,N07_2021-06-17_3_238,7,An. funestus,N07 H00023,N07 A00023,N07 W00023,NA,NA,positive
N07,june_2021_arm_1,ento_form_2b_female_anopheles_reared_2220,1,6/17/21,NA,4,7/19/21,7/19/21,Complete,Nangili,238,4,N07_2021-06-17_4_238,7,An. funestus,N07 H00024,N07 A00024,N07 W00024,NA,NA,negative
N07,may_2022_arm_1,ento_form_2b_female_anopheles_reared_2220,1,5/19/22,NA,1,6/6/22,6/6/22,Complete,Nangili,239,1,N07_2022-05-19_1_239,7,An. gambiae,N07 H00028,N07 A00028,N07 W00028,NA,NA,NA
N07,june_2022_arm_1,ento_form_2b_female_anopheles_reared_2220,1,6/16/22,NA,2,7/5/22,7/5/22,Complete,Nangili,240,1,N07_2022-06-16_1_240,4,An. gambiae,N07 H00031,N07 A00031,N07 W00031,NA,NA,NA
N07,june_2022_arm_1,ento_form_2b_female_anopheles_reared_2220,1,6/16/22,NA,2,7/5/22,7/5/22,Complete,Nangili,240,2,N07_2022-06-16_2_240,4,An. funestus,N07 H00032,N07 A00032,N07 W00032,NA,NA,NA
N07,december_2022_arm_1,ento_form_2b_female_anopheles_reared_2220,1,12/15/22,NA,1,1/10/23,1/10/23,Complete,Nangili,241,1,N07_2022-12-15_1_241,4,An. rufipes,N07 H00036,N07 A00036,N07 W00036,NA,NA,NA
N08,feburary_2021_arm_1,ento_form_2b_female_anopheles_reared_2220,1,2/18/21,NA,1,3/8/21,3/8/21,Complete,Nangili,242,1,N08_2021-02-18_1_242,7,Undetermined,N08 H00006,N08 A00006,N08 W00006,Broken hind legs,NA,negative
N08,march_2021_arm_1,ento_form_2b_female_anopheles_reared_2220,1,3/18/21,NA,1,4/7/21,4/7/21,Complete,Nangili,243,1,N08_2021-03-18_1_243,7,An. funestus,N08 H00008,N08 A00008,N08 W00008,NA,NA,negative
N08,may_2021_arm_1,ento_form_2b_female_anopheles_reared_2220,1,5/20/21,NA,2,6/23/21,6/23/21,Complete,Nangili,244,1,N08_2021-05-20_1_244,7,An. gambiae,N08 H00010,N08 A00010,N08 W00010,NA,NA,negative
N08,may_2021_arm_1,ento_form_2b_female_anopheles_reared_2220,1,5/20/21,NA,2,6/23/21,6/23/21,Complete,Nangili,244,2,N08_2021-05-20_2_244,7,An. funestus,N08 H00011,N08 A00011,N08 W00011,NA,NA,negative
N08,april_2022_arm_1,ento_form_2b_female_anopheles_reared_2220,1,4/6/22,NA,2,5/16/22,5/16/22,Complete,Nangili,245,1,N08_2022-04-06_1_245,0,An. demeilloni,N08 H00041,N08 A00041,N08 W00041,NA,NA,NA
N08,april_2022_arm_1,ento_form_2b_female_anopheles_reared_2220,1,4/6/22,NA,2,5/16/22,5/16/22,Complete,Nangili,245,2,N08_2022-04-06_2_245,0,An. funestus,N08 H00042,N08 A00042,N08 W00042,NA,NA,NA
N09,november_2020_arm_1,ento_form_2b_female_anopheles_reared_2220,1,11/19/20,NA,1,11/30/20,11/30/20,Complete,Nangili,246,1,N09_2020-11-19_1_246,1,An. gambiae,N09 H00007,N09 A00007,N09 W00007,NA,NA,negative
N09,june_2021_arm_1,ento_form_2b_female_anopheles_reared_2220,1,6/17/21,NA,2,7/19/21,7/19/21,Complete,Nangili,247,1,N09_2021-06-17_1_247,7,An. gambiae,N09 H00012,N09 A00012,N09 W00012,NA,NA,negative
N09,june_2021_arm_1,ento_form_2b_female_anopheles_reared_2220,1,6/17/21,NA,2,7/19/21,7/19/21,Complete,Nangili,247,2,N09_2021-06-17_2_247,7,An. funestus,N09 H00013,N09 A00013,N09 W00013,NA,NA,negative
N10,june_2020_arm_1,ento_form_2b_female_anopheles_reared_2220,1,6/18/20,NA,1,7/8/20,7/8/20,Complete,Nangili,248,1,N10_2020-06-18_1_248,1,An. gambiae,N10 H00003,N10 A00003,N10 W00003,NA,NA,negative
N10,june_2022_arm_1,ento_form_2b_female_anopheles_reared_2220,1,6/16/22,NA,1,7/5/22,7/5/22,Complete,Nangili,249,1,N10_2022-06-16_1_249,5,An. gambiae,N10 H00012,N10 A00012,N10 W00012,NA,NA,NA
N11,august_2020_arm_1,ento_form_2b_female_anopheles_reared_2220,1,8/20/20,NA,2,9/3/20,9/3/20,Complete,Nangili,250,1,N11_2020-08-20_1_250,1,An. funestus,N11 H00005,N11 A00005,N11 W00005,NA,NA,negative
N11,august_2020_arm_1,ento_form_2b_female_anopheles_reared_2220,1,8/20/20,NA,2,9/3/20,9/3/20,Complete,Nangili,250,2,N11_2020-08-20_2_250,7,An. gambiae,N11 H00006,N11 A00006,N11 W00006,NA,NA,negative
N11,november_2020_arm_1,ento_form_2b_female_anopheles_reared_2220,1,11/19/20,NA,1,11/30/20,11/30/20,Complete,Nangili,251,1,N11_2020-11-19_1_251,5,An. gambiae,N11 H00007,N11 A00007,N11 W00007,NA,NA,positive
N11,may_2021_arm_1,ento_form_2b_female_anopheles_reared_2220,1,5/20/21,NA,2,6/23/21,6/23/21,Complete,Nangili,252,1,N11_2021-05-20_1_252,7,An. gambiae,N11 H00018,N11 A00018,N11 W00018,NA,NA,negative
N11,may_2021_arm_1,ento_form_2b_female_anopheles_reared_2220,1,5/20/21,NA,2,6/23/21,6/23/21,Complete,Nangili,252,2,N11_2021-05-20_2_252,7,An. gambiae,N11 H00019,N11 A00019,N11 W00019,NA,NA,negative
N11,june_2021_arm_1,ento_form_2b_female_anopheles_reared_2220,1,6/17/21,NA,2,7/21/21,7/21/21,Complete,Nangili,253,1,N11_2021-06-17_1_253,7,An. funestus,N11 H00027,N11 A00027,N11 W00027,NA,NA,negative
N11,june_2021_arm_1,ento_form_2b_female_anopheles_reared_2220,1,6/17/21,NA,2,7/21/21,7/21/21,Complete,Nangili,253,2,N11_2021-06-17_2_253,7,An. gambiae,N11 H00028,N11 A00028,N11 W00028,NA,NA,negative
N11,february_2022_arm_1,ento_form_2b_female_anopheles_reared_2220,1,2/17/22,NA,1,3/7/22,3/7/22,Complete,Nangili,254,1,N11_2022-02-17_1_254,1,An. rufipes,N11 H00032,N11 A00032,N11 W00032,No hind legs,NA,NA
N11,may_2022_arm_1,ento_form_2b_female_anopheles_reared_2220,1,5/19/22,NA,1,6/6/22,6/6/22,Complete,Nangili,255,1,N11_2022-05-19_1_255,7,An. gambiae,N11 H00035,N11 A00035,N11 W00035,NA,NA,NA
N12,june_2021_arm_1,ento_form_2b_female_anopheles_reared_2220,1,6/17/21,NA,3,7/21/21,7/21/21,Complete,Nangili,256,1,N12_2021-06-17_1_256,7,An. gambiae,N12 H00004,N12 A00004,N12 W00004,NA,NA,negative
N12,june_2021_arm_1,ento_form_2b_female_anopheles_reared_2220,1,6/17/21,NA,3,7/21/21,7/21/21,Complete,Nangili,256,2,N12_2021-06-17_2_256,7,An. gambiae,N12 H00005,N12 A00005,N12 W00005,NA,NA,negative
N12,june_2021_arm_1,ento_form_2b_female_anopheles_reared_2220,1,6/17/21,NA,3,7/21/21,7/21/21,Complete,Nangili,256,3,N12_2021-06-17_3_256,4,An. gambiae,N12 H00003,N12 A00003,N12 W00003,NA,NA,negative
N12,june_2022_arm_1,ento_form_2b_female_anopheles_reared_2220,1,6/16/22,NA,2,7/5/22,7/5/22,Complete,Nangili,257,1,N12_2022-06-16_1_257,7,An. gambiae,N12 H00010,N12 A00010,N12 W00010,NA,NA,NA
N12,june_2022_arm_1,ento_form_2b_female_anopheles_reared_2220,1,6/16/22,NA,2,7/5/22,7/5/22,Complete,Nangili,257,2,N12_2022-06-16_2_257,7,An. gambiae,N12 H00011,N12 A00011,N12 W00011,NA,NA,NA
N13,december_2020_arm_1,ento_form_2b_female_anopheles_reared_2220,1,12/10/20,NA,1,12/22/20,12/22/20,Complete,Nangili,258,1,N13_2020-12-10_1_258,3,An. gambiae,N13 H00009,N13 A00009,N13 W00009,NA,NA,negative
N13,feburary_2021_arm_1,ento_form_2b_female_anopheles_reared_2220,1,2/18/21,NA,3,3/8/21,3/8/21,Complete,Nangili,259,1,N13_2021-02-18_1_259,7,An. funestus,N13 H00012,N13 A00012,N13 W00012,NA,NA,negative
N13,feburary_2021_arm_1,ento_form_2b_female_anopheles_reared_2220,1,2/18/21,NA,3,3/8/21,3/8/21,Complete,Nangili,259,2,N13_2021-02-18_2_259,7,An. rufipes,N13 H00013,N13 A00013,N13 W00013,NA,NA,negative
N13,feburary_2021_arm_1,ento_form_2b_female_anopheles_reared_2220,1,2/18/21,NA,3,3/8/21,3/8/21,Complete,Nangili,259,3,N13_2021-02-18_3_259,7,An. funestus,N13 H00014,N13 A00014,N13 W00014,NA,NA,negative
N13,april_2021_arm_1,ento_form_2b_female_anopheles_reared_2220,1,4/22/21,NA,1,5/7/21,5/7/21,Complete,Nangili,260,1,N13_2021-04-22_1_260,7,An. funestus,N13 H00025,N13 A00025,N13 W00025,NA,NA,negative
N13,may_2021_arm_1,ento_form_2b_female_anopheles_reared_2220,1,5/20/21,NA,5,6/23/21,6/23/21,Complete,Nangili,261,1,N13_2021-05-20_1_261,7,An. gambiae,N13 H00044,N13 A00044,N13 W00044,NA,NA,negative
N13,may_2021_arm_1,ento_form_2b_female_anopheles_reared_2220,1,5/20/21,NA,5,6/23/21,6/23/21,Complete,Nangili,261,2,N13_2021-05-20_2_261,7,An. gambiae,N13 H00045,N13 A00045,N13 W00045,NA,NA,negative
N13,may_2021_arm_1,ento_form_2b_female_anopheles_reared_2220,1,5/20/21,NA,5,6/23/21,6/23/21,Complete,Nangili,261,3,N13_2021-05-20_3_261,7,An. gambiae,N13 H00046,N13 A00046,N13 W00046,NA,NA,negative
N13,may_2021_arm_1,ento_form_2b_female_anopheles_reared_2220,1,5/20/21,NA,5,6/23/21,6/23/21,Complete,Nangili,261,4,N13_2021-05-20_4_261,7,An. gambiae,N13 H00047,N13 A00047,N13 W00047,NA,NA,negative
N13,may_2021_arm_1,ento_form_2b_female_anopheles_reared_2220,1,5/20/21,NA,5,6/23/21,6/23/21,Complete,Nangili,261,5,N13_2021-05-20_5_261,7,An. gambiae,N13 H00048,N13 A00048,N13 W00048,NA,NA,negative
N13,june_2021_arm_1,ento_form_2b_female_anopheles_reared_2220,1,6/17/21,NA,11,7/21/21,7/21/21,Complete,Nangili,262,1,N13_2021-06-17_1_262,4,An. gambiae,N13 H00054,N13 A00054,N13 W00054,NA,NA,positive
N13,june_2021_arm_1,ento_form_2b_female_anopheles_reared_2220,1,6/17/21,NA,11,7/21/21,7/21/21,Complete,Nangili,262,2,N13_2021-06-17_2_262,4,An. gambiae,N13 H00055,N13 A00055,N13 W00055,NA,NA,negative
N13,june_2021_arm_1,ento_form_2b_female_anopheles_reared_2220,1,6/17/21,NA,11,7/21/21,7/21/21,Complete,Nangili,262,3,N13_2021-06-17_3_262,7,An. gambiae,N13 H00066,N13 A00066,N13 W00066,NA,NA,negative
N13,june_2021_arm_1,ento_form_2b_female_anopheles_reared_2220,1,6/17/21,NA,11,7/21/21,7/21/21,Complete,Nangili,262,4,N13_2021-06-17_4_262,7,An. gambiae,N13 H00067,N13 A00067,N13 W00067,NA,NA,negative
N13,june_2021_arm_1,ento_form_2b_female_anopheles_reared_2220,1,6/17/21,NA,11,7/21/21,7/21/21,Complete,Nangili,262,5,N13_2021-06-17_5_262,7,An. gambiae,N13 H00068,N13 A00068,N13 W00068,NA,NA,negative
N13,june_2021_arm_1,ento_form_2b_female_anopheles_reared_2220,1,6/17/21,NA,11,7/21/21,7/21/21,Complete,Nangili,262,6,N13_2021-06-17_6_262,7,An. funestus,N13 H00069,N13 A00069,N13 W00069,NA,NA,negative
N13,june_2021_arm_1,ento_form_2b_female_anopheles_reared_2220,1,6/17/21,NA,11,7/21/21,7/21/21,Complete,Nangili,262,7,N13_2021-06-17_7_262,7,An. funestus,N13 H00070,N13 A00070,N13 W00070,NA,NA,negative
N13,june_2021_arm_1,ento_form_2b_female_anopheles_reared_2220,1,6/17/21,NA,11,7/21/21,7/21/21,Complete,Nangili,262,8,N13_2021-06-17_8_262,7,An. funestus,N13 H00071,N13 A00071,N13 W00071,NA,NA,negative
N13,june_2021_arm_1,ento_form_2b_female_anopheles_reared_2220,1,6/17/21,NA,11,7/21/21,7/21/21,Complete,Nangili,262,9,N13_2021-06-17_9_262,7,An. gambiae,N13 H00072,N13 A00072,N13 W00072,NA,NA,NA
N13,june_2021_arm_1,ento_form_2b_female_anopheles_reared_2220,1,6/17/21,NA,11,7/21/21,7/21/21,Complete,Nangili,262,10,N13_2021-06-17_10_262,7,An. funestus,N13 H00073,N13 A00073,N13 W00073,NA,NA,negative
N13,june_2021_arm_1,ento_form_2b_female_anopheles_reared_2220,1,6/17/21,NA,11,7/21/21,7/21/21,Complete,Nangili,262,11,N13_2021-06-17_11_262,7,An. gambiae,N13 H00074,N13 A00074,N13 W00074,NA,NA,negative
N13,october_2021_arm_1,ento_form_2b_female_anopheles_reared_2220,1,10/21/21,NA,1,11/3/21,11/3/21,Complete,Nangili,263,1,N13_2021-10-21_1_263,7,An. funestus,N13 H00078,N13 A00078,N13 W00078,NA,NA,negative
N13,june_2022_arm_1,ento_form_2b_female_anopheles_reared_2220,1,6/16/22,NA,3,7/5/22,7/5/22,Complete,Nangili,264,1,N13_2022-06-16_1_264,7,An. gambiae,N13 H00082,N13 A00082,N13 W00082,NA,NA,NA
N13,june_2022_arm_1,ento_form_2b_female_anopheles_reared_2220,1,6/16/22,NA,3,7/5/22,7/5/22,Complete,Nangili,264,2,N13_2022-06-16_2_264,7,An. funestus,N13 H00083,N13 A00083,N13 W00083,NA,NA,NA
N13,june_2022_arm_1,ento_form_2b_female_anopheles_reared_2220,1,6/16/22,NA,3,7/5/22,7/5/22,Complete,Nangili,264,3,N13_2022-06-16_3_264,7,An. funestus,N13 H00084,N13 A00084,N13 W00084,NA,NA,NA
N14,feburary_2021_arm_1,ento_form_2b_female_anopheles_reared_2220,1,2/18/21,NA,1,3/8/21,3/8/21,Complete,Nangili,265,1,N14_2021-02-18_1_265,7,An. funestus,N14 H00005,N14 A00005,N14 W00005,NA,NA,negative
N14,march_2021_arm_1,ento_form_2b_female_anopheles_reared_2220,1,3/18/21,NA,1,4/7/21,4/7/21,Complete,Nangili,266,1,N14_2021-03-18_1_266,3,An. funestus,N14 H00006,N14 A00006,N14 W00006,NA,NA,negative
N14,may_2021_arm_1,ento_form_2b_female_anopheles_reared_2220,1,5/20/21,NA,5,6/23/21,6/23/21,Complete,Nangili,267,1,N14_2021-05-20_1_267,7,An. gambiae,N14 H00032,N14 A00032,N14 W00032,NA,NA,negative
N14,may_2021_arm_1,ento_form_2b_female_anopheles_reared_2220,1,5/20/21,NA,5,6/23/21,6/23/21,Complete,Nangili,267,2,N14_2021-05-20_2_267,7,An. funestus,N14 H00031,N14 A00031,N14 W00031,NA,NA,negative
N14,may_2021_arm_1,ento_form_2b_female_anopheles_reared_2220,1,5/20/21,NA,5,6/23/21,6/23/21,Complete,Nangili,267,3,N14_2021-05-20_3_267,7,An. gambiae,N14 H00033,N14 A00033,N14 W00033,Broken pulp,NA,negative
N14,may_2021_arm_1,ento_form_2b_female_anopheles_reared_2220,1,5/20/21,NA,5,6/23/21,6/23/21,Complete,Nangili,267,4,N14_2021-05-20_4_267,7,An. gambiae,N14 H00034,N14 A00034,N14 W00034,NA,NA,negative
N14,may_2021_arm_1,ento_form_2b_female_anopheles_reared_2220,1,5/20/21,NA,5,6/23/21,6/23/21,Complete,Nangili,267,5,N14_2021-05-20_5_267,7,An. gambiae,N14 H00035,N14 A00035,N14 W00035,NA,NA,negative
N14,june_2021_arm_1,ento_form_2b_female_anopheles_reared_2220,1,6/17/21,NA,1,7/21/21,7/21/21,Complete,Nangili,268,1,N14_2021-06-17_1_268,7,An. gambiae,N14 H00044,N14 A00044,N14 W00044,NA,NA,negative
N14,july_2021_arm_1,ento_form_2b_female_anopheles_reared_2220,1,7/22/21,NA,1,8/16/21,8/16/21,Complete,Nangili,269,1,N14_2021-07-22_1_269,7,An. funestus,N14 H00049,N14 A00049,N14 W00049,NA,NA,negative
N15,feburary_2021_arm_1,ento_form_2b_female_anopheles_reared_2220,1,2/18/21,NA,1,3/8/21,3/8/21,Complete,Nangili,270,1,N15_2021-02-18_1_270,7,An. funestus,N15 H00007,N15 A00007,N15 W00007,NA,NA,negative
N15,april_2021_arm_1,ento_form_2b_female_anopheles_reared_2220,1,4/22/21,NA,1,5/7/21,5/7/21,Complete,Nangili,271,1,N15_2021-04-22_1_271,6,An. gambiae,N15 H00014,N15 A00014,N15 W00014,NA,NA,negative
N15,may_2021_arm_1,ento_form_2b_female_anopheles_reared_2220,1,5/20/21,NA,3,6/23/21,6/23/21,Complete,Nangili,272,1,N15_2021-05-20_1_272,7,An. gambiae,N15 H00022,N15 A00022,N15 W00022,NA,NA,negative
N15,may_2021_arm_1,ento_form_2b_female_anopheles_reared_2220,1,5/20/21,NA,3,6/23/21,6/23/21,Complete,Nangili,272,2,N15_2021-05-20_2_272,7,An. gambiae,N15 H00023,N15 A00023,N15 W00023,NA,NA,negative
N15,may_2021_arm_1,ento_form_2b_female_anopheles_reared_2220,1,5/20/21,NA,3,6/23/21,6/23/21,Complete,Nangili,272,3,N15_2021-05-20_3_272,7,An. gambiae,N15 H00024,N15 A00024,N15 W00024,NA,NA,negative
N15,june_2021_arm_1,ento_form_2b_female_anopheles_reared_2220,1,6/17/21,NA,2,7/21/21,7/21/21,Complete,Nangili,273,1,N15_2021-06-17_1_273,7,An. funestus,N15 H00041,N15 A00041,N15 W00041,NA,NA,negative
N15,june_2021_arm_1,ento_form_2b_female_anopheles_reared_2220,1,6/17/21,NA,2,7/21/21,7/21/21,Complete,Nangili,273,2,N15_2021-06-17_2_273,7,An. gambiae,N15 H00042,N15 A00042,N15 W00042,NA,NA,negative
N15,april_2022_arm_1,ento_form_2b_female_anopheles_reared_2220,1,4/6/22,NA,1,5/16/22,5/16/22,Complete,Nangili,274,1,N15_2022-04-06_1_274,0,An. demeilloni,N15 H00047,N15 A00047,N15 W00047,NA,NA,NA
N15,may_2022_arm_1,ento_form_2b_female_anopheles_reared_2220,1,5/19/22,NA,1,6/6/22,6/6/22,Complete,Nangili,275,1,N15_2022-05-19_1_275,4,An. gambiae,N15 H00048,N15 A00048,N15 W00048,NA,NA,NA
N16,may_2021_arm_1,ento_form_2b_female_anopheles_reared_2220,1,5/20/21,NA,1,6/23/21,6/23/21,Complete,Nangili,276,1,N16_2021-05-20_1_276,7,An. gambiae,N16 H00007,N16 A00007,N16 W00007,NA,NA,negative
S01,march_2020_arm_1,ento_form_2b_female_anopheles_reared_2220,1,3/11/20,NA,1,4/28/20,4/28/20,Complete,Sitabicha,277,1,S01_2020-03-11_1_277,2,An. funestus,S01 H00098,S01 A00098,S01 W00098,NA,NA,negative
S01,september_2020_arm_1,ento_form_2b_female_anopheles_reared_2220,1,9/9/20,NA,1,9/30/20,9/30/20,Complete,Sitabicha,278,1,S01_2020-09-09_1_278,4,An. gambiae,S01 H00102,S01 A00102,S01 W00102,NA,NA,negative
S01,november_2020_arm_1,ento_form_2b_female_anopheles_reared_2220,1,11/11/20,NA,3,11/30/20,11/30/20,Complete,Sitabicha,279,1,S01_2020-11-11_1_279,7,An. gambiae,S01 H00105,S01 A00105,S01 W00105,NA,NA,negative
S01,november_2020_arm_1,ento_form_2b_female_anopheles_reared_2220,1,11/11/20,NA,3,11/30/20,11/30/20,Complete,Sitabicha,279,2,S01_2020-11-11_2_279,7,An. gambiae,S01 H00106,S01 A00106,S01 W00106,NA,NA,negative
S01,november_2020_arm_1,ento_form_2b_female_anopheles_reared_2220,1,11/11/20,NA,3,11/30/20,11/30/20,Complete,Sitabicha,279,3,S01_2020-11-11_3_279,7,An. gambiae,S01 H00107,S01 A00107,S01 W00107,NA,NA,negative
S01,feburary_2021_arm_1,ento_form_2b_female_anopheles_reared_2220,1,2/10/21,NA,1,3/8/21,3/8/21,Complete,Sitabicha,280,1,S01_2021-02-10_1_280,1,An. gambiae,S01 H00109,S01 A00109,S01 W00109,No hind legs,NA,negative
S01,may_2021_arm_1,ento_form_2b_female_anopheles_reared_2220,1,5/12/21,NA,1,6/18/21,6/18/21,Complete,Sitabicha,281,1,S01_2021-05-12_1_281,4,An. gambiae,S01 H00112,S01 A00112,S01 W00112,NA,NA,negative
S01,june_2021_arm_1,ento_form_2b_female_anopheles_reared_2220,1,6/9/21,NA,2,7/21/21,7/21/21,Complete,Sitabicha,282,1,S01_2021-06-09_1_282,2,An. gambiae,S01 H00119,S01 A00119,S01 W00119,NA,NA,negative
S01,june_2021_arm_1,ento_form_2b_female_anopheles_reared_2220,1,6/9/21,NA,2,7/21/21,7/21/21,Complete,Sitabicha,282,2,S01_2021-06-09_2_282,2,An. gambiae,S01 H00120,S01 A00120,S01 W00120,NA,NA,negative
S02,february_2020_arm_1,ento_form_2b_female_anopheles_reared_2220,1,2/12/20,NA,1,4/23/20,4/23/20,Complete,Sitabicha,283,1,S02_2020-02-12_1_283,7,An. gambiae,S02 H00059,S02 A00059,S02 W00059,NA,NA,negative
S02,june_2020_arm_1,ento_form_2b_female_anopheles_reared_2220,1,6/10/20,NA,2,7/8/20,7/8/20,Complete,Sitabicha,284,1,S02_2020-06-10_1_284,2,An. gambiae,S02 H00061,S02 A00061,S02 W00061,NA,NA,negative
S02,june_2020_arm_1,ento_form_2b_female_anopheles_reared_2220,1,6/10/20,NA,2,7/8/20,7/8/20,Complete,Sitabicha,284,2,S02_2020-06-10_2_284,7,An. gambiae,S02 H00062,S02 A00062,S02 W00062,NA,NA,positive
S02,july_2020_arm_1,ento_form_2b_female_anopheles_reared_2220,1,7/15/20,NA,1,7/27/20,7/27/20,Complete,Sitabicha,285,1,S02_2020-07-15_1_285,7,Undetermined,S02 H00068,S02 A00068,S02 W00068,No palps,NA,negative
S02,august_2020_arm_1,ento_form_2b_female_anopheles_reared_2220,1,8/12/20,NA,1,9/3/20,9/3/20,Complete,Sitabicha,286,1,S02_2020-08-12_1_286,4,An. gambiae,S02 H00070,S02 A00070,S02 W00070,NA,NA,negative
S02,september_2020_arm_1,ento_form_2b_female_anopheles_reared_2220,1,9/9/20,NA,1,9/30/20,9/30/20,Complete,Sitabicha,287,1,S02_2020-09-09_1_287,4,An. gambiae,S02 H00071,S02 A00071,S02 W00071,NA,NA,negative
S02,april_2021_arm_1,ento_form_2b_female_anopheles_reared_2220,1,4/14/21,NA,1,5/7/21,5/7/21,Complete,Sitabicha,288,1,S02_2021-04-14_1_288,7,An. gambiae,S02 H00087,S02 A00087,S02 W00087,NA,NA,NA
S02,may_2021_arm_1,ento_form_2b_female_anopheles_reared_2220,1,5/12/21,NA,4,6/18/21,6/18/21,Complete,Sitabicha,289,1,S02_2021-05-12_1_289,7,An. gambiae,S02 H00119,S02 A00119,S02 W00119,"Processed day 8, head sample lost",NA,negative
S02,may_2021_arm_1,ento_form_2b_female_anopheles_reared_2220,1,5/12/21,NA,4,6/18/21,6/18/21,Complete,Sitabicha,289,2,S02_2021-05-12_2_289,7,An. gambiae,S02 H00120,S02 A00120,S02 W00120,Processed day 8,NA,negative
S02,may_2021_arm_1,ento_form_2b_female_anopheles_reared_2220,1,5/12/21,NA,4,6/18/21,6/18/21,Complete,Sitabicha,289,3,S02_2021-05-12_3_289,7,An. gambiae,S02 H00121,S02 A00121,S02 W00121,Processed day 8,NA,negative
S02,may_2021_arm_1,ento_form_2b_female_anopheles_reared_2220,1,5/12/21,NA,4,6/18/21,6/18/21,Complete,Sitabicha,289,4,S02_2021-05-12_4_289,7,An. gambiae,S02 H00122,S02 A00122,S02 W00122,NA,NA,negative
S02,june_2021_arm_1,ento_form_2b_female_anopheles_reared_2220,1,6/9/21,NA,4,7/21/21,7/21/21,Complete,Sitabicha,290,1,S02_2021-06-09_1_290,7,An. gambiae,S02 H00140,S02 A00140,S02 W00140,NA,NA,negative
S02,june_2021_arm_1,ento_form_2b_female_anopheles_reared_2220,1,6/9/21,NA,4,7/21/21,7/21/21,Complete,Sitabicha,290,2,S02_2021-06-09_2_290,7,An. gambiae,S02 H00141,S02 A00141,S02 W00141,NA,NA,negative
S02,june_2021_arm_1,ento_form_2b_female_anopheles_reared_2220,1,6/9/21,NA,4,7/21/21,7/21/21,Complete,Sitabicha,290,3,S02_2021-06-09_3_290,7,An. gambiae,S02 H00142,S02 A00142,S02 W00142,NA,NA,negative
S02,june_2021_arm_1,ento_form_2b_female_anopheles_reared_2220,1,6/9/21,NA,4,7/21/21,7/21/21,Complete,Sitabicha,290,4,S02_2021-06-09_4_290,7,An. gambiae,S02 H00143,S02 A00143,S02 W00143,NA,NA,NA
S04,june_2020_arm_1,ento_form_2b_female_anopheles_reared_2220,1,6/10/20,NA,1,7/8/20,7/8/20,Complete,Sitabicha,291,1,S04_2020-06-10_1_291,4,An. gambiae,S04 H00069,S04 A00069,S04 W00069,NA,NA,negative
S04,september_2020_arm_1,ento_form_2b_female_anopheles_reared_2220,1,9/9/20,NA,1,9/30/20,9/30/20,Complete,Sitabicha,292,1,S04_2020-09-09_1_292,7,An. gambiae,S04 H00072,S04 A00072,S04 W00072,NA,NA,negative
S04,october_2020_arm_1,ento_form_2b_female_anopheles_reared_2220,1,10/14/20,NA,1,10/29/20,10/29/20,Complete,Sitabicha,293,1,S04_2020-10-14_1_293,1,An. gambiae,S04 H00071,S04 A00071,S04 W00071,NA,NA,negative
S04,feburary_2021_arm_1,ento_form_2b_female_anopheles_reared_2220,1,2/10/21,NA,1,3/8/21,3/8/21,Complete,Sitabicha,294,1,S04_2021-02-10_1_294,7,An. gambiae,S04 H00078,S04 A00078,S04 W00078,NA,NA,positive
S04,april_2021_arm_1,ento_form_2b_female_anopheles_reared_2220,1,4/14/21,NA,1,5/7/21,5/7/21,Complete,Sitabicha,295,1,S04_2021-04-14_1_295,7,An. funestus,S04 H00083,S04 A00083,S04 W00083,NA,NA,NA
S04,may_2021_arm_1,ento_form_2b_female_anopheles_reared_2220,1,5/12/21,NA,3,6/18/21,6/18/21,Complete,Sitabicha,296,1,S04_2021-05-12_1_296,7,An. gambiae,S04 H00089,S04 A00089,S04 W00089,Processed day 8,NA,negative
S04,may_2021_arm_1,ento_form_2b_female_anopheles_reared_2220,1,5/12/21,NA,3,6/18/21,6/18/21,Complete,Sitabicha,296,2,S04_2021-05-12_2_296,7,An. gambiae,S04 H00090,S04 A00090,S04 W00090,Processed day 8,NA,negative
S04,may_2021_arm_1,ento_form_2b_female_anopheles_reared_2220,1,5/12/21,NA,3,6/18/21,6/18/21,Complete,Sitabicha,296,3,S04_2021-05-12_3_296,7,An. gambiae,S04 H00091,S04 A00091,S04 W00091,Processed day 8,NA,negative
S04,june_2021_arm_1,ento_form_2b_female_anopheles_reared_2220,1,6/9/21,NA,10,7/21/21,7/21/21,Complete,Sitabicha,297,1,S04_2021-06-09_1_297,7,An. gambiae,S04 H00127,S04 A00127,S04 W00127,NA,NA,negative
S04,june_2021_arm_1,ento_form_2b_female_anopheles_reared_2220,1,6/9/21,NA,10,7/21/21,7/21/21,Complete,Sitabicha,297,2,S04_2021-06-09_2_297,7,An. gambiae,S04 H00128,S04 A00128,S04 W00128,NA,NA,negative
S04,june_2021_arm_1,ento_form_2b_female_anopheles_reared_2220,1,6/9/21,NA,10,7/21/21,7/21/21,Complete,Sitabicha,297,3,S04_2021-06-09_3_297,7,An. gambiae,S04 H00129,S04 A00129,S04 W00129,NA,NA,negative
S04,june_2021_arm_1,ento_form_2b_female_anopheles_reared_2220,1,6/9/21,NA,10,7/21/21,7/21/21,Complete,Sitabicha,297,4,S04_2021-06-09_4_297,7,An. gambiae,S04 H00130,S04 A00130,S04 W00130,NA,NA,negative
S04,june_2021_arm_1,ento_form_2b_female_anopheles_reared_2220,1,6/9/21,NA,10,7/21/21,7/21/21,Complete,Sitabicha,297,5,S04_2021-06-09_5_297,7,An. gambiae,S04 H00131,S04 A00131,S04 W00131,NA,NA,negative
S04,june_2021_arm_1,ento_form_2b_female_anopheles_reared_2220,1,6/9/21,NA,10,7/21/21,7/21/21,Complete,Sitabicha,297,6,S04_2021-06-09_6_297,7,An. gambiae,S04 H00132,S04 A00132,S04 W00132,NA,NA,negative
S04,june_2021_arm_1,ento_form_2b_female_anopheles_reared_2220,1,6/9/21,NA,10,7/21/21,7/21/21,Complete,Sitabicha,297,7,S04_2021-06-09_7_297,7,An. gambiae,S04 H00133,S04 A00133,S04 W00133,NA,NA,negative
S04,june_2021_arm_1,ento_form_2b_female_anopheles_reared_2220,1,6/9/21,NA,10,7/21/21,7/21/21,Complete,Sitabicha,297,8,S04_2021-06-09_8_297,7,An. gambiae,S04 H00134,S04 A00134,S04 W00134,NA,NA,negative
S04,june_2021_arm_1,ento_form_2b_female_anopheles_reared_2220,1,6/9/21,NA,10,7/21/21,7/21/21,Complete,Sitabicha,297,9,S04_2021-06-09_9_297,7,An. gambiae,S04 H00135,S04 A00135,S04 W00135,NA,NA,negative
S04,june_2021_arm_1,ento_form_2b_female_anopheles_reared_2220,1,6/9/21,NA,10,7/21/21,7/21/21,Complete,Sitabicha,297,10,S04_2021-06-09_10_297,7,An. gambiae,S04 H00136,S04 A00136,S04 W00136,NA,NA,negative
S04,june_2022_arm_1,ento_form_2b_female_anopheles_reared_2220,1,6/8/22,NA,1,7/5/22,7/5/22,Complete,Sitabicha,298,1,S04_2022-06-08_1_298,7,An. gambiae,S04 H00141,S04 A00141,S04 W00141,NA,NA,NA
S05,june_2020_arm_1,ento_form_2b_female_anopheles_reared_2220,1,6/10/20,NA,1,7/8/20,7/8/20,Complete,Sitabicha,299,1,S05_2020-06-10_1_299,7,An. gambiae,S05 H00035,S05 A00035,S05 W00035,NA,NA,negative
S05,october_2020_arm_1,ento_form_2b_female_anopheles_reared_2220,1,10/14/20,NA,1,10/29/20,10/29/20,Complete,Sitabicha,300,1,S05_2020-10-14_1_300,7,Undetermined,S05 H00042,S05 A00042,S05 W00042,Very pale,NA,negative
S05,april_2021_arm_1,ento_form_2b_female_anopheles_reared_2220,1,4/14/21,NA,1,5/7/21,5/7/21,Complete,Sitabicha,301,1,S05_2021-04-14_1_301,2,An. gambiae,S05 H00051,S05 A00051,S05 W00051,NA,NA,negative
S05,may_2021_arm_1,ento_form_2b_female_anopheles_reared_2220,1,5/12/21,NA,1,6/18/21,6/18/21,Complete,Sitabicha,302,1,S05_2021-05-12_1_302,7,An. gambiae,S05 H00062,S05 A00062,S05 W00062,Processed day 8,NA,NA
S05,june_2021_arm_1,ento_form_2b_female_anopheles_reared_2220,1,6/9/21,NA,1,7/21/21,7/21/21,Complete,Sitabicha,303,1,S05_2021-06-09_1_303,7,An. gambiae,S05 H00064,S05 A00064,S05 W00064,NA,NA,NA
S06,march_2020_arm_1,ento_form_2b_female_anopheles_reared_2220,1,3/11/20,NA,1,4/23/20,4/23/20,Complete,Sitabicha,304,1,S06_2020-03-11_1_304,2,An. gambiae,S06 H00039,S06 A00039,S06 W00039,NA,NA,negative
S06,may_2021_arm_1,ento_form_2b_female_anopheles_reared_2220,1,5/12/21,NA,4,6/18/21,6/18/21,Complete,Sitabicha,305,1,S06_2021-05-12_1_305,4,An. gambiae,S06 H00051,S06 A00051,S06 W00051,NA,NA,negative
S06,may_2021_arm_1,ento_form_2b_female_anopheles_reared_2220,1,5/12/21,NA,4,6/18/21,6/18/21,Complete,Sitabicha,305,2,S06_2021-05-12_2_305,4,An. gambiae,S06 H00052,S06 A00052,S06 W00052,NA,NA,negative
S06,may_2021_arm_1,ento_form_2b_female_anopheles_reared_2220,1,5/12/21,NA,4,6/18/21,6/18/21,Complete,Sitabicha,305,3,S06_2021-05-12_3_305,4,An. gambiae,S06 H00053,S06 A00053,S06 W00053,NA,NA,negative
S06,may_2021_arm_1,ento_form_2b_female_anopheles_reared_2220,1,5/12/21,NA,4,6/18/21,6/18/21,Complete,Sitabicha,305,4,S06_2021-05-12_4_305,7,An. gambiae,S06 H00057,S06 A00057,S06 W00057,Processed day 8,NA,positive
S06,june_2021_arm_1,ento_form_2b_female_anopheles_reared_2220,1,6/9/21,NA,1,7/21/21,7/21/21,Complete,Sitabicha,306,1,S06_2021-06-09_1_306,7,An. gambiae,S06 H00060,S06 A00060,S06 W00060,NA,NA,negative
S07,june_2021_arm_1,ento_form_2b_female_anopheles_reared_2220,1,6/9/21,NA,2,7/21/21,7/21/21,Complete,Sitabicha,307,1,S07_2021-06-09_1_307,2,An. gambiae,S07 H00013,S07 A00013,S07 W00013,NA,NA,negative
S07,june_2021_arm_1,ento_form_2b_female_anopheles_reared_2220,1,6/9/21,NA,2,7/21/21,7/21/21,Complete,Sitabicha,307,2,S07_2021-06-09_2_307,7,An. gambiae,S07 H00014,S07 A00014,S07 W00014,NA,NA,negative
S07,september_2022_arm_1,ento_form_2b_female_anopheles_reared_2220,1,9/7/22,NA,1,10/13/22,10/13/22,Complete,Sitabicha,308,1,S07_2022-09-07_1_308,7,An. gambiae,S07 H00017,S07 A00017,S07 W00017,NA,NA,NA
S08,feburary_2021_arm_1,ento_form_2b_female_anopheles_reared_2220,1,2/10/21,NA,1,3/8/21,3/8/21,Complete,Sitabicha,309,1,S08_2021-02-10_1_309,1,An. demeilloni,S08 H00025,S08 A00025,S08 W00025,NA,NA,negative
S08,may_2021_arm_1,ento_form_2b_female_anopheles_reared_2220,1,5/12/21,NA,2,6/18/21,6/18/21,Complete,Sitabicha,310,1,S08_2021-05-12_1_310,7,An. gambiae,S08 H00028,S08 A00028,S08 W00028,Processed day 8,NA,negative
S08,may_2021_arm_1,ento_form_2b_female_anopheles_reared_2220,1,5/12/21,NA,2,6/18/21,6/18/21,Complete,Sitabicha,310,2,S08_2021-05-12_2_310,7,An. gambiae,S08 H00027,S08 A00027,S08 W00027,Processed day 8,NA,NA
S08,june_2021_arm_1,ento_form_2b_female_anopheles_reared_2220,1,6/9/21,NA,5,7/21/21,7/21/21,Complete,Sitabicha,311,1,S08_2021-06-09_1_311,7,An. gambiae,S08 H00037,S08 A00037,S08 W00037,NA,NA,negative
S08,june_2021_arm_1,ento_form_2b_female_anopheles_reared_2220,1,6/9/21,NA,5,7/21/21,7/21/21,Complete,Sitabicha,311,2,S08_2021-06-09_2_311,7,An. funestus,S08 H00038,S08 A00038,S08 W00038,NA,NA,negative
S08,june_2021_arm_1,ento_form_2b_female_anopheles_reared_2220,1,6/9/21,NA,5,7/21/21,7/21/21,Complete,Sitabicha,311,3,S08_2021-06-09_3_311,7,An. gambiae,S08 H00039,S08 A00039,S08 W00039,NA,NA,positive
S08,june_2021_arm_1,ento_form_2b_female_anopheles_reared_2220,1,6/9/21,NA,5,7/21/21,7/21/21,Complete,Sitabicha,311,4,S08_2021-06-09_4_311,7,An. gambiae,S08 H00040,S08 A00040,S08 W00040,NA,NA,negative
S08,june_2021_arm_1,ento_form_2b_female_anopheles_reared_2220,1,6/9/21,NA,5,7/21/21,7/21/21,Complete,Sitabicha,311,5,S08_2021-06-09_5_311,7,An. gambiae,S08 H00041,S08 A00041,S08 W00041,NA,NA,negative
S09,march_2020_arm_1,ento_form_2b_female_anopheles_reared_2220,1,3/11/20,NA,4,4/28/20,4/28/20,Complete,Sitabicha,312,1,S09_2020-03-11_1_312,1,An. gambiae,S09 H00030,S09 A00030,S09 W00030,NA,NA,positive
S09,march_2020_arm_1,ento_form_2b_female_anopheles_reared_2220,1,3/11/20,NA,4,4/28/20,4/28/20,Complete,Sitabicha,312,2,S09_2020-03-11_2_312,1,An. gambiae,S09 H00031,S09 A00031,S09 W00031,NA,NA,negative
S09,march_2020_arm_1,ento_form_2b_female_anopheles_reared_2220,1,3/11/20,NA,4,4/28/20,4/28/20,Complete,Sitabicha,312,3,S09_2020-03-11_3_312,2,An. gambiae,S09 H00032,S09 A00032,S09 W00032,NA,NA,negative
S09,march_2020_arm_1,ento_form_2b_female_anopheles_reared_2220,1,3/11/20,NA,4,4/28/20,4/28/20,Complete,Sitabicha,312,4,S09_2020-03-11_4_312,7,An. gambiae,S09 H00034,S09 A00034,S09 W00034,NA,NA,negative
S09,may_2021_arm_1,ento_form_2b_female_anopheles_reared_2220,1,5/12/21,NA,3,6/18/21,6/18/21,Complete,Sitabicha,313,1,S09_2021-05-12_1_313,7,An. gambiae,S09 H00056,S09 A00056,S09 W00056,Processed day 8,NA,negative
S09,may_2021_arm_1,ento_form_2b_female_anopheles_reared_2220,1,5/12/21,NA,3,6/18/21,6/18/21,Complete,Sitabicha,313,2,S09_2021-05-12_2_313,7,An. gambiae,S09 H00057,S09 A00057,S09 W00057,Processed day 8,NA,positive
S09,may_2021_arm_1,ento_form_2b_female_anopheles_reared_2220,1,5/12/21,NA,3,6/18/21,6/18/21,Complete,Sitabicha,313,3,S09_2021-05-12_3_313,7,An. gambiae,S09 H00058,S09 A00058,S09 W00058,Processed day 8,NA,negative
S09,june_2021_arm_1,ento_form_2b_female_anopheles_reared_2220,1,6/9/21,NA,3,7/21/21,7/21/21,Complete,Sitabicha,314,1,S09_2021-06-09_1_314,7,An. gambiae,S09 H00071,S09 A00071,S09 W00071,NA,NA,positive
S09,june_2021_arm_1,ento_form_2b_female_anopheles_reared_2220,1,6/9/21,NA,3,7/21/21,7/21/21,Complete,Sitabicha,314,2,S09_2021-06-09_2_314,7,An. gambiae,S09 H00072,S09 A00072,S09 W00072,NA,NA,negative
S09,june_2021_arm_1,ento_form_2b_female_anopheles_reared_2220,1,6/9/21,NA,3,7/21/21,7/21/21,Complete,Sitabicha,314,3,S09_2021-06-09_3_314,7,An. gambiae,S09 H00073,S09 A00073,S09 W00073,NA,NA,negative
S10,february_2020_arm_1,ento_form_2b_female_anopheles_reared_2220,1,2/12/20,NA,2,4/23/20,4/23/20,Complete,Sitabicha,315,1,S10_2020-02-12_1_315,7,An. gambiae,S10 H00054,S10 A00054,S10 W00054,NA,NA,negative
S10,february_2020_arm_1,ento_form_2b_female_anopheles_reared_2220,1,2/12/20,NA,2,4/23/20,4/23/20,Complete,Sitabicha,315,2,S10_2020-02-12_2_315,7,An. gambiae,S10 H00055,S10 A00055,S10 W00055,NA,NA,negative
S10,march_2020_arm_1,ento_form_2b_female_anopheles_reared_2220,1,3/11/20,NA,1,4/28/20,4/28/20,Complete,Sitabicha,316,1,S10_2020-03-11_1_316,4,Undetermined,S10 H00034,S10 A00034,S10 W00034,Unclear sample,NA,negative
S10,september_2020_arm_1,ento_form_2b_female_anopheles_reared_2220,1,9/9/20,NA,1,9/30/20,9/30/20,Complete,Sitabicha,317,1,S10_2020-09-09_1_317,7,An. gambiae,S10 H00036,S10 A00036,S10 W00036,NA,NA,negative
S10,november_2020_arm_1,ento_form_2b_female_anopheles_reared_2220,1,11/11/20,NA,1,11/30/20,11/30/20,Complete,Sitabicha,318,1,S10_2020-11-11_1_318,7,An. gambiae,S10 H00058,S10 A00058,S10 W00058,NA,NA,negative
S10,june_2021_arm_1,ento_form_2b_female_anopheles_reared_2220,1,6/9/21,NA,4,7/21/21,7/21/21,Complete,Sitabicha,319,1,S10_2021-06-09_1_319,7,An. gambiae,S10 H00111,S10 A00111,S10 W00111,NA,NA,negative
S10,june_2021_arm_1,ento_form_2b_female_anopheles_reared_2220,1,6/9/21,NA,4,7/21/21,7/21/21,Complete,Sitabicha,319,2,S10_2021-06-09_2_319,7,An. gambiae,S10 H00112,S10 A00112,S10 W00112,NA,NA,negative
S10,june_2021_arm_1,ento_form_2b_female_anopheles_reared_2220,1,6/9/21,NA,4,7/21/21,7/21/21,Complete,Sitabicha,319,3,S10_2021-06-09_3_319,7,An. gambiae,S10 H00113,S10 A00113,S10 W00113,NA,NA,negative
S10,june_2021_arm_1,ento_form_2b_female_anopheles_reared_2220,1,6/9/21,NA,4,7/21/21,7/21/21,Complete,Sitabicha,319,4,S10_2021-06-09_4_319,7,An. gambiae,S10 H00114,S10 A00114,S10 W00114,NA,NA,negative
S10,july_2021_arm_1,ento_form_2b_female_anopheles_reared_2220,1,7/14/21,NA,3,8/16/21,8/16/21,Complete,Sitabicha,320,1,S10_2021-07-14_1_320,1,An. demeilloni,S10 H00119,S10 A00119,S10 W00119,NA,NA,negative
S10,july_2021_arm_1,ento_form_2b_female_anopheles_reared_2220,1,7/14/21,NA,3,8/16/21,8/16/21,Complete,Sitabicha,320,2,S10_2021-07-14_2_320,7,An. gambiae,S10 H00120,S10 A00120,S10 W00120,NA,NA,negative
S10,july_2021_arm_1,ento_form_2b_female_anopheles_reared_2220,1,7/14/21,NA,3,8/16/21,8/16/21,Complete,Sitabicha,320,3,S10_2021-07-14_3_320,7,An. gambiae,S10 H00121,S10 A00121,S10 W00121,NA,NA,negative
S10,august_2021_arm_1,ento_form_2b_female_anopheles_reared_2220,1,8/11/21,NA,1,9/9/21,9/9/21,Complete,Sitabicha,321,1,S10_2021-08-11_1_321,7,An. gambiae,S10 H00123,S10 A00123,S10 W00123,NA,NA,negative
S10,may_2022_arm_1,ento_form_2b_female_anopheles_reared_2220,1,5/11/22,NA,2,6/6/22,6/6/22,Complete,Sitabicha,322,1,S10_2022-05-11_1_322,2,An. gambiae,S10 H00128,S10 A00128,S10 W00128,NA,NA,NA
S10,may_2022_arm_1,ento_form_2b_female_anopheles_reared_2220,1,5/11/22,NA,2,6/6/22,6/6/22,Complete,Sitabicha,322,2,S10_2022-05-11_2_322,7,An. gambiae,S10 H00131,S10 A00131,S10 W00131,NA,NA,NA
S10,september_2022_arm_1,ento_form_2b_female_anopheles_reared_2220,1,9/7/22,NA,1,10/13/22,10/13/22,Complete,Sitabicha,323,1,S10_2022-09-07_1_323,7,An. funestus,S10 H00134,S10 A00134,S10 W00134,NA,NA,NA
S10,september_2022_arm_1,ento_form_2b_female_anopheles_reared_2220,2,9/7/22,NA,1,10/13/22,10/13/22,Complete,Sitabicha,324,1,S10_2022-09-07_1_324,1,An. demeilloni,S10 H00133,S10 A00133,S10 W00133,NA,NA,NA
S11,february_2020_arm_1,ento_form_2b_female_anopheles_reared_2220,1,2/12/20,NA,1,4/23/20,4/23/20,Complete,Sitabicha,325,1,S11_2020-02-12_1_325,7,An. funestus,S11 H00025,S11 A00025,S11 W00025,NA,NA,negative
S11,june_2020_arm_1,ento_form_2b_female_anopheles_reared_2220,1,6/10/20,NA,2,7/8/20,7/8/20,Complete,Sitabicha,326,1,S11_2020-06-10_1_326,1,An. gambiae,S11 H00026,S11 A00026,S11 W00026,NA,NA,negative
S11,june_2020_arm_1,ento_form_2b_female_anopheles_reared_2220,1,6/10/20,NA,2,7/8/20,7/8/20,Complete,Sitabicha,326,2,S11_2020-06-10_2_326,2,An. gambiae,S11 H00027,S11 A00027,S11 W00027,NA,NA,negative
S11,july_2021_arm_1,ento_form_2b_female_anopheles_reared_2220,1,7/14/21,NA,1,8/16/21,8/16/21,Complete,Sitabicha,327,1,S11_2021-07-14_1_327,7,An. gambiae,S11 H00035,S11 A00035,S11 W00035,NA,NA,negative
S11,june_2022_arm_1,ento_form_2b_female_anopheles_reared_2220,1,6/8/22,NA,1,7/5/22,7/5/22,Complete,Sitabicha,328,1,S11_2022-06-08_1_328,7,An. gambiae,S11 H00038,S11 A00038,S11 W00038,NA,NA,NA
S11,august_2022_arm_1,ento_form_2b_female_anopheles_reared_2220,1,8/17/22,NA,1,8/30/22,8/30/22,Complete,Sitabicha,329,1,S11_2022-08-17_1_329,4,An. demeilloni,S11 H00052,S11 A00052,S11 W00052,NA,NA,NA
S13,june_2020_arm_1,ento_form_2b_female_anopheles_reared_2220,1,6/10/20,NA,1,7/8/20,7/8/20,Complete,Sitabicha,330,1,S13_2020-06-10_1_330,4,An. gambiae,S13 H00017,S13 A00017,S13 W00017,NA,NA,negative
S13,november_2020_arm_1,ento_form_2b_female_anopheles_reared_2220,1,11/11/20,NA,1,11/30/20,11/30/20,Complete,Sitabicha,331,1,S13_2020-11-11_1_331,7,An. gambiae,S13 H00019,S13 A00019,S13 W00019,Palps broken,NA,negative
S13,june_2021_arm_1,ento_form_2b_female_anopheles_reared_2220,1,6/9/21,NA,1,7/21/21,7/21/21,Complete,Sitabicha,332,1,S13_2021-06-09_1_332,7,An. gambiae,S13 H00027,S13 A00027,S13 W00027,NA,NA,negative
S14,march_2020_arm_1,ento_form_2b_female_anopheles_reared_2220,1,3/11/20,NA,2,4/28/20,4/28/20,Complete,Sitabicha,333,1,S14_2020-03-11_1_333,1,An. funestus,S14 H00004,S14 A00004,S14 W00004,NA,NA,positive
S14,march_2020_arm_1,ento_form_2b_female_anopheles_reared_2220,1,3/11/20,NA,2,4/28/20,4/28/20,Complete,Sitabicha,333,2,S14_2020-03-11_2_333,6,Undetermined,S14 H00005,S14 A00005,S14 W00005,Unclear mosquito,NA,negative
S14,february_2020_arm_1,ento_form_2b_female_anopheles_reared_2220,1,2/12/20,NA,1,4/28/20,4/28/20,Complete,Sitabicha,334,1,S14_2020-02-12_1_334,2,An. gambiae,S14 H00002,S14 A00002,S14 W00002,NA,NA,negative
S14,july_2020_arm_1,ento_form_2b_female_anopheles_reared_2220,1,7/15/20,NA,1,7/27/20,7/27/20,Complete,Sitabicha,335,1,S14_2020-07-15_1_335,4,An. gambiae,S14 H00012,S14 A00012,S14 W00012,NA,NA,negative
S14,august_2020_arm_1,ento_form_2b_female_anopheles_reared_2220,1,8/12/20,NA,1,9/3/20,9/3/20,Complete,Sitabicha,336,1,S14_2020-08-12_1_336,6,Undetermined,S14 H00013,S14 A00013,S14 W00013,Very pale sample,NA,negative
S14,may_2021_arm_1,ento_form_2b_female_anopheles_reared_2220,1,5/12/21,NA,5,6/18/21,6/18/21,Complete,Sitabicha,337,1,S14_2021-05-12_1_337,7,An. gambiae,S14 H00052,S14 A00052,S14 W00052,Processed day 8,NA,negative
S14,may_2021_arm_1,ento_form_2b_female_anopheles_reared_2220,1,5/12/21,NA,5,6/18/21,6/18/21,Complete,Sitabicha,337,2,S14_2021-05-12_2_337,7,An. gambiae,S14 H00053,S14 A00053,S14 W00053,Processed day 8,NA,negative
S14,may_2021_arm_1,ento_form_2b_female_anopheles_reared_2220,1,5/12/21,NA,5,6/18/21,6/18/21,Complete,Sitabicha,337,3,S14_2021-05-12_3_337,7,An. gambiae,S14 H00054,S14 A00054,S14 W00054,Processed day 8,NA,negative
S14,may_2021_arm_1,ento_form_2b_female_anopheles_reared_2220,1,5/12/21,NA,5,6/18/21,6/18/21,Complete,Sitabicha,337,4,S14_2021-05-12_4_337,7,An. gambiae,S14 H00055,S14 A00055,S14 W00055,Processed day 8,NA,negative
S14,may_2021_arm_1,ento_form_2b_female_anopheles_reared_2220,1,5/12/21,NA,5,6/18/21,6/18/21,Complete,Sitabicha,337,5,S14_2021-05-12_5_337,7,An. gambiae,S14 H00056,S14 A00056,S14 W00056,Processed day 8,NA,negative
S14,june_2021_arm_1,ento_form_2b_female_anopheles_reared_2220,1,6/9/21,NA,7,7/21/21,7/21/21,Complete,Sitabicha,338,1,S14_2021-06-09_1_338,2,An. gambiae,S14 H00071,S14 A00071,S14 W00071,NA,NA,negative
S14,june_2021_arm_1,ento_form_2b_female_anopheles_reared_2220,1,6/9/21,NA,7,7/21/21,7/21/21,Complete,Sitabicha,338,2,S14_2021-06-09_2_338,7,An. gambiae,S14 H00077,S14 A00077,S14 W00077,NA,NA,positive
S14,june_2021_arm_1,ento_form_2b_female_anopheles_reared_2220,1,6/9/21,NA,7,7/21/21,7/21/21,Complete,Sitabicha,338,3,S14_2021-06-09_3_338,7,An. gambiae,S14 H00078,S14 A00078,S14 W00078,NA,NA,negative
S14,june_2021_arm_1,ento_form_2b_female_anopheles_reared_2220,1,6/9/21,NA,7,7/21/21,7/21/21,Complete,Sitabicha,338,4,S14_2021-06-09_4_338,7,An. gambiae,S14 H00079,S14 A00079,S14 W00079,NA,NA,negative
S14,june_2021_arm_1,ento_form_2b_female_anopheles_reared_2220,1,6/9/21,NA,7,7/21/21,7/21/21,Complete,Sitabicha,338,5,S14_2021-06-09_5_338,7,An. gambiae,S14 H00080,S14 A00080,S14 W00080,NA,NA,positive
S14,june_2021_arm_1,ento_form_2b_female_anopheles_reared_2220,1,6/9/21,NA,7,7/21/21,7/21/21,Complete,Sitabicha,338,6,S14_2021-06-09_6_338,7,An. gambiae,S14 H00081,S14 A00081,S14 W00081,NA,NA,negative
S14,june_2021_arm_1,ento_form_2b_female_anopheles_reared_2220,1,6/9/21,NA,7,7/21/21,7/21/21,Complete,Sitabicha,338,7,S14_2021-06-09_7_338,7,An. gambiae,S14 H00082,S14 A00082,S14 W00082,NA,NA,negative
S16,march_2020_arm_1,ento_form_2b_female_anopheles_reared_2220,1,3/11/20,NA,1,4/28/20,4/28/20,Complete,Sitabicha,339,1,S16_2020-03-11_1_339,2,An. funestus,S16 H00004,S16 A00004,S16 W00004,palps not clear,NA,positive
S16,may_2021_arm_1,ento_form_2b_female_anopheles_reared_2220,1,5/12/21,NA,6,6/18/21,6/18/21,Complete,Sitabicha,340,1,S16_2021-05-12_1_340,7,An. gambiae,S16 H00021,S16 A00021,S16 W00021,Processed day 8,NA,negative
S16,may_2021_arm_1,ento_form_2b_female_anopheles_reared_2220,1,5/12/21,NA,6,6/18/21,6/18/21,Complete,Sitabicha,340,2,S16_2021-05-12_2_340,7,An. gambiae,S16 H00022,S16 A00022,S16 W00022,Processed day 8,NA,negative
S16,may_2021_arm_1,ento_form_2b_female_anopheles_reared_2220,1,5/12/21,NA,6,6/18/21,6/18/21,Complete,Sitabicha,340,3,S16_2021-05-12_3_340,7,An. gambiae,S16 H00023,S16 A00023,S16 W00023,"Processed day 8, one wing missing",NA,negative
S16,may_2021_arm_1,ento_form_2b_female_anopheles_reared_2220,1,5/12/21,NA,6,6/18/21,6/18/21,Complete,Sitabicha,340,4,S16_2021-05-12_4_340,7,An. gambiae,S16 H00024,S16 A00024,S16 W00024,Processed day 8,NA,negative
S16,may_2021_arm_1,ento_form_2b_female_anopheles_reared_2220,1,5/12/21,NA,6,6/18/21,6/18/21,Complete,Sitabicha,340,5,S16_2021-05-12_5_340,7,An. gambiae,S16 H00025,S16 A00025,S16 W00025,Processed day 8,NA,negative
S16,may_2021_arm_1,ento_form_2b_female_anopheles_reared_2220,1,5/12/21,NA,6,6/18/21,6/18/21,Complete,Sitabicha,340,6,S16_2021-05-12_6_340,7,An. gambiae,S16 H00026,S16 A00026,S16 W00026,Processed day 8,NA,negative